dataset,k,seed,image_idx,c_ab,overlap,success
mnist_proj,2,200,0,0.7041,1.0000,1
mnist_proj,2,200,1,0.7041,1.0000,1
random_proj,2,200,0,0.0306,1.0000,1
random_proj,2,200,1,0.0306,1.0000,1
mnist_proj,2,201,0,0.7041,1.0000,1
mnist_proj,2,201,1,0.7041,1.0000,1
random_proj,2,201,0,-0.0026,1.0000,1
random_proj,2,201,1,-0.0026,1.0000,1
mnist_proj,2,202,0,0.7041,1.0000,1
mnist_proj,2,202,1,0.7041,1.0000,1
random_proj,2,202,0,0.0230,1.0000,1
random_proj,2,202,1,0.0230,1.0000,1
mnist_proj,2,203,0,0.7041,1.0000,1
mnist_proj,2,203,1,0.7041,1.0000,1
random_proj,2,203,0,-0.0128,1.0000,1
random_proj,2,203,1,-0.0128,1.0000,1
mnist_proj,2,204,0,0.7041,1.0000,1
mnist_proj,2,204,1,0.7041,1.0000,1
random_proj,2,204,0,0.0485,1.0000,1
random_proj,2,204,1,0.0485,1.0000,1
mnist_proj,2,205,0,0.7041,1.0000,1
mnist_proj,2,205,1,0.7041,1.0000,1
random_proj,2,205,0,-0.0153,1.0000,1
random_proj,2,205,1,-0.0153,1.0000,1
mnist_proj,2,206,0,0.7041,1.0000,1
mnist_proj,2,206,1,0.7041,1.0000,1
random_proj,2,206,0,-0.0102,1.0000,1
random_proj,2,206,1,-0.0102,1.0000,1
mnist_proj,2,207,0,0.7041,1.0000,1
mnist_proj,2,207,1,0.7041,1.0000,1
random_proj,2,207,0,-0.0587,1.0000,1
random_proj,2,207,1,-0.0587,1.0000,1
mnist_proj,2,208,0,0.7041,1.0000,1
mnist_proj,2,208,1,0.7041,1.0000,1
random_proj,2,208,0,-0.0561,1.0000,1
random_proj,2,208,1,-0.0561,1.0000,1
mnist_proj,2,209,0,0.7041,1.0000,1
mnist_proj,2,209,1,0.7041,1.0000,1
random_proj,2,209,0,0.0663,1.0000,1
random_proj,2,209,1,0.0663,1.0000,1
mnist_proj,5,500,0,0.6480,1.0000,1
mnist_proj,5,500,1,0.6480,1.0000,1
mnist_proj,5,500,2,0.6480,1.0000,1
mnist_proj,5,500,3,0.6480,1.0000,1
mnist_proj,5,500,4,0.6480,1.0000,1
random_proj,5,500,0,-0.0051,1.0000,1
random_proj,5,500,1,-0.0051,1.0000,1
random_proj,5,500,2,-0.0051,1.0000,1
random_proj,5,500,3,-0.0051,1.0000,1
random_proj,5,500,4,-0.0051,1.0000,1
mnist_proj,5,501,0,0.6480,1.0000,1
mnist_proj,5,501,1,0.6480,1.0000,1
mnist_proj,5,501,2,0.6480,1.0000,1
mnist_proj,5,501,3,0.6480,1.0000,1
mnist_proj,5,501,4,0.6480,1.0000,1
random_proj,5,501,0,0.0077,1.0000,1
random_proj,5,501,1,0.0077,1.0000,1
random_proj,5,501,2,0.0077,1.0000,1
random_proj,5,501,3,0.0077,1.0000,1
random_proj,5,501,4,0.0077,1.0000,1
mnist_proj,5,502,0,0.6480,1.0000,1
mnist_proj,5,502,1,0.6480,1.0000,1
mnist_proj,5,502,2,0.6480,1.0000,1
mnist_proj,5,502,3,0.6480,1.0000,1
mnist_proj,5,502,4,0.6480,1.0000,1
random_proj,5,502,0,-0.0097,1.0000,1
random_proj,5,502,1,-0.0097,1.0000,1
random_proj,5,502,2,-0.0097,1.0000,1
random_proj,5,502,3,-0.0097,1.0000,1
random_proj,5,502,4,-0.0097,1.0000,1
mnist_proj,5,503,0,0.6480,1.0000,1
mnist_proj,5,503,1,0.6480,1.0000,1
mnist_proj,5,503,2,0.6480,1.0000,1
mnist_proj,5,503,3,0.6480,1.0000,1
mnist_proj,5,503,4,0.6480,1.0000,1
random_proj,5,503,0,-0.0031,1.0000,1
random_proj,5,503,1,-0.0031,1.0000,1
random_proj,5,503,2,-0.0031,1.0000,1
random_proj,5,503,3,-0.0031,1.0000,1
random_proj,5,503,4,-0.0031,1.0000,1
mnist_proj,5,504,0,0.6480,1.0000,1
mnist_proj,5,504,1,0.6480,1.0000,1
mnist_proj,5,504,2,0.6480,1.0000,1
mnist_proj,5,504,3,0.6480,1.0000,1
mnist_proj,5,504,4,0.6480,1.0000,1
random_proj,5,504,0,0.0107,1.0000,1
random_proj,5,504,1,0.0107,1.0000,1
random_proj,5,504,2,0.0107,1.0000,1
random_proj,5,504,3,0.0107,1.0000,1
random_proj,5,504,4,0.0107,1.0000,1
mnist_proj,5,505,0,0.6480,1.0000,1
mnist_proj,5,505,1,0.6480,1.0000,1
mnist_proj,5,505,2,0.6480,1.0000,1
mnist_proj,5,505,3,0.6480,1.0000,1
mnist_proj,5,505,4,0.6480,1.0000,1
random_proj,5,505,0,-0.0061,1.0000,1
random_proj,5,505,1,-0.0061,1.0000,1
random_proj,5,505,2,-0.0061,1.0000,1
random_proj,5,505,3,-0.0061,1.0000,1
random_proj,5,505,4,-0.0061,1.0000,1
mnist_proj,5,506,0,0.6480,1.0000,1
mnist_proj,5,506,1,0.6480,1.0000,1
mnist_proj,5,506,2,0.6480,1.0000,1
mnist_proj,5,506,3,0.6480,1.0000,1
mnist_proj,5,506,4,0.6480,1.0000,1
random_proj,5,506,0,-0.0026,1.0000,1
random_proj,5,506,1,-0.0026,1.0000,1
random_proj,5,506,2,-0.0026,1.0000,1
random_proj,5,506,3,-0.0026,1.0000,1
random_proj,5,506,4,-0.0026,1.0000,1
mnist_proj,5,507,0,0.6480,1.0000,1
mnist_proj,5,507,1,0.6480,1.0000,1
mnist_proj,5,507,2,0.6480,1.0000,1
mnist_proj,5,507,3,0.6480,1.0000,1
mnist_proj,5,507,4,0.6480,1.0000,1
random_proj,5,507,0,-0.0133,1.0000,1
random_proj,5,507,1,-0.0133,1.0000,1
random_proj,5,507,2,-0.0133,1.0000,1
random_proj,5,507,3,-0.0133,1.0000,1
random_proj,5,507,4,-0.0133,1.0000,1
mnist_proj,5,508,0,0.6480,1.0000,1
mnist_proj,5,508,1,0.6480,1.0000,1
mnist_proj,5,508,2,0.6480,1.0000,1
mnist_proj,5,508,3,0.6480,1.0000,1
mnist_proj,5,508,4,0.6480,1.0000,1
random_proj,5,508,0,0.0102,1.0000,1
random_proj,5,508,1,0.0102,1.0000,1
random_proj,5,508,2,0.0102,1.0000,1
random_proj,5,508,3,0.0102,1.0000,1
random_proj,5,508,4,0.0102,1.0000,1
mnist_proj,5,509,0,0.6480,1.0000,1
mnist_proj,5,509,1,0.6480,1.0000,1
mnist_proj,5,509,2,0.6480,1.0000,1
mnist_proj,5,509,3,0.6480,1.0000,1
mnist_proj,5,509,4,0.6480,1.0000,1
random_proj,5,509,0,-0.0199,1.0000,1
random_proj,5,509,1,-0.0199,1.0000,1
random_proj,5,509,2,-0.0199,1.0000,1
random_proj,5,509,3,-0.0199,1.0000,1
random_proj,5,509,4,-0.0199,1.0000,1
mnist_proj,10,1000,0,0.6820,1.0000,1
mnist_proj,10,1000,1,0.6820,1.0000,1
mnist_proj,10,1000,2,0.6820,1.0000,1
mnist_proj,10,1000,3,0.6820,1.0000,1
mnist_proj,10,1000,4,0.6820,1.0000,1
mnist_proj,10,1000,5,0.6820,1.0000,1
mnist_proj,10,1000,6,0.6820,1.0000,1
mnist_proj,10,1000,7,0.6820,1.0000,1
mnist_proj,10,1000,8,0.6820,1.0000,1
mnist_proj,10,1000,9,0.6820,1.0000,1
random_proj,10,1000,0,0.0058,1.0000,1
random_proj,10,1000,1,0.0058,1.0000,1
random_proj,10,1000,2,0.0058,1.0000,1
random_proj,10,1000,3,0.0058,1.0000,1
random_proj,10,1000,4,0.0058,1.0000,1
random_proj,10,1000,5,0.0058,1.0000,1
random_proj,10,1000,6,0.0058,1.0000,1
random_proj,10,1000,7,0.0058,1.0000,1
random_proj,10,1000,8,0.0058,1.0000,1
random_proj,10,1000,9,0.0058,1.0000,1
mnist_proj,10,1001,0,0.6820,1.0000,1
mnist_proj,10,1001,1,0.6820,1.0000,1
mnist_proj,10,1001,2,0.6820,1.0000,1
mnist_proj,10,1001,3,0.6820,1.0000,1
mnist_proj,10,1001,4,0.6820,1.0000,1
mnist_proj,10,1001,5,0.6820,1.0000,1
mnist_proj,10,1001,6,0.6820,1.0000,1
mnist_proj,10,1001,7,0.6820,1.0000,1
mnist_proj,10,1001,8,0.6820,1.0000,1
mnist_proj,10,1001,9,0.6820,1.0000,1
random_proj,10,1001,0,-0.0011,1.0000,1
random_proj,10,1001,1,-0.0011,1.0000,1
random_proj,10,1001,2,-0.0011,1.0000,1
random_proj,10,1001,3,-0.0011,1.0000,1
random_proj,10,1001,4,-0.0011,1.0000,1
random_proj,10,1001,5,-0.0011,1.0000,1
random_proj,10,1001,6,-0.0011,1.0000,1
random_proj,10,1001,7,-0.0011,1.0000,1
random_proj,10,1001,8,-0.0011,1.0000,1
random_proj,10,1001,9,-0.0011,1.0000,1
mnist_proj,10,1002,0,0.6820,1.0000,1
mnist_proj,10,1002,1,0.6820,1.0000,1
mnist_proj,10,1002,2,0.6820,1.0000,1
mnist_proj,10,1002,3,0.6820,1.0000,1
mnist_proj,10,1002,4,0.6820,1.0000,1
mnist_proj,10,1002,5,0.6820,1.0000,1
mnist_proj,10,1002,6,0.6820,1.0000,1
mnist_proj,10,1002,7,0.6820,1.0000,1
mnist_proj,10,1002,8,0.6820,1.0000,1
mnist_proj,10,1002,9,0.6820,1.0000,1
random_proj,10,1002,0,0.0018,1.0000,1
random_proj,10,1002,1,0.0018,1.0000,1
random_proj,10,1002,2,0.0018,1.0000,1
random_proj,10,1002,3,0.0018,1.0000,1
random_proj,10,1002,4,0.0018,1.0000,1
random_proj,10,1002,5,0.0018,1.0000,1
random_proj,10,1002,6,0.0018,1.0000,1
random_proj,10,1002,7,0.0018,1.0000,1
random_proj,10,1002,8,0.0018,1.0000,1
random_proj,10,1002,9,0.0018,1.0000,1
mnist_proj,10,1003,0,0.6820,1.0000,1
mnist_proj,10,1003,1,0.6820,1.0000,1
mnist_proj,10,1003,2,0.6820,1.0000,1
mnist_proj,10,1003,3,0.6820,1.0000,1
mnist_proj,10,1003,4,0.6820,1.0000,1
mnist_proj,10,1003,5,0.6820,1.0000,1
mnist_proj,10,1003,6,0.6820,1.0000,1
mnist_proj,10,1003,7,0.6820,1.0000,1
mnist_proj,10,1003,8,0.6820,1.0000,1
mnist_proj,10,1003,9,0.6820,1.0000,1
random_proj,10,1003,0,0.0036,1.0000,1
random_proj,10,1003,1,0.0036,1.0000,1
random_proj,10,1003,2,0.0036,1.0000,1
random_proj,10,1003,3,0.0036,1.0000,1
random_proj,10,1003,4,0.0036,1.0000,1
random_proj,10,1003,5,0.0036,1.0000,1
random_proj,10,1003,6,0.0036,1.0000,1
random_proj,10,1003,7,0.0036,1.0000,1
random_proj,10,1003,8,0.0036,1.0000,1
random_proj,10,1003,9,0.0036,1.0000,1
mnist_proj,10,1004,0,0.6820,1.0000,1
mnist_proj,10,1004,1,0.6820,1.0000,1
mnist_proj,10,1004,2,0.6820,1.0000,1
mnist_proj,10,1004,3,0.6820,1.0000,1
mnist_proj,10,1004,4,0.6820,1.0000,1
mnist_proj,10,1004,5,0.6820,1.0000,1
mnist_proj,10,1004,6,0.6820,1.0000,1
mnist_proj,10,1004,7,0.6820,1.0000,1
mnist_proj,10,1004,8,0.6820,1.0000,1
mnist_proj,10,1004,9,0.6820,1.0000,1
random_proj,10,1004,0,-0.0027,1.0000,1
random_proj,10,1004,1,-0.0027,1.0000,1
random_proj,10,1004,2,-0.0027,1.0000,1
random_proj,10,1004,3,-0.0027,1.0000,1
random_proj,10,1004,4,-0.0027,1.0000,1
random_proj,10,1004,5,-0.0027,1.0000,1
random_proj,10,1004,6,-0.0027,1.0000,1
random_proj,10,1004,7,-0.0027,1.0000,1
random_proj,10,1004,8,-0.0027,1.0000,1
random_proj,10,1004,9,-0.0027,1.0000,1
mnist_proj,10,1005,0,0.6820,1.0000,1
mnist_proj,10,1005,1,0.6820,1.0000,1
mnist_proj,10,1005,2,0.6820,1.0000,1
mnist_proj,10,1005,3,0.6820,1.0000,1
mnist_proj,10,1005,4,0.6820,1.0000,1
mnist_proj,10,1005,5,0.6820,1.0000,1
mnist_proj,10,1005,6,0.6820,1.0000,1
mnist_proj,10,1005,7,0.6820,1.0000,1
mnist_proj,10,1005,8,0.6820,1.0000,1
mnist_proj,10,1005,9,0.6820,1.0000,1
random_proj,10,1005,0,-0.0026,1.0000,1
random_proj,10,1005,1,-0.0026,1.0000,1
random_proj,10,1005,2,-0.0026,1.0000,1
random_proj,10,1005,3,-0.0026,1.0000,1
random_proj,10,1005,4,-0.0026,1.0000,1
random_proj,10,1005,5,-0.0026,1.0000,1
random_proj,10,1005,6,-0.0026,1.0000,1
random_proj,10,1005,7,-0.0026,1.0000,1
random_proj,10,1005,8,-0.0026,1.0000,1
random_proj,10,1005,9,-0.0026,1.0000,1
mnist_proj,10,1006,0,0.6820,1.0000,1
mnist_proj,10,1006,1,0.6820,1.0000,1
mnist_proj,10,1006,2,0.6820,1.0000,1
mnist_proj,10,1006,3,0.6820,1.0000,1
mnist_proj,10,1006,4,0.6820,1.0000,1
mnist_proj,10,1006,5,0.6820,1.0000,1
mnist_proj,10,1006,6,0.6820,1.0000,1
mnist_proj,10,1006,7,0.6820,1.0000,1
mnist_proj,10,1006,8,0.6820,1.0000,1
mnist_proj,10,1006,9,0.6820,1.0000,1
random_proj,10,1006,0,-0.0002,1.0000,1
random_proj,10,1006,1,-0.0002,1.0000,1
random_proj,10,1006,2,-0.0002,1.0000,1
random_proj,10,1006,3,-0.0002,1.0000,1
random_proj,10,1006,4,-0.0002,1.0000,1
random_proj,10,1006,5,-0.0002,1.0000,1
random_proj,10,1006,6,-0.0002,1.0000,1
random_proj,10,1006,7,-0.0002,1.0000,1
random_proj,10,1006,8,-0.0002,1.0000,1
random_proj,10,1006,9,-0.0002,1.0000,1
mnist_proj,10,1007,0,0.6820,1.0000,1
mnist_proj,10,1007,1,0.6820,1.0000,1
mnist_proj,10,1007,2,0.6820,1.0000,1
mnist_proj,10,1007,3,0.6820,1.0000,1
mnist_proj,10,1007,4,0.6820,1.0000,1
mnist_proj,10,1007,5,0.6820,1.0000,1
mnist_proj,10,1007,6,0.6820,1.0000,1
mnist_proj,10,1007,7,0.6820,1.0000,1
mnist_proj,10,1007,8,0.6820,1.0000,1
mnist_proj,10,1007,9,0.6820,1.0000,1
random_proj,10,1007,0,-0.0061,1.0000,1
random_proj,10,1007,1,-0.0061,1.0000,1
random_proj,10,1007,2,-0.0061,1.0000,1
random_proj,10,1007,3,-0.0061,1.0000,1
random_proj,10,1007,4,-0.0061,1.0000,1
random_proj,10,1007,5,-0.0061,1.0000,1
random_proj,10,1007,6,-0.0061,1.0000,1
random_proj,10,1007,7,-0.0061,1.0000,1
random_proj,10,1007,8,-0.0061,1.0000,1
random_proj,10,1007,9,-0.0061,1.0000,1
mnist_proj,10,1008,0,0.6820,1.0000,1
mnist_proj,10,1008,1,0.6820,1.0000,1
mnist_proj,10,1008,2,0.6820,1.0000,1
mnist_proj,10,1008,3,0.6820,1.0000,1
mnist_proj,10,1008,4,0.6820,1.0000,1
mnist_proj,10,1008,5,0.6820,1.0000,1
mnist_proj,10,1008,6,0.6820,1.0000,1
mnist_proj,10,1008,7,0.6820,1.0000,1
mnist_proj,10,1008,8,0.6820,1.0000,1
mnist_proj,10,1008,9,0.6820,1.0000,1
random_proj,10,1008,0,0.0015,1.0000,1
random_proj,10,1008,1,0.0015,1.0000,1
random_proj,10,1008,2,0.0015,1.0000,1
random_proj,10,1008,3,0.0015,1.0000,1
random_proj,10,1008,4,0.0015,1.0000,1
random_proj,10,1008,5,0.0015,1.0000,1
random_proj,10,1008,6,0.0015,1.0000,1
random_proj,10,1008,7,0.0015,1.0000,1
random_proj,10,1008,8,0.0015,1.0000,1
random_proj,10,1008,9,0.0015,1.0000,1
mnist_proj,10,1009,0,0.6820,1.0000,1
mnist_proj,10,1009,1,0.6820,1.0000,1
mnist_proj,10,1009,2,0.6820,1.0000,1
mnist_proj,10,1009,3,0.6820,1.0000,1
mnist_proj,10,1009,4,0.6820,1.0000,1
mnist_proj,10,1009,5,0.6820,1.0000,1
mnist_proj,10,1009,6,0.6820,1.0000,1
mnist_proj,10,1009,7,0.6820,1.0000,1
mnist_proj,10,1009,8,0.6820,1.0000,1
mnist_proj,10,1009,9,0.6820,1.0000,1
random_proj,10,1009,0,0.0021,1.0000,1
random_proj,10,1009,1,0.0021,1.0000,1
random_proj,10,1009,2,0.0021,1.0000,1
random_proj,10,1009,3,0.0021,1.0000,1
random_proj,10,1009,4,0.0021,1.0000,1
random_proj,10,1009,5,0.0021,1.0000,1
random_proj,10,1009,6,0.0021,1.0000,1
random_proj,10,1009,7,0.0021,1.0000,1
random_proj,10,1009,8,0.0021,1.0000,1
random_proj,10,1009,9,0.0021,1.0000,1
mnist_proj,20,2000,0,0.6885,1.0000,1
mnist_proj,20,2000,1,0.6885,1.0000,1
mnist_proj,20,2000,2,0.6885,1.0000,1
mnist_proj,20,2000,3,0.6885,1.0000,1
mnist_proj,20,2000,4,0.6885,1.0000,1
mnist_proj,20,2000,5,0.6885,1.0000,1
mnist_proj,20,2000,6,0.6885,1.0000,1
mnist_proj,20,2000,7,0.6885,1.0000,1
mnist_proj,20,2000,8,0.6885,1.0000,1
mnist_proj,20,2000,9,0.6885,1.0000,1
mnist_proj,20,2000,10,0.6885,1.0000,1
mnist_proj,20,2000,11,0.6885,1.0000,1
mnist_proj,20,2000,12,0.6885,1.0000,1
mnist_proj,20,2000,13,0.6885,1.0000,1
mnist_proj,20,2000,14,0.6885,1.0000,1
mnist_proj,20,2000,15,0.6885,1.0000,1
mnist_proj,20,2000,16,0.6885,1.0000,1
mnist_proj,20,2000,17,0.6885,1.0000,1
mnist_proj,20,2000,18,0.6885,1.0000,1
mnist_proj,20,2000,19,0.6885,1.0000,1
random_proj,20,2000,0,0.0024,1.0000,1
random_proj,20,2000,1,0.0024,1.0000,1
random_proj,20,2000,2,0.0024,1.0000,1
random_proj,20,2000,3,0.0024,1.0000,1
random_proj,20,2000,4,0.0024,1.0000,1
random_proj,20,2000,5,0.0024,1.0000,1
random_proj,20,2000,6,0.0024,1.0000,1
random_proj,20,2000,7,0.0024,1.0000,1
random_proj,20,2000,8,0.0024,1.0000,1
random_proj,20,2000,9,0.0024,1.0000,1
random_proj,20,2000,10,0.0024,1.0000,1
random_proj,20,2000,11,0.0024,1.0000,1
random_proj,20,2000,12,0.0024,1.0000,1
random_proj,20,2000,13,0.0024,1.0000,1
random_proj,20,2000,14,0.0024,1.0000,1
random_proj,20,2000,15,0.0024,1.0000,1
random_proj,20,2000,16,0.0024,1.0000,1
random_proj,20,2000,17,0.0024,1.0000,1
random_proj,20,2000,18,0.0024,1.0000,1
random_proj,20,2000,19,0.0024,1.0000,1
mnist_proj,20,2001,0,0.6885,1.0000,1
mnist_proj,20,2001,1,0.6885,1.0000,1
mnist_proj,20,2001,2,0.6885,1.0000,1
mnist_proj,20,2001,3,0.6885,1.0000,1
mnist_proj,20,2001,4,0.6885,1.0000,1
mnist_proj,20,2001,5,0.6885,1.0000,1
mnist_proj,20,2001,6,0.6885,1.0000,1
mnist_proj,20,2001,7,0.6885,1.0000,1
mnist_proj,20,2001,8,0.6885,1.0000,1
mnist_proj,20,2001,9,0.6885,1.0000,1
mnist_proj,20,2001,10,0.6885,1.0000,1
mnist_proj,20,2001,11,0.6885,1.0000,1
mnist_proj,20,2001,12,0.6885,1.0000,1
mnist_proj,20,2001,13,0.6885,1.0000,1
mnist_proj,20,2001,14,0.6885,1.0000,1
mnist_proj,20,2001,15,0.6885,1.0000,1
mnist_proj,20,2001,16,0.6885,1.0000,1
mnist_proj,20,2001,17,0.6885,1.0000,1
mnist_proj,20,2001,18,0.6885,1.0000,1
mnist_proj,20,2001,19,0.6885,1.0000,1
random_proj,20,2001,0,-0.0011,1.0000,1
random_proj,20,2001,1,-0.0011,1.0000,1
random_proj,20,2001,2,-0.0011,1.0000,1
random_proj,20,2001,3,-0.0011,1.0000,1
random_proj,20,2001,4,-0.0011,1.0000,1
random_proj,20,2001,5,-0.0011,1.0000,1
random_proj,20,2001,6,-0.0011,1.0000,1
random_proj,20,2001,7,-0.0011,1.0000,1
random_proj,20,2001,8,-0.0011,1.0000,1
random_proj,20,2001,9,-0.0011,1.0000,1
random_proj,20,2001,10,-0.0011,1.0000,1
random_proj,20,2001,11,-0.0011,1.0000,1
random_proj,20,2001,12,-0.0011,1.0000,1
random_proj,20,2001,13,-0.0011,1.0000,1
random_proj,20,2001,14,-0.0011,1.0000,1
random_proj,20,2001,15,-0.0011,1.0000,1
random_proj,20,2001,16,-0.0011,1.0000,1
random_proj,20,2001,17,-0.0011,1.0000,1
random_proj,20,2001,18,-0.0011,1.0000,1
random_proj,20,2001,19,-0.0011,1.0000,1
mnist_proj,20,2002,0,0.6885,1.0000,1
mnist_proj,20,2002,1,0.6885,1.0000,1
mnist_proj,20,2002,2,0.6885,1.0000,1
mnist_proj,20,2002,3,0.6885,1.0000,1
mnist_proj,20,2002,4,0.6885,1.0000,1
mnist_proj,20,2002,5,0.6885,1.0000,1
mnist_proj,20,2002,6,0.6885,1.0000,1
mnist_proj,20,2002,7,0.6885,1.0000,1
mnist_proj,20,2002,8,0.6885,1.0000,1
mnist_proj,20,2002,9,0.6885,1.0000,1
mnist_proj,20,2002,10,0.6885,1.0000,1
mnist_proj,20,2002,11,0.6885,1.0000,1
mnist_proj,20,2002,12,0.6885,1.0000,1
mnist_proj,20,2002,13,0.6885,1.0000,1
mnist_proj,20,2002,14,0.6885,1.0000,1
mnist_proj,20,2002,15,0.6885,1.0000,1
mnist_proj,20,2002,16,0.6885,1.0000,1
mnist_proj,20,2002,17,0.6885,1.0000,1
mnist_proj,20,2002,18,0.6885,1.0000,1
mnist_proj,20,2002,19,0.6885,1.0000,1
random_proj,20,2002,0,0.0003,1.0000,1
random_proj,20,2002,1,0.0003,1.0000,1
random_proj,20,2002,2,0.0003,1.0000,1
random_proj,20,2002,3,0.0003,1.0000,1
random_proj,20,2002,4,0.0003,1.0000,1
random_proj,20,2002,5,0.0003,1.0000,1
random_proj,20,2002,6,0.0003,1.0000,1
random_proj,20,2002,7,0.0003,1.0000,1
random_proj,20,2002,8,0.0003,1.0000,1
random_proj,20,2002,9,0.0003,1.0000,1
random_proj,20,2002,10,0.0003,1.0000,1
random_proj,20,2002,11,0.0003,1.0000,1
random_proj,20,2002,12,0.0003,1.0000,1
random_proj,20,2002,13,0.0003,1.0000,1
random_proj,20,2002,14,0.0003,1.0000,1
random_proj,20,2002,15,0.0003,1.0000,1
random_proj,20,2002,16,0.0003,1.0000,1
random_proj,20,2002,17,0.0003,1.0000,1
random_proj,20,2002,18,0.0003,1.0000,1
random_proj,20,2002,19,0.0003,1.0000,1
mnist_proj,20,2003,0,0.6885,1.0000,1
mnist_proj,20,2003,1,0.6885,1.0000,1
mnist_proj,20,2003,2,0.6885,1.0000,1
mnist_proj,20,2003,3,0.6885,1.0000,1
mnist_proj,20,2003,4,0.6885,1.0000,1
mnist_proj,20,2003,5,0.6885,1.0000,1
mnist_proj,20,2003,6,0.6885,1.0000,1
mnist_proj,20,2003,7,0.6885,1.0000,1
mnist_proj,20,2003,8,0.6885,1.0000,1
mnist_proj,20,2003,9,0.6885,1.0000,1
mnist_proj,20,2003,10,0.6885,1.0000,1
mnist_proj,20,2003,11,0.6885,1.0000,1
mnist_proj,20,2003,12,0.6885,1.0000,1
mnist_proj,20,2003,13,0.6885,1.0000,1
mnist_proj,20,2003,14,0.6885,1.0000,1
mnist_proj,20,2003,15,0.6885,1.0000,1
mnist_proj,20,2003,16,0.6885,1.0000,1
mnist_proj,20,2003,17,0.6885,1.0000,1
mnist_proj,20,2003,18,0.6885,1.0000,1
mnist_proj,20,2003,19,0.6885,1.0000,1
random_proj,20,2003,0,-0.0050,1.0000,1
random_proj,20,2003,1,-0.0050,1.0000,1
random_proj,20,2003,2,-0.0050,1.0000,1
random_proj,20,2003,3,-0.0050,1.0000,1
random_proj,20,2003,4,-0.0050,1.0000,1
random_proj,20,2003,5,-0.0050,1.0000,1
random_proj,20,2003,6,-0.0050,1.0000,1
random_proj,20,2003,7,-0.0050,1.0000,1
random_proj,20,2003,8,-0.0050,1.0000,1
random_proj,20,2003,9,-0.0050,1.0000,1
random_proj,20,2003,10,-0.0050,1.0000,1
random_proj,20,2003,11,-0.0050,1.0000,1
random_proj,20,2003,12,-0.0050,1.0000,1
random_proj,20,2003,13,-0.0050,1.0000,1
random_proj,20,2003,14,-0.0050,1.0000,1
random_proj,20,2003,15,-0.0050,1.0000,1
random_proj,20,2003,16,-0.0050,1.0000,1
random_proj,20,2003,17,-0.0050,1.0000,1
random_proj,20,2003,18,-0.0050,1.0000,1
random_proj,20,2003,19,-0.0050,1.0000,1
mnist_proj,20,2004,0,0.6885,1.0000,1
mnist_proj,20,2004,1,0.6885,1.0000,1
mnist_proj,20,2004,2,0.6885,1.0000,1
mnist_proj,20,2004,3,0.6885,1.0000,1
mnist_proj,20,2004,4,0.6885,1.0000,1
mnist_proj,20,2004,5,0.6885,1.0000,1
mnist_proj,20,2004,6,0.6885,1.0000,1
mnist_proj,20,2004,7,0.6885,1.0000,1
mnist_proj,20,2004,8,0.6885,1.0000,1
mnist_proj,20,2004,9,0.6885,1.0000,1
mnist_proj,20,2004,10,0.6885,1.0000,1
mnist_proj,20,2004,11,0.6885,1.0000,1
mnist_proj,20,2004,12,0.6885,1.0000,1
mnist_proj,20,2004,13,0.6885,1.0000,1
mnist_proj,20,2004,14,0.6885,1.0000,1
mnist_proj,20,2004,15,0.6885,1.0000,1
mnist_proj,20,2004,16,0.6885,1.0000,1
mnist_proj,20,2004,17,0.6885,1.0000,1
mnist_proj,20,2004,18,0.6885,1.0000,1
mnist_proj,20,2004,19,0.6885,1.0000,1
random_proj,20,2004,0,0.0025,1.0000,1
random_proj,20,2004,1,0.0025,1.0000,1
random_proj,20,2004,2,0.0025,1.0000,1
random_proj,20,2004,3,0.0025,1.0000,1
random_proj,20,2004,4,0.0025,1.0000,1
random_proj,20,2004,5,0.0025,1.0000,1
random_proj,20,2004,6,0.0025,1.0000,1
random_proj,20,2004,7,0.0025,1.0000,1
random_proj,20,2004,8,0.0025,1.0000,1
random_proj,20,2004,9,0.0025,1.0000,1
random_proj,20,2004,10,0.0025,1.0000,1
random_proj,20,2004,11,0.0025,1.0000,1
random_proj,20,2004,12,0.0025,1.0000,1
random_proj,20,2004,13,0.0025,1.0000,1
random_proj,20,2004,14,0.0025,1.0000,1
random_proj,20,2004,15,0.0025,1.0000,1
random_proj,20,2004,16,0.0025,1.0000,1
random_proj,20,2004,17,0.0025,1.0000,1
random_proj,20,2004,18,0.0025,1.0000,1
random_proj,20,2004,19,0.0025,1.0000,1
mnist_proj,20,2005,0,0.6885,1.0000,1
mnist_proj,20,2005,1,0.6885,1.0000,1
mnist_proj,20,2005,2,0.6885,1.0000,1
mnist_proj,20,2005,3,0.6885,1.0000,1
mnist_proj,20,2005,4,0.6885,1.0000,1
mnist_proj,20,2005,5,0.6885,1.0000,1
mnist_proj,20,2005,6,0.6885,1.0000,1
mnist_proj,20,2005,7,0.6885,1.0000,1
mnist_proj,20,2005,8,0.6885,1.0000,1
mnist_proj,20,2005,9,0.6885,1.0000,1
mnist_proj,20,2005,10,0.6885,1.0000,1
mnist_proj,20,2005,11,0.6885,1.0000,1
mnist_proj,20,2005,12,0.6885,1.0000,1
mnist_proj,20,2005,13,0.6885,1.0000,1
mnist_proj,20,2005,14,0.6885,1.0000,1
mnist_proj,20,2005,15,0.6885,1.0000,1
mnist_proj,20,2005,16,0.6885,1.0000,1
mnist_proj,20,2005,17,0.6885,1.0000,1
mnist_proj,20,2005,18,0.6885,1.0000,1
mnist_proj,20,2005,19,0.6885,1.0000,1
random_proj,20,2005,0,-0.0033,1.0000,1
random_proj,20,2005,1,-0.0033,1.0000,1
random_proj,20,2005,2,-0.0033,1.0000,1
random_proj,20,2005,3,-0.0033,1.0000,1
random_proj,20,2005,4,-0.0033,1.0000,1
random_proj,20,2005,5,-0.0033,1.0000,1
random_proj,20,2005,6,-0.0033,1.0000,1
random_proj,20,2005,7,-0.0033,1.0000,1
random_proj,20,2005,8,-0.0033,1.0000,1
random_proj,20,2005,9,-0.0033,1.0000,1
random_proj,20,2005,10,-0.0033,1.0000,1
random_proj,20,2005,11,-0.0033,1.0000,1
random_proj,20,2005,12,-0.0033,1.0000,1
random_proj,20,2005,13,-0.0033,1.0000,1
random_proj,20,2005,14,-0.0033,1.0000,1
random_proj,20,2005,15,-0.0033,1.0000,1
random_proj,20,2005,16,-0.0033,1.0000,1
random_proj,20,2005,17,-0.0033,1.0000,1
random_proj,20,2005,18,-0.0033,1.0000,1
random_proj,20,2005,19,-0.0033,1.0000,1
mnist_proj,20,2006,0,0.6885,1.0000,1
mnist_proj,20,2006,1,0.6885,1.0000,1
mnist_proj,20,2006,2,0.6885,1.0000,1
mnist_proj,20,2006,3,0.6885,1.0000,1
mnist_proj,20,2006,4,0.6885,1.0000,1
mnist_proj,20,2006,5,0.6885,1.0000,1
mnist_proj,20,2006,6,0.6885,1.0000,1
mnist_proj,20,2006,7,0.6885,1.0000,1
mnist_proj,20,2006,8,0.6885,1.0000,1
mnist_proj,20,2006,9,0.6885,1.0000,1
mnist_proj,20,2006,10,0.6885,1.0000,1
mnist_proj,20,2006,11,0.6885,1.0000,1
mnist_proj,20,2006,12,0.6885,1.0000,1
mnist_proj,20,2006,13,0.6885,1.0000,1
mnist_proj,20,2006,14,0.6885,1.0000,1
mnist_proj,20,2006,15,0.6885,1.0000,1
mnist_proj,20,2006,16,0.6885,1.0000,1
mnist_proj,20,2006,17,0.6885,1.0000,1
mnist_proj,20,2006,18,0.6885,1.0000,1
mnist_proj,20,2006,19,0.6885,1.0000,1
random_proj,20,2006,0,0.0006,1.0000,1
random_proj,20,2006,1,0.0006,1.0000,1
random_proj,20,2006,2,0.0006,1.0000,1
random_proj,20,2006,3,0.0006,1.0000,1
random_proj,20,2006,4,0.0006,1.0000,1
random_proj,20,2006,5,0.0006,1.0000,1
random_proj,20,2006,6,0.0006,1.0000,1
random_proj,20,2006,7,0.0006,1.0000,1
random_proj,20,2006,8,0.0006,1.0000,1
random_proj,20,2006,9,0.0006,1.0000,1
random_proj,20,2006,10,0.0006,1.0000,1
random_proj,20,2006,11,0.0006,1.0000,1
random_proj,20,2006,12,0.0006,1.0000,1
random_proj,20,2006,13,0.0006,1.0000,1
random_proj,20,2006,14,0.0006,1.0000,1
random_proj,20,2006,15,0.0006,1.0000,1
random_proj,20,2006,16,0.0006,1.0000,1
random_proj,20,2006,17,0.0006,1.0000,1
random_proj,20,2006,18,0.0006,1.0000,1
random_proj,20,2006,19,0.0006,1.0000,1
mnist_proj,20,2007,0,0.6885,1.0000,1
mnist_proj,20,2007,1,0.6885,1.0000,1
mnist_proj,20,2007,2,0.6885,1.0000,1
mnist_proj,20,2007,3,0.6885,1.0000,1
mnist_proj,20,2007,4,0.6885,1.0000,1
mnist_proj,20,2007,5,0.6885,1.0000,1
mnist_proj,20,2007,6,0.6885,1.0000,1
mnist_proj,20,2007,7,0.6885,1.0000,1
mnist_proj,20,2007,8,0.6885,1.0000,1
mnist_proj,20,2007,9,0.6885,1.0000,1
mnist_proj,20,2007,10,0.6885,1.0000,1
mnist_proj,20,2007,11,0.6885,1.0000,1
mnist_proj,20,2007,12,0.6885,1.0000,1
mnist_proj,20,2007,13,0.6885,1.0000,1
mnist_proj,20,2007,14,0.6885,1.0000,1
mnist_proj,20,2007,15,0.6885,1.0000,1
mnist_proj,20,2007,16,0.6885,1.0000,1
mnist_proj,20,2007,17,0.6885,1.0000,1
mnist_proj,20,2007,18,0.6885,1.0000,1
mnist_proj,20,2007,19,0.6885,1.0000,1
random_proj,20,2007,0,0.0052,1.0000,1
random_proj,20,2007,1,0.0052,1.0000,1
random_proj,20,2007,2,0.0052,1.0000,1
random_proj,20,2007,3,0.0052,1.0000,1
random_proj,20,2007,4,0.0052,1.0000,1
random_proj,20,2007,5,0.0052,1.0000,1
random_proj,20,2007,6,0.0052,1.0000,1
random_proj,20,2007,7,0.0052,1.0000,1
random_proj,20,2007,8,0.0052,1.0000,1
random_proj,20,2007,9,0.0052,1.0000,1
random_proj,20,2007,10,0.0052,1.0000,1
random_proj,20,2007,11,0.0052,1.0000,1
random_proj,20,2007,12,0.0052,1.0000,1
random_proj,20,2007,13,0.0052,1.0000,1
random_proj,20,2007,14,0.0052,1.0000,1
random_proj,20,2007,15,0.0052,1.0000,1
random_proj,20,2007,16,0.0052,1.0000,1
random_proj,20,2007,17,0.0052,1.0000,1
random_proj,20,2007,18,0.0052,1.0000,1
random_proj,20,2007,19,0.0052,1.0000,1
mnist_proj,20,2008,0,0.6885,1.0000,1
mnist_proj,20,2008,1,0.6885,1.0000,1
mnist_proj,20,2008,2,0.6885,1.0000,1
mnist_proj,20,2008,3,0.6885,1.0000,1
mnist_proj,20,2008,4,0.6885,1.0000,1
mnist_proj,20,2008,5,0.6885,1.0000,1
mnist_proj,20,2008,6,0.6885,1.0000,1
mnist_proj,20,2008,7,0.6885,1.0000,1
mnist_proj,20,2008,8,0.6885,1.0000,1
mnist_proj,20,2008,9,0.6885,1.0000,1
mnist_proj,20,2008,10,0.6885,1.0000,1
mnist_proj,20,2008,11,0.6885,1.0000,1
mnist_proj,20,2008,12,0.6885,1.0000,1
mnist_proj,20,2008,13,0.6885,1.0000,1
mnist_proj,20,2008,14,0.6885,1.0000,1
mnist_proj,20,2008,15,0.6885,1.0000,1
mnist_proj,20,2008,16,0.6885,1.0000,1
mnist_proj,20,2008,17,0.6885,1.0000,1
mnist_proj,20,2008,18,0.6885,1.0000,1
mnist_proj,20,2008,19,0.6885,1.0000,1
random_proj,20,2008,0,-0.0029,1.0000,1
random_proj,20,2008,1,-0.0029,1.0000,1
random_proj,20,2008,2,-0.0029,1.0000,1
random_proj,20,2008,3,-0.0029,1.0000,1
random_proj,20,2008,4,-0.0029,1.0000,1
random_proj,20,2008,5,-0.0029,1.0000,1
random_proj,20,2008,6,-0.0029,1.0000,1
random_proj,20,2008,7,-0.0029,1.0000,1
random_proj,20,2008,8,-0.0029,1.0000,1
random_proj,20,2008,9,-0.0029,1.0000,1
random_proj,20,2008,10,-0.0029,1.0000,1
random_proj,20,2008,11,-0.0029,1.0000,1
random_proj,20,2008,12,-0.0029,1.0000,1
random_proj,20,2008,13,-0.0029,1.0000,1
random_proj,20,2008,14,-0.0029,1.0000,1
random_proj,20,2008,15,-0.0029,1.0000,1
random_proj,20,2008,16,-0.0029,1.0000,1
random_proj,20,2008,17,-0.0029,1.0000,1
random_proj,20,2008,18,-0.0029,1.0000,1
random_proj,20,2008,19,-0.0029,1.0000,1
mnist_proj,20,2009,0,0.6885,1.0000,1
mnist_proj,20,2009,1,0.6885,1.0000,1
mnist_proj,20,2009,2,0.6885,1.0000,1
mnist_proj,20,2009,3,0.6885,1.0000,1
mnist_proj,20,2009,4,0.6885,1.0000,1
mnist_proj,20,2009,5,0.6885,1.0000,1
mnist_proj,20,2009,6,0.6885,1.0000,1
mnist_proj,20,2009,7,0.6885,1.0000,1
mnist_proj,20,2009,8,0.6885,1.0000,1
mnist_proj,20,2009,9,0.6885,1.0000,1
mnist_proj,20,2009,10,0.6885,1.0000,1
mnist_proj,20,2009,11,0.6885,1.0000,1
mnist_proj,20,2009,12,0.6885,1.0000,1
mnist_proj,20,2009,13,0.6885,1.0000,1
mnist_proj,20,2009,14,0.6885,1.0000,1
mnist_proj,20,2009,15,0.6885,1.0000,1
mnist_proj,20,2009,16,0.6885,1.0000,1
mnist_proj,20,2009,17,0.6885,1.0000,1
mnist_proj,20,2009,18,0.6885,1.0000,1
mnist_proj,20,2009,19,0.6885,1.0000,1
random_proj,20,2009,0,-0.0014,1.0000,1
random_proj,20,2009,1,-0.0014,1.0000,1
random_proj,20,2009,2,-0.0014,1.0000,1
random_proj,20,2009,3,-0.0014,1.0000,1
random_proj,20,2009,4,-0.0014,1.0000,1
random_proj,20,2009,5,-0.0014,1.0000,1
random_proj,20,2009,6,-0.0014,1.0000,1
random_proj,20,2009,7,-0.0014,1.0000,1
random_proj,20,2009,8,-0.0014,1.0000,1
random_proj,20,2009,9,-0.0014,1.0000,1
random_proj,20,2009,10,-0.0014,1.0000,1
random_proj,20,2009,11,-0.0014,1.0000,1
random_proj,20,2009,12,-0.0014,1.0000,1
random_proj,20,2009,13,-0.0014,1.0000,1
random_proj,20,2009,14,-0.0014,1.0000,1
random_proj,20,2009,15,-0.0014,1.0000,1
random_proj,20,2009,16,-0.0014,1.0000,1
random_proj,20,2009,17,-0.0014,1.0000,1
random_proj,20,2009,18,-0.0014,1.0000,1
random_proj,20,2009,19,-0.0014,1.0000,1
mnist_proj,50,5000,0,0.6838,1.0000,1
mnist_proj,50,5000,1,0.6838,1.0000,1
mnist_proj,50,5000,2,0.6838,1.0000,1
mnist_proj,50,5000,3,0.6838,0.9566,1
mnist_proj,50,5000,4,0.6838,0.9872,1
mnist_proj,50,5000,5,0.6838,1.0000,1
mnist_proj,50,5000,6,0.6838,1.0000,1
mnist_proj,50,5000,7,0.6838,1.0000,1
mnist_proj,50,5000,8,0.6838,0.9439,0
mnist_proj,50,5000,9,0.6838,1.0000,1
mnist_proj,50,5000,10,0.6838,1.0000,1
mnist_proj,50,5000,11,0.6838,1.0000,1
mnist_proj,50,5000,12,0.6838,1.0000,1
mnist_proj,50,5000,13,0.6838,1.0000,1
mnist_proj,50,5000,14,0.6838,0.9668,1
mnist_proj,50,5000,15,0.6838,0.9898,1
mnist_proj,50,5000,16,0.6838,1.0000,1
mnist_proj,50,5000,17,0.6838,0.9490,0
mnist_proj,50,5000,18,0.6838,1.0000,1
mnist_proj,50,5000,19,0.6838,1.0000,1
mnist_proj,50,5000,20,0.6838,1.0000,1
mnist_proj,50,5000,21,0.6838,1.0000,1
mnist_proj,50,5000,22,0.6838,1.0000,1
mnist_proj,50,5000,23,0.6838,1.0000,1
mnist_proj,50,5000,24,0.6838,1.0000,1
mnist_proj,50,5000,25,0.6838,1.0000,1
mnist_proj,50,5000,26,0.6838,1.0000,1
mnist_proj,50,5000,27,0.6838,1.0000,1
mnist_proj,50,5000,28,0.6838,1.0000,1
mnist_proj,50,5000,29,0.6838,1.0000,1
mnist_proj,50,5000,30,0.6838,1.0000,1
mnist_proj,50,5000,31,0.6838,0.9235,0
mnist_proj,50,5000,32,0.6838,1.0000,1
mnist_proj,50,5000,33,0.6838,1.0000,1
mnist_proj,50,5000,34,0.6838,1.0000,1
mnist_proj,50,5000,35,0.6838,1.0000,1
mnist_proj,50,5000,36,0.6838,0.9235,0
mnist_proj,50,5000,37,0.6838,1.0000,1
mnist_proj,50,5000,38,0.6838,1.0000,1
mnist_proj,50,5000,39,0.6838,1.0000,1
mnist_proj,50,5000,40,0.6838,0.8878,0
mnist_proj,50,5000,41,0.6838,1.0000,1
mnist_proj,50,5000,42,0.6838,1.0000,1
mnist_proj,50,5000,43,0.6838,0.9592,1
mnist_proj,50,5000,44,0.6838,1.0000,1
mnist_proj,50,5000,45,0.6838,1.0000,1
mnist_proj,50,5000,46,0.6838,1.0000,1
mnist_proj,50,5000,47,0.6838,1.0000,1
mnist_proj,50,5000,48,0.6838,1.0000,1
mnist_proj,50,5000,49,0.6838,1.0000,1
random_proj,50,5000,0,-0.0007,1.0000,1
random_proj,50,5000,1,-0.0007,1.0000,1
random_proj,50,5000,2,-0.0007,1.0000,1
random_proj,50,5000,3,-0.0007,1.0000,1
random_proj,50,5000,4,-0.0007,1.0000,1
random_proj,50,5000,5,-0.0007,1.0000,1
random_proj,50,5000,6,-0.0007,1.0000,1
random_proj,50,5000,7,-0.0007,1.0000,1
random_proj,50,5000,8,-0.0007,1.0000,1
random_proj,50,5000,9,-0.0007,1.0000,1
random_proj,50,5000,10,-0.0007,1.0000,1
random_proj,50,5000,11,-0.0007,1.0000,1
random_proj,50,5000,12,-0.0007,1.0000,1
random_proj,50,5000,13,-0.0007,1.0000,1
random_proj,50,5000,14,-0.0007,1.0000,1
random_proj,50,5000,15,-0.0007,1.0000,1
random_proj,50,5000,16,-0.0007,1.0000,1
random_proj,50,5000,17,-0.0007,1.0000,1
random_proj,50,5000,18,-0.0007,1.0000,1
random_proj,50,5000,19,-0.0007,1.0000,1
random_proj,50,5000,20,-0.0007,1.0000,1
random_proj,50,5000,21,-0.0007,1.0000,1
random_proj,50,5000,22,-0.0007,1.0000,1
random_proj,50,5000,23,-0.0007,1.0000,1
random_proj,50,5000,24,-0.0007,1.0000,1
random_proj,50,5000,25,-0.0007,1.0000,1
random_proj,50,5000,26,-0.0007,1.0000,1
random_proj,50,5000,27,-0.0007,1.0000,1
random_proj,50,5000,28,-0.0007,1.0000,1
random_proj,50,5000,29,-0.0007,1.0000,1
random_proj,50,5000,30,-0.0007,1.0000,1
random_proj,50,5000,31,-0.0007,1.0000,1
random_proj,50,5000,32,-0.0007,1.0000,1
random_proj,50,5000,33,-0.0007,1.0000,1
random_proj,50,5000,34,-0.0007,1.0000,1
random_proj,50,5000,35,-0.0007,1.0000,1
random_proj,50,5000,36,-0.0007,1.0000,1
random_proj,50,5000,37,-0.0007,1.0000,1
random_proj,50,5000,38,-0.0007,1.0000,1
random_proj,50,5000,39,-0.0007,1.0000,1
random_proj,50,5000,40,-0.0007,1.0000,1
random_proj,50,5000,41,-0.0007,1.0000,1
random_proj,50,5000,42,-0.0007,1.0000,1
random_proj,50,5000,43,-0.0007,1.0000,1
random_proj,50,5000,44,-0.0007,1.0000,1
random_proj,50,5000,45,-0.0007,1.0000,1
random_proj,50,5000,46,-0.0007,1.0000,1
random_proj,50,5000,47,-0.0007,1.0000,1
random_proj,50,5000,48,-0.0007,1.0000,1
random_proj,50,5000,49,-0.0007,1.0000,1
mnist_proj,50,5001,0,0.6838,1.0000,1
mnist_proj,50,5001,1,0.6838,1.0000,1
mnist_proj,50,5001,2,0.6838,1.0000,1
mnist_proj,50,5001,3,0.6838,1.0000,1
mnist_proj,50,5001,4,0.6838,1.0000,1
mnist_proj,50,5001,5,0.6838,1.0000,1
mnist_proj,50,5001,6,0.6838,1.0000,1
mnist_proj,50,5001,7,0.6838,1.0000,1
mnist_proj,50,5001,8,0.6838,0.9847,1
mnist_proj,50,5001,9,0.6838,1.0000,1
mnist_proj,50,5001,10,0.6838,1.0000,1
mnist_proj,50,5001,11,0.6838,1.0000,1
mnist_proj,50,5001,12,0.6838,1.0000,1
mnist_proj,50,5001,13,0.6838,0.8980,0
mnist_proj,50,5001,14,0.6838,1.0000,1
mnist_proj,50,5001,15,0.6838,1.0000,1
mnist_proj,50,5001,16,0.6838,1.0000,1
mnist_proj,50,5001,17,0.6838,1.0000,1
mnist_proj,50,5001,18,0.6838,1.0000,1
mnist_proj,50,5001,19,0.6838,0.9133,0
mnist_proj,50,5001,20,0.6838,1.0000,1
mnist_proj,50,5001,21,0.6838,1.0000,1
mnist_proj,50,5001,22,0.6838,1.0000,1
mnist_proj,50,5001,23,0.6838,1.0000,1
mnist_proj,50,5001,24,0.6838,1.0000,1
mnist_proj,50,5001,25,0.6838,1.0000,1
mnist_proj,50,5001,26,0.6838,1.0000,1
mnist_proj,50,5001,27,0.6838,1.0000,1
mnist_proj,50,5001,28,0.6838,1.0000,1
mnist_proj,50,5001,29,0.6838,1.0000,1
mnist_proj,50,5001,30,0.6838,1.0000,1
mnist_proj,50,5001,31,0.6838,0.9643,1
mnist_proj,50,5001,32,0.6838,1.0000,1
mnist_proj,50,5001,33,0.6838,1.0000,1
mnist_proj,50,5001,34,0.6838,0.9872,1
mnist_proj,50,5001,35,0.6838,1.0000,1
mnist_proj,50,5001,36,0.6838,0.9158,0
mnist_proj,50,5001,37,0.6838,1.0000,1
mnist_proj,50,5001,38,0.6838,1.0000,1
mnist_proj,50,5001,39,0.6838,1.0000,1
mnist_proj,50,5001,40,0.6838,0.9209,0
mnist_proj,50,5001,41,0.6838,1.0000,1
mnist_proj,50,5001,42,0.6838,1.0000,1
mnist_proj,50,5001,43,0.6838,0.9898,1
mnist_proj,50,5001,44,0.6838,1.0000,1
mnist_proj,50,5001,45,0.6838,1.0000,1
mnist_proj,50,5001,46,0.6838,1.0000,1
mnist_proj,50,5001,47,0.6838,1.0000,1
mnist_proj,50,5001,48,0.6838,1.0000,1
mnist_proj,50,5001,49,0.6838,1.0000,1
random_proj,50,5001,0,-0.0020,1.0000,1
random_proj,50,5001,1,-0.0020,1.0000,1
random_proj,50,5001,2,-0.0020,1.0000,1
random_proj,50,5001,3,-0.0020,1.0000,1
random_proj,50,5001,4,-0.0020,1.0000,1
random_proj,50,5001,5,-0.0020,1.0000,1
random_proj,50,5001,6,-0.0020,1.0000,1
random_proj,50,5001,7,-0.0020,1.0000,1
random_proj,50,5001,8,-0.0020,1.0000,1
random_proj,50,5001,9,-0.0020,1.0000,1
random_proj,50,5001,10,-0.0020,1.0000,1
random_proj,50,5001,11,-0.0020,1.0000,1
random_proj,50,5001,12,-0.0020,1.0000,1
random_proj,50,5001,13,-0.0020,1.0000,1
random_proj,50,5001,14,-0.0020,1.0000,1
random_proj,50,5001,15,-0.0020,1.0000,1
random_proj,50,5001,16,-0.0020,1.0000,1
random_proj,50,5001,17,-0.0020,1.0000,1
random_proj,50,5001,18,-0.0020,1.0000,1
random_proj,50,5001,19,-0.0020,1.0000,1
random_proj,50,5001,20,-0.0020,1.0000,1
random_proj,50,5001,21,-0.0020,1.0000,1
random_proj,50,5001,22,-0.0020,1.0000,1
random_proj,50,5001,23,-0.0020,1.0000,1
random_proj,50,5001,24,-0.0020,1.0000,1
random_proj,50,5001,25,-0.0020,1.0000,1
random_proj,50,5001,26,-0.0020,1.0000,1
random_proj,50,5001,27,-0.0020,1.0000,1
random_proj,50,5001,28,-0.0020,1.0000,1
random_proj,50,5001,29,-0.0020,1.0000,1
random_proj,50,5001,30,-0.0020,1.0000,1
random_proj,50,5001,31,-0.0020,1.0000,1
random_proj,50,5001,32,-0.0020,1.0000,1
random_proj,50,5001,33,-0.0020,1.0000,1
random_proj,50,5001,34,-0.0020,1.0000,1
random_proj,50,5001,35,-0.0020,1.0000,1
random_proj,50,5001,36,-0.0020,1.0000,1
random_proj,50,5001,37,-0.0020,1.0000,1
random_proj,50,5001,38,-0.0020,1.0000,1
random_proj,50,5001,39,-0.0020,1.0000,1
random_proj,50,5001,40,-0.0020,1.0000,1
random_proj,50,5001,41,-0.0020,1.0000,1
random_proj,50,5001,42,-0.0020,1.0000,1
random_proj,50,5001,43,-0.0020,1.0000,1
random_proj,50,5001,44,-0.0020,1.0000,1
random_proj,50,5001,45,-0.0020,1.0000,1
random_proj,50,5001,46,-0.0020,1.0000,1
random_proj,50,5001,47,-0.0020,1.0000,1
random_proj,50,5001,48,-0.0020,1.0000,1
random_proj,50,5001,49,-0.0020,1.0000,1
mnist_proj,50,5002,0,0.6838,1.0000,1
mnist_proj,50,5002,1,0.6838,1.0000,1
mnist_proj,50,5002,2,0.6838,1.0000,1
mnist_proj,50,5002,3,0.6838,0.9847,1
mnist_proj,50,5002,4,0.6838,1.0000,1
mnist_proj,50,5002,5,0.6838,1.0000,1
mnist_proj,50,5002,6,0.6838,0.9388,0
mnist_proj,50,5002,7,0.6838,1.0000,1
mnist_proj,50,5002,8,0.6838,1.0000,1
mnist_proj,50,5002,9,0.6838,1.0000,1
mnist_proj,50,5002,10,0.6838,1.0000,1
mnist_proj,50,5002,11,0.6838,1.0000,1
mnist_proj,50,5002,12,0.6838,1.0000,1
mnist_proj,50,5002,13,0.6838,1.0000,1
mnist_proj,50,5002,14,0.6838,1.0000,1
mnist_proj,50,5002,15,0.6838,0.8852,0
mnist_proj,50,5002,16,0.6838,1.0000,1
mnist_proj,50,5002,17,0.6838,0.9592,1
mnist_proj,50,5002,18,0.6838,0.9847,1
mnist_proj,50,5002,19,0.6838,0.9133,0
mnist_proj,50,5002,20,0.6838,1.0000,1
mnist_proj,50,5002,21,0.6838,1.0000,1
mnist_proj,50,5002,22,0.6838,1.0000,1
mnist_proj,50,5002,23,0.6838,1.0000,1
mnist_proj,50,5002,24,0.6838,1.0000,1
mnist_proj,50,5002,25,0.6838,1.0000,1
mnist_proj,50,5002,26,0.6838,1.0000,1
mnist_proj,50,5002,27,0.6838,1.0000,1
mnist_proj,50,5002,28,0.6838,1.0000,1
mnist_proj,50,5002,29,0.6838,1.0000,1
mnist_proj,50,5002,30,0.6838,1.0000,1
mnist_proj,50,5002,31,0.6838,0.9362,0
mnist_proj,50,5002,32,0.6838,1.0000,1
mnist_proj,50,5002,33,0.6838,0.9082,0
mnist_proj,50,5002,34,0.6838,1.0000,1
mnist_proj,50,5002,35,0.6838,1.0000,1
mnist_proj,50,5002,36,0.6838,1.0000,1
mnist_proj,50,5002,37,0.6838,1.0000,1
mnist_proj,50,5002,38,0.6838,1.0000,1
mnist_proj,50,5002,39,0.6838,1.0000,1
mnist_proj,50,5002,40,0.6838,1.0000,1
mnist_proj,50,5002,41,0.6838,1.0000,1
mnist_proj,50,5002,42,0.6838,1.0000,1
mnist_proj,50,5002,43,0.6838,0.9362,0
mnist_proj,50,5002,44,0.6838,1.0000,1
mnist_proj,50,5002,45,0.6838,1.0000,1
mnist_proj,50,5002,46,0.6838,1.0000,1
mnist_proj,50,5002,47,0.6838,1.0000,1
mnist_proj,50,5002,48,0.6838,1.0000,1
mnist_proj,50,5002,49,0.6838,0.9362,0
random_proj,50,5002,0,0.0005,1.0000,1
random_proj,50,5002,1,0.0005,1.0000,1
random_proj,50,5002,2,0.0005,1.0000,1
random_proj,50,5002,3,0.0005,1.0000,1
random_proj,50,5002,4,0.0005,1.0000,1
random_proj,50,5002,5,0.0005,1.0000,1
random_proj,50,5002,6,0.0005,1.0000,1
random_proj,50,5002,7,0.0005,1.0000,1
random_proj,50,5002,8,0.0005,1.0000,1
random_proj,50,5002,9,0.0005,1.0000,1
random_proj,50,5002,10,0.0005,1.0000,1
random_proj,50,5002,11,0.0005,1.0000,1
random_proj,50,5002,12,0.0005,1.0000,1
random_proj,50,5002,13,0.0005,1.0000,1
random_proj,50,5002,14,0.0005,1.0000,1
random_proj,50,5002,15,0.0005,1.0000,1
random_proj,50,5002,16,0.0005,1.0000,1
random_proj,50,5002,17,0.0005,1.0000,1
random_proj,50,5002,18,0.0005,1.0000,1
random_proj,50,5002,19,0.0005,1.0000,1
random_proj,50,5002,20,0.0005,1.0000,1
random_proj,50,5002,21,0.0005,1.0000,1
random_proj,50,5002,22,0.0005,1.0000,1
random_proj,50,5002,23,0.0005,1.0000,1
random_proj,50,5002,24,0.0005,1.0000,1
random_proj,50,5002,25,0.0005,1.0000,1
random_proj,50,5002,26,0.0005,1.0000,1
random_proj,50,5002,27,0.0005,1.0000,1
random_proj,50,5002,28,0.0005,1.0000,1
random_proj,50,5002,29,0.0005,1.0000,1
random_proj,50,5002,30,0.0005,1.0000,1
random_proj,50,5002,31,0.0005,1.0000,1
random_proj,50,5002,32,0.0005,1.0000,1
random_proj,50,5002,33,0.0005,1.0000,1
random_proj,50,5002,34,0.0005,1.0000,1
random_proj,50,5002,35,0.0005,1.0000,1
random_proj,50,5002,36,0.0005,1.0000,1
random_proj,50,5002,37,0.0005,1.0000,1
random_proj,50,5002,38,0.0005,1.0000,1
random_proj,50,5002,39,0.0005,1.0000,1
random_proj,50,5002,40,0.0005,1.0000,1
random_proj,50,5002,41,0.0005,1.0000,1
random_proj,50,5002,42,0.0005,1.0000,1
random_proj,50,5002,43,0.0005,1.0000,1
random_proj,50,5002,44,0.0005,1.0000,1
random_proj,50,5002,45,0.0005,1.0000,1
random_proj,50,5002,46,0.0005,1.0000,1
random_proj,50,5002,47,0.0005,1.0000,1
random_proj,50,5002,48,0.0005,1.0000,1
random_proj,50,5002,49,0.0005,1.0000,1
mnist_proj,50,5003,0,0.6838,1.0000,1
mnist_proj,50,5003,1,0.6838,1.0000,1
mnist_proj,50,5003,2,0.6838,1.0000,1
mnist_proj,50,5003,3,0.6838,0.9490,0
mnist_proj,50,5003,4,0.6838,0.8929,0
mnist_proj,50,5003,5,0.6838,1.0000,1
mnist_proj,50,5003,6,0.6838,1.0000,1
mnist_proj,50,5003,7,0.6838,1.0000,1
mnist_proj,50,5003,8,0.6838,1.0000,1
mnist_proj,50,5003,9,0.6838,1.0000,1
mnist_proj,50,5003,10,0.6838,1.0000,1
mnist_proj,50,5003,11,0.6838,0.9745,1
mnist_proj,50,5003,12,0.6838,1.0000,1
mnist_proj,50,5003,13,0.6838,1.0000,1
mnist_proj,50,5003,14,0.6838,0.9898,1
mnist_proj,50,5003,15,0.6838,1.0000,1
mnist_proj,50,5003,16,0.6838,1.0000,1
mnist_proj,50,5003,17,0.6838,1.0000,1
mnist_proj,50,5003,18,0.6838,1.0000,1
mnist_proj,50,5003,19,0.6838,0.9898,1
mnist_proj,50,5003,20,0.6838,1.0000,1
mnist_proj,50,5003,21,0.6838,1.0000,1
mnist_proj,50,5003,22,0.6838,1.0000,1
mnist_proj,50,5003,23,0.6838,1.0000,1
mnist_proj,50,5003,24,0.6838,1.0000,1
mnist_proj,50,5003,25,0.6838,1.0000,1
mnist_proj,50,5003,26,0.6838,1.0000,1
mnist_proj,50,5003,27,0.6838,1.0000,1
mnist_proj,50,5003,28,0.6838,1.0000,1
mnist_proj,50,5003,29,0.6838,1.0000,1
mnist_proj,50,5003,30,0.6838,1.0000,1
mnist_proj,50,5003,31,0.6838,1.0000,1
mnist_proj,50,5003,32,0.6838,1.0000,1
mnist_proj,50,5003,33,0.6838,1.0000,1
mnist_proj,50,5003,34,0.6838,1.0000,1
mnist_proj,50,5003,35,0.6838,0.9413,0
mnist_proj,50,5003,36,0.6838,1.0000,1
mnist_proj,50,5003,37,0.6838,1.0000,1
mnist_proj,50,5003,38,0.6838,1.0000,1
mnist_proj,50,5003,39,0.6838,1.0000,1
mnist_proj,50,5003,40,0.6838,1.0000,1
mnist_proj,50,5003,41,0.6838,0.9796,1
mnist_proj,50,5003,42,0.6838,1.0000,1
mnist_proj,50,5003,43,0.6838,0.9082,0
mnist_proj,50,5003,44,0.6838,0.9872,1
mnist_proj,50,5003,45,0.6838,1.0000,1
mnist_proj,50,5003,46,0.6838,1.0000,1
mnist_proj,50,5003,47,0.6838,1.0000,1
mnist_proj,50,5003,48,0.6838,0.9745,1
mnist_proj,50,5003,49,0.6838,1.0000,1
random_proj,50,5003,0,0.0008,1.0000,1
random_proj,50,5003,1,0.0008,1.0000,1
random_proj,50,5003,2,0.0008,1.0000,1
random_proj,50,5003,3,0.0008,1.0000,1
random_proj,50,5003,4,0.0008,1.0000,1
random_proj,50,5003,5,0.0008,1.0000,1
random_proj,50,5003,6,0.0008,1.0000,1
random_proj,50,5003,7,0.0008,1.0000,1
random_proj,50,5003,8,0.0008,1.0000,1
random_proj,50,5003,9,0.0008,1.0000,1
random_proj,50,5003,10,0.0008,1.0000,1
random_proj,50,5003,11,0.0008,1.0000,1
random_proj,50,5003,12,0.0008,1.0000,1
random_proj,50,5003,13,0.0008,1.0000,1
random_proj,50,5003,14,0.0008,1.0000,1
random_proj,50,5003,15,0.0008,1.0000,1
random_proj,50,5003,16,0.0008,1.0000,1
random_proj,50,5003,17,0.0008,1.0000,1
random_proj,50,5003,18,0.0008,1.0000,1
random_proj,50,5003,19,0.0008,1.0000,1
random_proj,50,5003,20,0.0008,1.0000,1
random_proj,50,5003,21,0.0008,1.0000,1
random_proj,50,5003,22,0.0008,1.0000,1
random_proj,50,5003,23,0.0008,1.0000,1
random_proj,50,5003,24,0.0008,1.0000,1
random_proj,50,5003,25,0.0008,1.0000,1
random_proj,50,5003,26,0.0008,1.0000,1
random_proj,50,5003,27,0.0008,1.0000,1
random_proj,50,5003,28,0.0008,1.0000,1
random_proj,50,5003,29,0.0008,1.0000,1
random_proj,50,5003,30,0.0008,1.0000,1
random_proj,50,5003,31,0.0008,1.0000,1
random_proj,50,5003,32,0.0008,1.0000,1
random_proj,50,5003,33,0.0008,1.0000,1
random_proj,50,5003,34,0.0008,1.0000,1
random_proj,50,5003,35,0.0008,1.0000,1
random_proj,50,5003,36,0.0008,1.0000,1
random_proj,50,5003,37,0.0008,1.0000,1
random_proj,50,5003,38,0.0008,1.0000,1
random_proj,50,5003,39,0.0008,1.0000,1
random_proj,50,5003,40,0.0008,1.0000,1
random_proj,50,5003,41,0.0008,1.0000,1
random_proj,50,5003,42,0.0008,1.0000,1
random_proj,50,5003,43,0.0008,1.0000,1
random_proj,50,5003,44,0.0008,1.0000,1
random_proj,50,5003,45,0.0008,1.0000,1
random_proj,50,5003,46,0.0008,1.0000,1
random_proj,50,5003,47,0.0008,1.0000,1
random_proj,50,5003,48,0.0008,1.0000,1
random_proj,50,5003,49,0.0008,1.0000,1
mnist_proj,50,5004,0,0.6838,1.0000,1
mnist_proj,50,5004,1,0.6838,1.0000,1
mnist_proj,50,5004,2,0.6838,1.0000,1
mnist_proj,50,5004,3,0.6838,1.0000,1
mnist_proj,50,5004,4,0.6838,0.9668,1
mnist_proj,50,5004,5,0.6838,1.0000,1
mnist_proj,50,5004,6,0.6838,1.0000,1
mnist_proj,50,5004,7,0.6838,1.0000,1
mnist_proj,50,5004,8,0.6838,1.0000,1
mnist_proj,50,5004,9,0.6838,1.0000,1
mnist_proj,50,5004,10,0.6838,1.0000,1
mnist_proj,50,5004,11,0.6838,1.0000,1
mnist_proj,50,5004,12,0.6838,1.0000,1
mnist_proj,50,5004,13,0.6838,1.0000,1
mnist_proj,50,5004,14,0.6838,1.0000,1
mnist_proj,50,5004,15,0.6838,1.0000,1
mnist_proj,50,5004,16,0.6838,1.0000,1
mnist_proj,50,5004,17,0.6838,1.0000,1
mnist_proj,50,5004,18,0.6838,1.0000,1
mnist_proj,50,5004,19,0.6838,0.9439,0
mnist_proj,50,5004,20,0.6838,1.0000,1
mnist_proj,50,5004,21,0.6838,1.0000,1
mnist_proj,50,5004,22,0.6838,1.0000,1
mnist_proj,50,5004,23,0.6838,1.0000,1
mnist_proj,50,5004,24,0.6838,1.0000,1
mnist_proj,50,5004,25,0.6838,1.0000,1
mnist_proj,50,5004,26,0.6838,1.0000,1
mnist_proj,50,5004,27,0.6838,1.0000,1
mnist_proj,50,5004,28,0.6838,1.0000,1
mnist_proj,50,5004,29,0.6838,1.0000,1
mnist_proj,50,5004,30,0.6838,1.0000,1
mnist_proj,50,5004,31,0.6838,1.0000,1
mnist_proj,50,5004,32,0.6838,1.0000,1
mnist_proj,50,5004,33,0.6838,1.0000,1
mnist_proj,50,5004,34,0.6838,1.0000,1
mnist_proj,50,5004,35,0.6838,1.0000,1
mnist_proj,50,5004,36,0.6838,0.9464,0
mnist_proj,50,5004,37,0.6838,1.0000,1
mnist_proj,50,5004,38,0.6838,1.0000,1
mnist_proj,50,5004,39,0.6838,1.0000,1
mnist_proj,50,5004,40,0.6838,1.0000,1
mnist_proj,50,5004,41,0.6838,1.0000,1
mnist_proj,50,5004,42,0.6838,0.9515,1
mnist_proj,50,5004,43,0.6838,1.0000,1
mnist_proj,50,5004,44,0.6838,1.0000,1
mnist_proj,50,5004,45,0.6838,1.0000,1
mnist_proj,50,5004,46,0.6838,1.0000,1
mnist_proj,50,5004,47,0.6838,1.0000,1
mnist_proj,50,5004,48,0.6838,1.0000,1
mnist_proj,50,5004,49,0.6838,1.0000,1
random_proj,50,5004,0,0.0005,1.0000,1
random_proj,50,5004,1,0.0005,1.0000,1
random_proj,50,5004,2,0.0005,1.0000,1
random_proj,50,5004,3,0.0005,1.0000,1
random_proj,50,5004,4,0.0005,1.0000,1
random_proj,50,5004,5,0.0005,1.0000,1
random_proj,50,5004,6,0.0005,1.0000,1
random_proj,50,5004,7,0.0005,1.0000,1
random_proj,50,5004,8,0.0005,1.0000,1
random_proj,50,5004,9,0.0005,1.0000,1
random_proj,50,5004,10,0.0005,1.0000,1
random_proj,50,5004,11,0.0005,1.0000,1
random_proj,50,5004,12,0.0005,1.0000,1
random_proj,50,5004,13,0.0005,1.0000,1
random_proj,50,5004,14,0.0005,1.0000,1
random_proj,50,5004,15,0.0005,1.0000,1
random_proj,50,5004,16,0.0005,1.0000,1
random_proj,50,5004,17,0.0005,1.0000,1
random_proj,50,5004,18,0.0005,1.0000,1
random_proj,50,5004,19,0.0005,1.0000,1
random_proj,50,5004,20,0.0005,1.0000,1
random_proj,50,5004,21,0.0005,1.0000,1
random_proj,50,5004,22,0.0005,1.0000,1
random_proj,50,5004,23,0.0005,1.0000,1
random_proj,50,5004,24,0.0005,1.0000,1
random_proj,50,5004,25,0.0005,1.0000,1
random_proj,50,5004,26,0.0005,1.0000,1
random_proj,50,5004,27,0.0005,1.0000,1
random_proj,50,5004,28,0.0005,1.0000,1
random_proj,50,5004,29,0.0005,1.0000,1
random_proj,50,5004,30,0.0005,1.0000,1
random_proj,50,5004,31,0.0005,1.0000,1
random_proj,50,5004,32,0.0005,1.0000,1
random_proj,50,5004,33,0.0005,1.0000,1
random_proj,50,5004,34,0.0005,1.0000,1
random_proj,50,5004,35,0.0005,1.0000,1
random_proj,50,5004,36,0.0005,1.0000,1
random_proj,50,5004,37,0.0005,1.0000,1
random_proj,50,5004,38,0.0005,1.0000,1
random_proj,50,5004,39,0.0005,1.0000,1
random_proj,50,5004,40,0.0005,1.0000,1
random_proj,50,5004,41,0.0005,1.0000,1
random_proj,50,5004,42,0.0005,1.0000,1
random_proj,50,5004,43,0.0005,1.0000,1
random_proj,50,5004,44,0.0005,1.0000,1
random_proj,50,5004,45,0.0005,1.0000,1
random_proj,50,5004,46,0.0005,1.0000,1
random_proj,50,5004,47,0.0005,1.0000,1
random_proj,50,5004,48,0.0005,1.0000,1
random_proj,50,5004,49,0.0005,1.0000,1
mnist_proj,50,5005,0,0.6838,0.9745,1
mnist_proj,50,5005,1,0.6838,1.0000,1
mnist_proj,50,5005,2,0.6838,1.0000,1
mnist_proj,50,5005,3,0.6838,0.9515,1
mnist_proj,50,5005,4,0.6838,1.0000,1
mnist_proj,50,5005,5,0.6838,1.0000,1
mnist_proj,50,5005,6,0.6838,1.0000,1
mnist_proj,50,5005,7,0.6838,1.0000,1
mnist_proj,50,5005,8,0.6838,1.0000,1
mnist_proj,50,5005,9,0.6838,1.0000,1
mnist_proj,50,5005,10,0.6838,1.0000,1
mnist_proj,50,5005,11,0.6838,1.0000,1
mnist_proj,50,5005,12,0.6838,1.0000,1
mnist_proj,50,5005,13,0.6838,1.0000,1
mnist_proj,50,5005,14,0.6838,1.0000,1
mnist_proj,50,5005,15,0.6838,1.0000,1
mnist_proj,50,5005,16,0.6838,0.9592,1
mnist_proj,50,5005,17,0.6838,0.9872,1
mnist_proj,50,5005,18,0.6838,1.0000,1
mnist_proj,50,5005,19,0.6838,1.0000,1
mnist_proj,50,5005,20,0.6838,1.0000,1
mnist_proj,50,5005,21,0.6838,1.0000,1
mnist_proj,50,5005,22,0.6838,1.0000,1
mnist_proj,50,5005,23,0.6838,1.0000,1
mnist_proj,50,5005,24,0.6838,1.0000,1
mnist_proj,50,5005,25,0.6838,1.0000,1
mnist_proj,50,5005,26,0.6838,1.0000,1
mnist_proj,50,5005,27,0.6838,1.0000,1
mnist_proj,50,5005,28,0.6838,1.0000,1
mnist_proj,50,5005,29,0.6838,1.0000,1
mnist_proj,50,5005,30,0.6838,1.0000,1
mnist_proj,50,5005,31,0.6838,1.0000,1
mnist_proj,50,5005,32,0.6838,1.0000,1
mnist_proj,50,5005,33,0.6838,1.0000,1
mnist_proj,50,5005,34,0.6838,0.9872,1
mnist_proj,50,5005,35,0.6838,1.0000,1
mnist_proj,50,5005,36,0.6838,1.0000,1
mnist_proj,50,5005,37,0.6838,1.0000,1
mnist_proj,50,5005,38,0.6838,1.0000,1
mnist_proj,50,5005,39,0.6838,1.0000,1
mnist_proj,50,5005,40,0.6838,0.9464,0
mnist_proj,50,5005,41,0.6838,1.0000,1
mnist_proj,50,5005,42,0.6838,1.0000,1
mnist_proj,50,5005,43,0.6838,0.9898,1
mnist_proj,50,5005,44,0.6838,1.0000,1
mnist_proj,50,5005,45,0.6838,1.0000,1
mnist_proj,50,5005,46,0.6838,1.0000,1
mnist_proj,50,5005,47,0.6838,1.0000,1
mnist_proj,50,5005,48,0.6838,1.0000,1
mnist_proj,50,5005,49,0.6838,1.0000,1
random_proj,50,5005,0,-0.0002,1.0000,1
random_proj,50,5005,1,-0.0002,1.0000,1
random_proj,50,5005,2,-0.0002,1.0000,1
random_proj,50,5005,3,-0.0002,1.0000,1
random_proj,50,5005,4,-0.0002,1.0000,1
random_proj,50,5005,5,-0.0002,1.0000,1
random_proj,50,5005,6,-0.0002,1.0000,1
random_proj,50,5005,7,-0.0002,1.0000,1
random_proj,50,5005,8,-0.0002,1.0000,1
random_proj,50,5005,9,-0.0002,1.0000,1
random_proj,50,5005,10,-0.0002,1.0000,1
random_proj,50,5005,11,-0.0002,1.0000,1
random_proj,50,5005,12,-0.0002,1.0000,1
random_proj,50,5005,13,-0.0002,1.0000,1
random_proj,50,5005,14,-0.0002,1.0000,1
random_proj,50,5005,15,-0.0002,1.0000,1
random_proj,50,5005,16,-0.0002,1.0000,1
random_proj,50,5005,17,-0.0002,1.0000,1
random_proj,50,5005,18,-0.0002,1.0000,1
random_proj,50,5005,19,-0.0002,1.0000,1
random_proj,50,5005,20,-0.0002,1.0000,1
random_proj,50,5005,21,-0.0002,1.0000,1
random_proj,50,5005,22,-0.0002,1.0000,1
random_proj,50,5005,23,-0.0002,1.0000,1
random_proj,50,5005,24,-0.0002,1.0000,1
random_proj,50,5005,25,-0.0002,1.0000,1
random_proj,50,5005,26,-0.0002,1.0000,1
random_proj,50,5005,27,-0.0002,1.0000,1
random_proj,50,5005,28,-0.0002,1.0000,1
random_proj,50,5005,29,-0.0002,1.0000,1
random_proj,50,5005,30,-0.0002,1.0000,1
random_proj,50,5005,31,-0.0002,1.0000,1
random_proj,50,5005,32,-0.0002,1.0000,1
random_proj,50,5005,33,-0.0002,1.0000,1
random_proj,50,5005,34,-0.0002,1.0000,1
random_proj,50,5005,35,-0.0002,1.0000,1
random_proj,50,5005,36,-0.0002,1.0000,1
random_proj,50,5005,37,-0.0002,1.0000,1
random_proj,50,5005,38,-0.0002,1.0000,1
random_proj,50,5005,39,-0.0002,1.0000,1
random_proj,50,5005,40,-0.0002,1.0000,1
random_proj,50,5005,41,-0.0002,1.0000,1
random_proj,50,5005,42,-0.0002,1.0000,1
random_proj,50,5005,43,-0.0002,1.0000,1
random_proj,50,5005,44,-0.0002,1.0000,1
random_proj,50,5005,45,-0.0002,1.0000,1
random_proj,50,5005,46,-0.0002,1.0000,1
random_proj,50,5005,47,-0.0002,1.0000,1
random_proj,50,5005,48,-0.0002,1.0000,1
random_proj,50,5005,49,-0.0002,1.0000,1
mnist_proj,50,5006,0,0.6838,1.0000,1
mnist_proj,50,5006,1,0.6838,1.0000,1
mnist_proj,50,5006,2,0.6838,1.0000,1
mnist_proj,50,5006,3,0.6838,1.0000,1
mnist_proj,50,5006,4,0.6838,1.0000,1
mnist_proj,50,5006,5,0.6838,1.0000,1
mnist_proj,50,5006,6,0.6838,1.0000,1
mnist_proj,50,5006,7,0.6838,1.0000,1
mnist_proj,50,5006,8,0.6838,1.0000,1
mnist_proj,50,5006,9,0.6838,1.0000,1
mnist_proj,50,5006,10,0.6838,1.0000,1
mnist_proj,50,5006,11,0.6838,0.9898,1
mnist_proj,50,5006,12,0.6838,1.0000,1
mnist_proj,50,5006,13,0.6838,1.0000,1
mnist_proj,50,5006,14,0.6838,1.0000,1
mnist_proj,50,5006,15,0.6838,1.0000,1
mnist_proj,50,5006,16,0.6838,1.0000,1
mnist_proj,50,5006,17,0.6838,1.0000,1
mnist_proj,50,5006,18,0.6838,1.0000,1
mnist_proj,50,5006,19,0.6838,1.0000,1
mnist_proj,50,5006,20,0.6838,1.0000,1
mnist_proj,50,5006,21,0.6838,1.0000,1
mnist_proj,50,5006,22,0.6838,0.9872,1
mnist_proj,50,5006,23,0.6838,1.0000,1
mnist_proj,50,5006,24,0.6838,1.0000,1
mnist_proj,50,5006,25,0.6838,0.9541,1
mnist_proj,50,5006,26,0.6838,1.0000,1
mnist_proj,50,5006,27,0.6838,1.0000,1
mnist_proj,50,5006,28,0.6838,1.0000,1
mnist_proj,50,5006,29,0.6838,1.0000,1
mnist_proj,50,5006,30,0.6838,1.0000,1
mnist_proj,50,5006,31,0.6838,1.0000,1
mnist_proj,50,5006,32,0.6838,0.9872,1
mnist_proj,50,5006,33,0.6838,1.0000,1
mnist_proj,50,5006,34,0.6838,1.0000,1
mnist_proj,50,5006,35,0.6838,1.0000,1
mnist_proj,50,5006,36,0.6838,1.0000,1
mnist_proj,50,5006,37,0.6838,1.0000,1
mnist_proj,50,5006,38,0.6838,1.0000,1
mnist_proj,50,5006,39,0.6838,1.0000,1
mnist_proj,50,5006,40,0.6838,0.8673,0
mnist_proj,50,5006,41,0.6838,1.0000,1
mnist_proj,50,5006,42,0.6838,1.0000,1
mnist_proj,50,5006,43,0.6838,1.0000,1
mnist_proj,50,5006,44,0.6838,1.0000,1
mnist_proj,50,5006,45,0.6838,1.0000,1
mnist_proj,50,5006,46,0.6838,1.0000,1
mnist_proj,50,5006,47,0.6838,1.0000,1
mnist_proj,50,5006,48,0.6838,1.0000,1
mnist_proj,50,5006,49,0.6838,1.0000,1
random_proj,50,5006,0,0.0010,1.0000,1
random_proj,50,5006,1,0.0010,1.0000,1
random_proj,50,5006,2,0.0010,1.0000,1
random_proj,50,5006,3,0.0010,1.0000,1
random_proj,50,5006,4,0.0010,1.0000,1
random_proj,50,5006,5,0.0010,1.0000,1
random_proj,50,5006,6,0.0010,1.0000,1
random_proj,50,5006,7,0.0010,1.0000,1
random_proj,50,5006,8,0.0010,1.0000,1
random_proj,50,5006,9,0.0010,1.0000,1
random_proj,50,5006,10,0.0010,1.0000,1
random_proj,50,5006,11,0.0010,1.0000,1
random_proj,50,5006,12,0.0010,1.0000,1
random_proj,50,5006,13,0.0010,1.0000,1
random_proj,50,5006,14,0.0010,1.0000,1
random_proj,50,5006,15,0.0010,1.0000,1
random_proj,50,5006,16,0.0010,1.0000,1
random_proj,50,5006,17,0.0010,1.0000,1
random_proj,50,5006,18,0.0010,1.0000,1
random_proj,50,5006,19,0.0010,1.0000,1
random_proj,50,5006,20,0.0010,1.0000,1
random_proj,50,5006,21,0.0010,1.0000,1
random_proj,50,5006,22,0.0010,1.0000,1
random_proj,50,5006,23,0.0010,1.0000,1
random_proj,50,5006,24,0.0010,1.0000,1
random_proj,50,5006,25,0.0010,1.0000,1
random_proj,50,5006,26,0.0010,1.0000,1
random_proj,50,5006,27,0.0010,1.0000,1
random_proj,50,5006,28,0.0010,1.0000,1
random_proj,50,5006,29,0.0010,1.0000,1
random_proj,50,5006,30,0.0010,1.0000,1
random_proj,50,5006,31,0.0010,1.0000,1
random_proj,50,5006,32,0.0010,1.0000,1
random_proj,50,5006,33,0.0010,1.0000,1
random_proj,50,5006,34,0.0010,1.0000,1
random_proj,50,5006,35,0.0010,1.0000,1
random_proj,50,5006,36,0.0010,1.0000,1
random_proj,50,5006,37,0.0010,1.0000,1
random_proj,50,5006,38,0.0010,1.0000,1
random_proj,50,5006,39,0.0010,1.0000,1
random_proj,50,5006,40,0.0010,1.0000,1
random_proj,50,5006,41,0.0010,1.0000,1
random_proj,50,5006,42,0.0010,1.0000,1
random_proj,50,5006,43,0.0010,1.0000,1
random_proj,50,5006,44,0.0010,1.0000,1
random_proj,50,5006,45,0.0010,1.0000,1
random_proj,50,5006,46,0.0010,1.0000,1
random_proj,50,5006,47,0.0010,1.0000,1
random_proj,50,5006,48,0.0010,1.0000,1
random_proj,50,5006,49,0.0010,1.0000,1
mnist_proj,50,5007,0,0.6838,1.0000,1
mnist_proj,50,5007,1,0.6838,1.0000,1
mnist_proj,50,5007,2,0.6838,1.0000,1
mnist_proj,50,5007,3,0.6838,1.0000,1
mnist_proj,50,5007,4,0.6838,1.0000,1
mnist_proj,50,5007,5,0.6838,1.0000,1
mnist_proj,50,5007,6,0.6838,1.0000,1
mnist_proj,50,5007,7,0.6838,1.0000,1
mnist_proj,50,5007,8,0.6838,1.0000,1
mnist_proj,50,5007,9,0.6838,1.0000,1
mnist_proj,50,5007,10,0.6838,1.0000,1
mnist_proj,50,5007,11,0.6838,1.0000,1
mnist_proj,50,5007,12,0.6838,1.0000,1
mnist_proj,50,5007,13,0.6838,1.0000,1
mnist_proj,50,5007,14,0.6838,1.0000,1
mnist_proj,50,5007,15,0.6838,1.0000,1
mnist_proj,50,5007,16,0.6838,1.0000,1
mnist_proj,50,5007,17,0.6838,1.0000,1
mnist_proj,50,5007,18,0.6838,1.0000,1
mnist_proj,50,5007,19,0.6838,0.9898,1
mnist_proj,50,5007,20,0.6838,1.0000,1
mnist_proj,50,5007,21,0.6838,1.0000,1
mnist_proj,50,5007,22,0.6838,1.0000,1
mnist_proj,50,5007,23,0.6838,1.0000,1
mnist_proj,50,5007,24,0.6838,1.0000,1
mnist_proj,50,5007,25,0.6838,1.0000,1
mnist_proj,50,5007,26,0.6838,1.0000,1
mnist_proj,50,5007,27,0.6838,1.0000,1
mnist_proj,50,5007,28,0.6838,0.9362,0
mnist_proj,50,5007,29,0.6838,1.0000,1
mnist_proj,50,5007,30,0.6838,1.0000,1
mnist_proj,50,5007,31,0.6838,1.0000,1
mnist_proj,50,5007,32,0.6838,1.0000,1
mnist_proj,50,5007,33,0.6838,1.0000,1
mnist_proj,50,5007,34,0.6838,1.0000,1
mnist_proj,50,5007,35,0.6838,1.0000,1
mnist_proj,50,5007,36,0.6838,1.0000,1
mnist_proj,50,5007,37,0.6838,1.0000,1
mnist_proj,50,5007,38,0.6838,1.0000,1
mnist_proj,50,5007,39,0.6838,1.0000,1
mnist_proj,50,5007,40,0.6838,1.0000,1
mnist_proj,50,5007,41,0.6838,1.0000,1
mnist_proj,50,5007,42,0.6838,1.0000,1
mnist_proj,50,5007,43,0.6838,0.9464,0
mnist_proj,50,5007,44,0.6838,0.9847,1
mnist_proj,50,5007,45,0.6838,1.0000,1
mnist_proj,50,5007,46,0.6838,1.0000,1
mnist_proj,50,5007,47,0.6838,1.0000,1
mnist_proj,50,5007,48,0.6838,1.0000,1
mnist_proj,50,5007,49,0.6838,1.0000,1
random_proj,50,5007,0,-0.0015,1.0000,1
random_proj,50,5007,1,-0.0015,1.0000,1
random_proj,50,5007,2,-0.0015,1.0000,1
random_proj,50,5007,3,-0.0015,1.0000,1
random_proj,50,5007,4,-0.0015,1.0000,1
random_proj,50,5007,5,-0.0015,1.0000,1
random_proj,50,5007,6,-0.0015,1.0000,1
random_proj,50,5007,7,-0.0015,1.0000,1
random_proj,50,5007,8,-0.0015,1.0000,1
random_proj,50,5007,9,-0.0015,1.0000,1
random_proj,50,5007,10,-0.0015,1.0000,1
random_proj,50,5007,11,-0.0015,1.0000,1
random_proj,50,5007,12,-0.0015,1.0000,1
random_proj,50,5007,13,-0.0015,1.0000,1
random_proj,50,5007,14,-0.0015,1.0000,1
random_proj,50,5007,15,-0.0015,1.0000,1
random_proj,50,5007,16,-0.0015,1.0000,1
random_proj,50,5007,17,-0.0015,1.0000,1
random_proj,50,5007,18,-0.0015,1.0000,1
random_proj,50,5007,19,-0.0015,1.0000,1
random_proj,50,5007,20,-0.0015,1.0000,1
random_proj,50,5007,21,-0.0015,1.0000,1
random_proj,50,5007,22,-0.0015,1.0000,1
random_proj,50,5007,23,-0.0015,1.0000,1
random_proj,50,5007,24,-0.0015,1.0000,1
random_proj,50,5007,25,-0.0015,1.0000,1
random_proj,50,5007,26,-0.0015,1.0000,1
random_proj,50,5007,27,-0.0015,1.0000,1
random_proj,50,5007,28,-0.0015,1.0000,1
random_proj,50,5007,29,-0.0015,1.0000,1
random_proj,50,5007,30,-0.0015,1.0000,1
random_proj,50,5007,31,-0.0015,1.0000,1
random_proj,50,5007,32,-0.0015,1.0000,1
random_proj,50,5007,33,-0.0015,1.0000,1
random_proj,50,5007,34,-0.0015,1.0000,1
random_proj,50,5007,35,-0.0015,1.0000,1
random_proj,50,5007,36,-0.0015,1.0000,1
random_proj,50,5007,37,-0.0015,1.0000,1
random_proj,50,5007,38,-0.0015,1.0000,1
random_proj,50,5007,39,-0.0015,1.0000,1
random_proj,50,5007,40,-0.0015,1.0000,1
random_proj,50,5007,41,-0.0015,1.0000,1
random_proj,50,5007,42,-0.0015,1.0000,1
random_proj,50,5007,43,-0.0015,1.0000,1
random_proj,50,5007,44,-0.0015,1.0000,1
random_proj,50,5007,45,-0.0015,1.0000,1
random_proj,50,5007,46,-0.0015,1.0000,1
random_proj,50,5007,47,-0.0015,1.0000,1
random_proj,50,5007,48,-0.0015,1.0000,1
random_proj,50,5007,49,-0.0015,1.0000,1
mnist_proj,50,5008,0,0.6838,1.0000,1
mnist_proj,50,5008,1,0.6838,0.9286,0
mnist_proj,50,5008,2,0.6838,1.0000,1
mnist_proj,50,5008,3,0.6838,1.0000,1
mnist_proj,50,5008,4,0.6838,1.0000,1
mnist_proj,50,5008,5,0.6838,1.0000,1
mnist_proj,50,5008,6,0.6838,1.0000,1
mnist_proj,50,5008,7,0.6838,1.0000,1
mnist_proj,50,5008,8,0.6838,1.0000,1
mnist_proj,50,5008,9,0.6838,0.9464,0
mnist_proj,50,5008,10,0.6838,1.0000,1
mnist_proj,50,5008,11,0.6838,1.0000,1
mnist_proj,50,5008,12,0.6838,1.0000,1
mnist_proj,50,5008,13,0.6838,1.0000,1
mnist_proj,50,5008,14,0.6838,1.0000,1
mnist_proj,50,5008,15,0.6838,1.0000,1
mnist_proj,50,5008,16,0.6838,1.0000,1
mnist_proj,50,5008,17,0.6838,1.0000,1
mnist_proj,50,5008,18,0.6838,1.0000,1
mnist_proj,50,5008,19,0.6838,0.8980,0
mnist_proj,50,5008,20,0.6838,1.0000,1
mnist_proj,50,5008,21,0.6838,1.0000,1
mnist_proj,50,5008,22,0.6838,1.0000,1
mnist_proj,50,5008,23,0.6838,1.0000,1
mnist_proj,50,5008,24,0.6838,1.0000,1
mnist_proj,50,5008,25,0.6838,0.9872,1
mnist_proj,50,5008,26,0.6838,0.9107,0
mnist_proj,50,5008,27,0.6838,1.0000,1
mnist_proj,50,5008,28,0.6838,0.9439,0
mnist_proj,50,5008,29,0.6838,1.0000,1
mnist_proj,50,5008,30,0.6838,0.9847,1
mnist_proj,50,5008,31,0.6838,0.9005,0
mnist_proj,50,5008,32,0.6838,1.0000,1
mnist_proj,50,5008,33,0.6838,0.8903,0
mnist_proj,50,5008,34,0.6838,1.0000,1
mnist_proj,50,5008,35,0.6838,1.0000,1
mnist_proj,50,5008,36,0.6838,1.0000,1
mnist_proj,50,5008,37,0.6838,1.0000,1
mnist_proj,50,5008,38,0.6838,1.0000,1
mnist_proj,50,5008,39,0.6838,0.9745,1
mnist_proj,50,5008,40,0.6838,1.0000,1
mnist_proj,50,5008,41,0.6838,1.0000,1
mnist_proj,50,5008,42,0.6838,0.9541,1
mnist_proj,50,5008,43,0.6838,0.9362,0
mnist_proj,50,5008,44,0.6838,1.0000,1
mnist_proj,50,5008,45,0.6838,1.0000,1
mnist_proj,50,5008,46,0.6838,1.0000,1
mnist_proj,50,5008,47,0.6838,0.9286,0
mnist_proj,50,5008,48,0.6838,0.9311,0
mnist_proj,50,5008,49,0.6838,1.0000,1
random_proj,50,5008,0,-0.0010,1.0000,1
random_proj,50,5008,1,-0.0010,1.0000,1
random_proj,50,5008,2,-0.0010,1.0000,1
random_proj,50,5008,3,-0.0010,1.0000,1
random_proj,50,5008,4,-0.0010,1.0000,1
random_proj,50,5008,5,-0.0010,1.0000,1
random_proj,50,5008,6,-0.0010,1.0000,1
random_proj,50,5008,7,-0.0010,1.0000,1
random_proj,50,5008,8,-0.0010,1.0000,1
random_proj,50,5008,9,-0.0010,1.0000,1
random_proj,50,5008,10,-0.0010,1.0000,1
random_proj,50,5008,11,-0.0010,1.0000,1
random_proj,50,5008,12,-0.0010,1.0000,1
random_proj,50,5008,13,-0.0010,1.0000,1
random_proj,50,5008,14,-0.0010,1.0000,1
random_proj,50,5008,15,-0.0010,1.0000,1
random_proj,50,5008,16,-0.0010,1.0000,1
random_proj,50,5008,17,-0.0010,1.0000,1
random_proj,50,5008,18,-0.0010,1.0000,1
random_proj,50,5008,19,-0.0010,1.0000,1
random_proj,50,5008,20,-0.0010,1.0000,1
random_proj,50,5008,21,-0.0010,1.0000,1
random_proj,50,5008,22,-0.0010,1.0000,1
random_proj,50,5008,23,-0.0010,1.0000,1
random_proj,50,5008,24,-0.0010,1.0000,1
random_proj,50,5008,25,-0.0010,1.0000,1
random_proj,50,5008,26,-0.0010,1.0000,1
random_proj,50,5008,27,-0.0010,1.0000,1
random_proj,50,5008,28,-0.0010,1.0000,1
random_proj,50,5008,29,-0.0010,1.0000,1
random_proj,50,5008,30,-0.0010,1.0000,1
random_proj,50,5008,31,-0.0010,1.0000,1
random_proj,50,5008,32,-0.0010,1.0000,1
random_proj,50,5008,33,-0.0010,1.0000,1
random_proj,50,5008,34,-0.0010,1.0000,1
random_proj,50,5008,35,-0.0010,1.0000,1
random_proj,50,5008,36,-0.0010,1.0000,1
random_proj,50,5008,37,-0.0010,1.0000,1
random_proj,50,5008,38,-0.0010,1.0000,1
random_proj,50,5008,39,-0.0010,1.0000,1
random_proj,50,5008,40,-0.0010,1.0000,1
random_proj,50,5008,41,-0.0010,1.0000,1
random_proj,50,5008,42,-0.0010,1.0000,1
random_proj,50,5008,43,-0.0010,1.0000,1
random_proj,50,5008,44,-0.0010,1.0000,1
random_proj,50,5008,45,-0.0010,1.0000,1
random_proj,50,5008,46,-0.0010,1.0000,1
random_proj,50,5008,47,-0.0010,1.0000,1
random_proj,50,5008,48,-0.0010,1.0000,1
random_proj,50,5008,49,-0.0010,1.0000,1
mnist_proj,50,5009,0,0.6838,1.0000,1
mnist_proj,50,5009,1,0.6838,1.0000,1
mnist_proj,50,5009,2,0.6838,1.0000,1
mnist_proj,50,5009,3,0.6838,1.0000,1
mnist_proj,50,5009,4,0.6838,1.0000,1
mnist_proj,50,5009,5,0.6838,1.0000,1
mnist_proj,50,5009,6,0.6838,1.0000,1
mnist_proj,50,5009,7,0.6838,1.0000,1
mnist_proj,50,5009,8,0.6838,1.0000,1
mnist_proj,50,5009,9,0.6838,1.0000,1
mnist_proj,50,5009,10,0.6838,1.0000,1
mnist_proj,50,5009,11,0.6838,0.9872,1
mnist_proj,50,5009,12,0.6838,1.0000,1
mnist_proj,50,5009,13,0.6838,1.0000,1
mnist_proj,50,5009,14,0.6838,1.0000,1
mnist_proj,50,5009,15,0.6838,1.0000,1
mnist_proj,50,5009,16,0.6838,1.0000,1
mnist_proj,50,5009,17,0.6838,0.9184,0
mnist_proj,50,5009,18,0.6838,0.9872,1
mnist_proj,50,5009,19,0.6838,0.9898,1
mnist_proj,50,5009,20,0.6838,1.0000,1
mnist_proj,50,5009,21,0.6838,1.0000,1
mnist_proj,50,5009,22,0.6838,1.0000,1
mnist_proj,50,5009,23,0.6838,1.0000,1
mnist_proj,50,5009,24,0.6838,1.0000,1
mnist_proj,50,5009,25,0.6838,1.0000,1
mnist_proj,50,5009,26,0.6838,1.0000,1
mnist_proj,50,5009,27,0.6838,1.0000,1
mnist_proj,50,5009,28,0.6838,1.0000,1
mnist_proj,50,5009,29,0.6838,1.0000,1
mnist_proj,50,5009,30,0.6838,1.0000,1
mnist_proj,50,5009,31,0.6838,1.0000,1
mnist_proj,50,5009,32,0.6838,1.0000,1
mnist_proj,50,5009,33,0.6838,1.0000,1
mnist_proj,50,5009,34,0.6838,0.9362,0
mnist_proj,50,5009,35,0.6838,1.0000,1
mnist_proj,50,5009,36,0.6838,0.9286,0
mnist_proj,50,5009,37,0.6838,1.0000,1
mnist_proj,50,5009,38,0.6838,1.0000,1
mnist_proj,50,5009,39,0.6838,1.0000,1
mnist_proj,50,5009,40,0.6838,1.0000,1
mnist_proj,50,5009,41,0.6838,1.0000,1
mnist_proj,50,5009,42,0.6838,0.9872,1
mnist_proj,50,5009,43,0.6838,1.0000,1
mnist_proj,50,5009,44,0.6838,1.0000,1
mnist_proj,50,5009,45,0.6838,1.0000,1
mnist_proj,50,5009,46,0.6838,1.0000,1
mnist_proj,50,5009,47,0.6838,1.0000,1
mnist_proj,50,5009,48,0.6838,1.0000,1
mnist_proj,50,5009,49,0.6838,1.0000,1
random_proj,50,5009,0,-0.0025,1.0000,1
random_proj,50,5009,1,-0.0025,1.0000,1
random_proj,50,5009,2,-0.0025,1.0000,1
random_proj,50,5009,3,-0.0025,1.0000,1
random_proj,50,5009,4,-0.0025,1.0000,1
random_proj,50,5009,5,-0.0025,1.0000,1
random_proj,50,5009,6,-0.0025,1.0000,1
random_proj,50,5009,7,-0.0025,1.0000,1
random_proj,50,5009,8,-0.0025,1.0000,1
random_proj,50,5009,9,-0.0025,1.0000,1
random_proj,50,5009,10,-0.0025,1.0000,1
random_proj,50,5009,11,-0.0025,1.0000,1
random_proj,50,5009,12,-0.0025,1.0000,1
random_proj,50,5009,13,-0.0025,1.0000,1
random_proj,50,5009,14,-0.0025,1.0000,1
random_proj,50,5009,15,-0.0025,1.0000,1
random_proj,50,5009,16,-0.0025,1.0000,1
random_proj,50,5009,17,-0.0025,1.0000,1
random_proj,50,5009,18,-0.0025,1.0000,1
random_proj,50,5009,19,-0.0025,1.0000,1
random_proj,50,5009,20,-0.0025,1.0000,1
random_proj,50,5009,21,-0.0025,1.0000,1
random_proj,50,5009,22,-0.0025,1.0000,1
random_proj,50,5009,23,-0.0025,1.0000,1
random_proj,50,5009,24,-0.0025,1.0000,1
random_proj,50,5009,25,-0.0025,1.0000,1
random_proj,50,5009,26,-0.0025,1.0000,1
random_proj,50,5009,27,-0.0025,1.0000,1
random_proj,50,5009,28,-0.0025,1.0000,1
random_proj,50,5009,29,-0.0025,1.0000,1
random_proj,50,5009,30,-0.0025,1.0000,1
random_proj,50,5009,31,-0.0025,1.0000,1
random_proj,50,5009,32,-0.0025,1.0000,1
random_proj,50,5009,33,-0.0025,1.0000,1
random_proj,50,5009,34,-0.0025,1.0000,1
random_proj,50,5009,35,-0.0025,1.0000,1
random_proj,50,5009,36,-0.0025,1.0000,1
random_proj,50,5009,37,-0.0025,1.0000,1
random_proj,50,5009,38,-0.0025,1.0000,1
random_proj,50,5009,39,-0.0025,1.0000,1
random_proj,50,5009,40,-0.0025,1.0000,1
random_proj,50,5009,41,-0.0025,1.0000,1
random_proj,50,5009,42,-0.0025,1.0000,1
random_proj,50,5009,43,-0.0025,1.0000,1
random_proj,50,5009,44,-0.0025,1.0000,1
random_proj,50,5009,45,-0.0025,1.0000,1
random_proj,50,5009,46,-0.0025,1.0000,1
random_proj,50,5009,47,-0.0025,1.0000,1
random_proj,50,5009,48,-0.0025,1.0000,1
random_proj,50,5009,49,-0.0025,1.0000,1
mnist_proj,100,10000,0,0.6700,0.9158,0
mnist_proj,100,10000,1,0.6700,0.8750,0
mnist_proj,100,10000,2,0.6700,0.8469,0
mnist_proj,100,10000,3,0.6700,0.8801,0
mnist_proj,100,10000,4,0.6700,0.9770,1
mnist_proj,100,10000,5,0.6700,0.8878,0
mnist_proj,100,10000,6,0.6700,0.8469,0
mnist_proj,100,10000,7,0.6700,0.8469,0
mnist_proj,100,10000,8,0.6700,0.8571,0
mnist_proj,100,10000,9,0.6700,0.9464,0
mnist_proj,100,10000,10,0.6700,0.9082,0
mnist_proj,100,10000,11,0.6700,0.9235,0
mnist_proj,100,10000,12,0.6700,0.8954,0
mnist_proj,100,10000,13,0.6700,0.8750,0
mnist_proj,100,10000,14,0.6700,0.9362,0
mnist_proj,100,10000,15,0.6700,0.8393,0
mnist_proj,100,10000,16,0.6700,0.9260,0
mnist_proj,100,10000,17,0.6700,0.8980,0
mnist_proj,100,10000,18,0.6700,0.8903,0
mnist_proj,100,10000,19,0.6700,0.8597,0
mnist_proj,100,10000,20,0.6700,0.9184,0
mnist_proj,100,10000,21,0.6700,0.8929,0
mnist_proj,100,10000,22,0.6700,0.8903,0
mnist_proj,100,10000,23,0.6700,0.8418,0
mnist_proj,100,10000,24,0.6700,0.9005,0
mnist_proj,100,10000,25,0.6700,0.8801,0
mnist_proj,100,10000,26,0.6700,0.9133,0
mnist_proj,100,10000,27,0.6700,0.8929,0
mnist_proj,100,10000,28,0.6700,0.9184,0
mnist_proj,100,10000,29,0.6700,0.9439,0
mnist_proj,100,10000,30,0.6700,0.9209,0
mnist_proj,100,10000,31,0.6700,0.8827,0
mnist_proj,100,10000,32,0.6700,0.8980,0
mnist_proj,100,10000,33,0.6700,0.8724,0
mnist_proj,100,10000,34,0.6700,0.8929,0
mnist_proj,100,10000,35,0.6700,0.8546,0
mnist_proj,100,10000,36,0.6700,0.8367,0
mnist_proj,100,10000,37,0.6700,0.8240,0
mnist_proj,100,10000,38,0.6700,0.8903,0
mnist_proj,100,10000,39,0.6700,0.8469,0
mnist_proj,100,10000,40,0.6700,0.8750,0
mnist_proj,100,10000,41,0.6700,0.8673,0
mnist_proj,100,10000,42,0.6700,0.8750,0
mnist_proj,100,10000,43,0.6700,0.8929,0
mnist_proj,100,10000,44,0.6700,0.9158,0
mnist_proj,100,10000,45,0.6700,0.8750,0
mnist_proj,100,10000,46,0.6700,0.8801,0
mnist_proj,100,10000,47,0.6700,0.8724,0
mnist_proj,100,10000,48,0.6700,0.8597,0
mnist_proj,100,10000,49,0.6700,0.8622,0
mnist_proj,100,10000,50,0.6700,0.8954,0
mnist_proj,100,10000,51,0.6700,0.8316,0
mnist_proj,100,10000,52,0.6700,0.8087,0
mnist_proj,100,10000,53,0.6700,0.9286,0
mnist_proj,100,10000,54,0.6700,0.8980,0
mnist_proj,100,10000,55,0.6700,0.8801,0
mnist_proj,100,10000,56,0.6700,0.8546,0
mnist_proj,100,10000,57,0.6700,0.9260,0
mnist_proj,100,10000,58,0.6700,0.8546,0
mnist_proj,100,10000,59,0.6700,0.8903,0
mnist_proj,100,10000,60,0.6700,0.9107,0
mnist_proj,100,10000,61,0.6700,0.8878,0
mnist_proj,100,10000,62,0.6700,0.8852,0
mnist_proj,100,10000,63,0.6700,0.8061,0
mnist_proj,100,10000,64,0.6700,0.8444,0
mnist_proj,100,10000,65,0.6700,0.9107,0
mnist_proj,100,10000,66,0.6700,0.9337,0
mnist_proj,100,10000,67,0.6700,0.8673,0
mnist_proj,100,10000,68,0.6700,0.8214,0
mnist_proj,100,10000,69,0.6700,0.9031,0
mnist_proj,100,10000,70,0.6700,0.8776,0
mnist_proj,100,10000,71,0.6700,0.8929,0
mnist_proj,100,10000,72,0.6700,0.9005,0
mnist_proj,100,10000,73,0.6700,0.9362,0
mnist_proj,100,10000,74,0.6700,0.8622,0
mnist_proj,100,10000,75,0.6700,0.9056,0
mnist_proj,100,10000,76,0.6700,0.9617,1
mnist_proj,100,10000,77,0.6700,0.8622,0
mnist_proj,100,10000,78,0.6700,0.8648,0
mnist_proj,100,10000,79,0.6700,0.8878,0
mnist_proj,100,10000,80,0.6700,0.8903,0
mnist_proj,100,10000,81,0.6700,0.8469,0
mnist_proj,100,10000,82,0.6700,0.9235,0
mnist_proj,100,10000,83,0.6700,0.8724,0
mnist_proj,100,10000,84,0.6700,0.9056,0
mnist_proj,100,10000,85,0.6700,0.9082,0
mnist_proj,100,10000,86,0.6700,0.9184,0
mnist_proj,100,10000,87,0.6700,0.9184,0
mnist_proj,100,10000,88,0.6700,0.9056,0
mnist_proj,100,10000,89,0.6700,0.8980,0
mnist_proj,100,10000,90,0.6700,0.8520,0
mnist_proj,100,10000,91,0.6700,0.8444,0
mnist_proj,100,10000,92,0.6700,0.9209,0
mnist_proj,100,10000,93,0.6700,0.9031,0
mnist_proj,100,10000,94,0.6700,0.8801,0
mnist_proj,100,10000,95,0.6700,0.8571,0
mnist_proj,100,10000,96,0.6700,0.8673,0
mnist_proj,100,10000,97,0.6700,0.9107,0
mnist_proj,100,10000,98,0.6700,0.8699,0
mnist_proj,100,10000,99,0.6700,0.8597,0
random_proj,100,10000,0,-0.0009,1.0000,1
random_proj,100,10000,1,-0.0009,1.0000,1
random_proj,100,10000,2,-0.0009,1.0000,1
random_proj,100,10000,3,-0.0009,1.0000,1
random_proj,100,10000,4,-0.0009,1.0000,1
random_proj,100,10000,5,-0.0009,1.0000,1
random_proj,100,10000,6,-0.0009,1.0000,1
random_proj,100,10000,7,-0.0009,1.0000,1
random_proj,100,10000,8,-0.0009,1.0000,1
random_proj,100,10000,9,-0.0009,1.0000,1
random_proj,100,10000,10,-0.0009,1.0000,1
random_proj,100,10000,11,-0.0009,1.0000,1
random_proj,100,10000,12,-0.0009,1.0000,1
random_proj,100,10000,13,-0.0009,1.0000,1
random_proj,100,10000,14,-0.0009,1.0000,1
random_proj,100,10000,15,-0.0009,1.0000,1
random_proj,100,10000,16,-0.0009,1.0000,1
random_proj,100,10000,17,-0.0009,1.0000,1
random_proj,100,10000,18,-0.0009,1.0000,1
random_proj,100,10000,19,-0.0009,1.0000,1
random_proj,100,10000,20,-0.0009,1.0000,1
random_proj,100,10000,21,-0.0009,1.0000,1
random_proj,100,10000,22,-0.0009,1.0000,1
random_proj,100,10000,23,-0.0009,1.0000,1
random_proj,100,10000,24,-0.0009,1.0000,1
random_proj,100,10000,25,-0.0009,1.0000,1
random_proj,100,10000,26,-0.0009,1.0000,1
random_proj,100,10000,27,-0.0009,1.0000,1
random_proj,100,10000,28,-0.0009,1.0000,1
random_proj,100,10000,29,-0.0009,1.0000,1
random_proj,100,10000,30,-0.0009,1.0000,1
random_proj,100,10000,31,-0.0009,1.0000,1
random_proj,100,10000,32,-0.0009,1.0000,1
random_proj,100,10000,33,-0.0009,1.0000,1
random_proj,100,10000,34,-0.0009,1.0000,1
random_proj,100,10000,35,-0.0009,1.0000,1
random_proj,100,10000,36,-0.0009,1.0000,1
random_proj,100,10000,37,-0.0009,1.0000,1
random_proj,100,10000,38,-0.0009,1.0000,1
random_proj,100,10000,39,-0.0009,1.0000,1
random_proj,100,10000,40,-0.0009,1.0000,1
random_proj,100,10000,41,-0.0009,1.0000,1
random_proj,100,10000,42,-0.0009,1.0000,1
random_proj,100,10000,43,-0.0009,1.0000,1
random_proj,100,10000,44,-0.0009,1.0000,1
random_proj,100,10000,45,-0.0009,1.0000,1
random_proj,100,10000,46,-0.0009,1.0000,1
random_proj,100,10000,47,-0.0009,1.0000,1
random_proj,100,10000,48,-0.0009,1.0000,1
random_proj,100,10000,49,-0.0009,1.0000,1
random_proj,100,10000,50,-0.0009,1.0000,1
random_proj,100,10000,51,-0.0009,1.0000,1
random_proj,100,10000,52,-0.0009,1.0000,1
random_proj,100,10000,53,-0.0009,1.0000,1
random_proj,100,10000,54,-0.0009,1.0000,1
random_proj,100,10000,55,-0.0009,1.0000,1
random_proj,100,10000,56,-0.0009,1.0000,1
random_proj,100,10000,57,-0.0009,1.0000,1
random_proj,100,10000,58,-0.0009,1.0000,1
random_proj,100,10000,59,-0.0009,1.0000,1
random_proj,100,10000,60,-0.0009,1.0000,1
random_proj,100,10000,61,-0.0009,1.0000,1
random_proj,100,10000,62,-0.0009,1.0000,1
random_proj,100,10000,63,-0.0009,1.0000,1
random_proj,100,10000,64,-0.0009,1.0000,1
random_proj,100,10000,65,-0.0009,1.0000,1
random_proj,100,10000,66,-0.0009,1.0000,1
random_proj,100,10000,67,-0.0009,1.0000,1
random_proj,100,10000,68,-0.0009,1.0000,1
random_proj,100,10000,69,-0.0009,1.0000,1
random_proj,100,10000,70,-0.0009,1.0000,1
random_proj,100,10000,71,-0.0009,1.0000,1
random_proj,100,10000,72,-0.0009,1.0000,1
random_proj,100,10000,73,-0.0009,1.0000,1
random_proj,100,10000,74,-0.0009,1.0000,1
random_proj,100,10000,75,-0.0009,1.0000,1
random_proj,100,10000,76,-0.0009,1.0000,1
random_proj,100,10000,77,-0.0009,1.0000,1
random_proj,100,10000,78,-0.0009,1.0000,1
random_proj,100,10000,79,-0.0009,1.0000,1
random_proj,100,10000,80,-0.0009,1.0000,1
random_proj,100,10000,81,-0.0009,1.0000,1
random_proj,100,10000,82,-0.0009,1.0000,1
random_proj,100,10000,83,-0.0009,1.0000,1
random_proj,100,10000,84,-0.0009,1.0000,1
random_proj,100,10000,85,-0.0009,1.0000,1
random_proj,100,10000,86,-0.0009,1.0000,1
random_proj,100,10000,87,-0.0009,1.0000,1
random_proj,100,10000,88,-0.0009,1.0000,1
random_proj,100,10000,89,-0.0009,1.0000,1
random_proj,100,10000,90,-0.0009,1.0000,1
random_proj,100,10000,91,-0.0009,1.0000,1
random_proj,100,10000,92,-0.0009,1.0000,1
random_proj,100,10000,93,-0.0009,1.0000,1
random_proj,100,10000,94,-0.0009,1.0000,1
random_proj,100,10000,95,-0.0009,1.0000,1
random_proj,100,10000,96,-0.0009,1.0000,1
random_proj,100,10000,97,-0.0009,1.0000,1
random_proj,100,10000,98,-0.0009,1.0000,1
random_proj,100,10000,99,-0.0009,1.0000,1
mnist_proj,100,10001,0,0.6700,0.8878,0
mnist_proj,100,10001,1,0.6700,0.8648,0
mnist_proj,100,10001,2,0.6700,0.9362,0
mnist_proj,100,10001,3,0.6700,0.9158,0
mnist_proj,100,10001,4,0.6700,0.8393,0
mnist_proj,100,10001,5,0.6700,0.8929,0
mnist_proj,100,10001,6,0.6700,0.8622,0
mnist_proj,100,10001,7,0.6700,0.8265,0
mnist_proj,100,10001,8,0.6700,0.9413,0
mnist_proj,100,10001,9,0.6700,0.9082,0
mnist_proj,100,10001,10,0.6700,0.8852,0
mnist_proj,100,10001,11,0.6700,0.8954,0
mnist_proj,100,10001,12,0.6700,0.8597,0
mnist_proj,100,10001,13,0.6700,0.8724,0
mnist_proj,100,10001,14,0.6700,0.8189,0
mnist_proj,100,10001,15,0.6700,0.8699,0
mnist_proj,100,10001,16,0.6700,0.8929,0
mnist_proj,100,10001,17,0.6700,0.9184,0
mnist_proj,100,10001,18,0.6700,0.9133,0
mnist_proj,100,10001,19,0.6700,0.8342,0
mnist_proj,100,10001,20,0.6700,0.8724,0
mnist_proj,100,10001,21,0.6700,0.9388,0
mnist_proj,100,10001,22,0.6700,0.9184,0
mnist_proj,100,10001,23,0.6700,0.9311,0
mnist_proj,100,10001,24,0.6700,0.9209,0
mnist_proj,100,10001,25,0.6700,0.9362,0
mnist_proj,100,10001,26,0.6700,0.9184,0
mnist_proj,100,10001,27,0.6700,0.8724,0
mnist_proj,100,10001,28,0.6700,0.8673,0
mnist_proj,100,10001,29,0.6700,0.9158,0
mnist_proj,100,10001,30,0.6700,0.9005,0
mnist_proj,100,10001,31,0.6700,0.9133,0
mnist_proj,100,10001,32,0.6700,0.9005,0
mnist_proj,100,10001,33,0.6700,0.8878,0
mnist_proj,100,10001,34,0.6700,0.8393,0
mnist_proj,100,10001,35,0.6700,0.9056,0
mnist_proj,100,10001,36,0.6700,0.8776,0
mnist_proj,100,10001,37,0.6700,0.8776,0
mnist_proj,100,10001,38,0.6700,0.8954,0
mnist_proj,100,10001,39,0.6700,0.8622,0
mnist_proj,100,10001,40,0.6700,0.9133,0
mnist_proj,100,10001,41,0.6700,0.9005,0
mnist_proj,100,10001,42,0.6700,0.8546,0
mnist_proj,100,10001,43,0.6700,0.9133,0
mnist_proj,100,10001,44,0.6700,0.9311,0
mnist_proj,100,10001,45,0.6700,0.9005,0
mnist_proj,100,10001,46,0.6700,0.9005,0
mnist_proj,100,10001,47,0.6700,0.8520,0
mnist_proj,100,10001,48,0.6700,0.8622,0
mnist_proj,100,10001,49,0.6700,0.9184,0
mnist_proj,100,10001,50,0.6700,0.8673,0
mnist_proj,100,10001,51,0.6700,0.8418,0
mnist_proj,100,10001,52,0.6700,0.8444,0
mnist_proj,100,10001,53,0.6700,0.8520,0
mnist_proj,100,10001,54,0.6700,0.9311,0
mnist_proj,100,10001,55,0.6700,0.8010,0
mnist_proj,100,10001,56,0.6700,0.8954,0
mnist_proj,100,10001,57,0.6700,0.9184,0
mnist_proj,100,10001,58,0.6700,0.8342,0
mnist_proj,100,10001,59,0.6700,0.8776,0
mnist_proj,100,10001,60,0.6700,0.8673,0
mnist_proj,100,10001,61,0.6700,0.8316,0
mnist_proj,100,10001,62,0.6700,0.8724,0
mnist_proj,100,10001,63,0.6700,0.9490,0
mnist_proj,100,10001,64,0.6700,0.8520,0
mnist_proj,100,10001,65,0.6700,0.8495,0
mnist_proj,100,10001,66,0.6700,0.8852,0
mnist_proj,100,10001,67,0.6700,0.8878,0
mnist_proj,100,10001,68,0.6700,0.9362,0
mnist_proj,100,10001,69,0.6700,0.8597,0
mnist_proj,100,10001,70,0.6700,0.9031,0
mnist_proj,100,10001,71,0.6700,0.8903,0
mnist_proj,100,10001,72,0.6700,0.8750,0
mnist_proj,100,10001,73,0.6700,0.9209,0
mnist_proj,100,10001,74,0.6700,0.8903,0
mnist_proj,100,10001,75,0.6700,0.8776,0
mnist_proj,100,10001,76,0.6700,0.8776,0
mnist_proj,100,10001,77,0.6700,0.8724,0
mnist_proj,100,10001,78,0.6700,0.8878,0
mnist_proj,100,10001,79,0.6700,0.8954,0
mnist_proj,100,10001,80,0.6700,0.8724,0
mnist_proj,100,10001,81,0.6700,0.8571,0
mnist_proj,100,10001,82,0.6700,0.8903,0
mnist_proj,100,10001,83,0.6700,0.9107,0
mnist_proj,100,10001,84,0.6700,0.8903,0
mnist_proj,100,10001,85,0.6700,0.9056,0
mnist_proj,100,10001,86,0.6700,0.8852,0
mnist_proj,100,10001,87,0.6700,0.8750,0
mnist_proj,100,10001,88,0.6700,0.8852,0
mnist_proj,100,10001,89,0.6700,0.8571,0
mnist_proj,100,10001,90,0.6700,0.9286,0
mnist_proj,100,10001,91,0.6700,0.8597,0
mnist_proj,100,10001,92,0.6700,0.8827,0
mnist_proj,100,10001,93,0.6700,0.8724,0
mnist_proj,100,10001,94,0.6700,0.8240,0
mnist_proj,100,10001,95,0.6700,0.8673,0
mnist_proj,100,10001,96,0.6700,0.9056,0
mnist_proj,100,10001,97,0.6700,0.8673,0
mnist_proj,100,10001,98,0.6700,0.8520,0
mnist_proj,100,10001,99,0.6700,0.9031,0
random_proj,100,10001,0,-0.0004,1.0000,1
random_proj,100,10001,1,-0.0004,1.0000,1
random_proj,100,10001,2,-0.0004,1.0000,1
random_proj,100,10001,3,-0.0004,1.0000,1
random_proj,100,10001,4,-0.0004,1.0000,1
random_proj,100,10001,5,-0.0004,1.0000,1
random_proj,100,10001,6,-0.0004,1.0000,1
random_proj,100,10001,7,-0.0004,1.0000,1
random_proj,100,10001,8,-0.0004,1.0000,1
random_proj,100,10001,9,-0.0004,1.0000,1
random_proj,100,10001,10,-0.0004,1.0000,1
random_proj,100,10001,11,-0.0004,1.0000,1
random_proj,100,10001,12,-0.0004,1.0000,1
random_proj,100,10001,13,-0.0004,1.0000,1
random_proj,100,10001,14,-0.0004,1.0000,1
random_proj,100,10001,15,-0.0004,1.0000,1
random_proj,100,10001,16,-0.0004,1.0000,1
random_proj,100,10001,17,-0.0004,1.0000,1
random_proj,100,10001,18,-0.0004,1.0000,1
random_proj,100,10001,19,-0.0004,1.0000,1
random_proj,100,10001,20,-0.0004,1.0000,1
random_proj,100,10001,21,-0.0004,1.0000,1
random_proj,100,10001,22,-0.0004,1.0000,1
random_proj,100,10001,23,-0.0004,1.0000,1
random_proj,100,10001,24,-0.0004,1.0000,1
random_proj,100,10001,25,-0.0004,1.0000,1
random_proj,100,10001,26,-0.0004,1.0000,1
random_proj,100,10001,27,-0.0004,1.0000,1
random_proj,100,10001,28,-0.0004,1.0000,1
random_proj,100,10001,29,-0.0004,1.0000,1
random_proj,100,10001,30,-0.0004,1.0000,1
random_proj,100,10001,31,-0.0004,1.0000,1
random_proj,100,10001,32,-0.0004,1.0000,1
random_proj,100,10001,33,-0.0004,1.0000,1
random_proj,100,10001,34,-0.0004,1.0000,1
random_proj,100,10001,35,-0.0004,1.0000,1
random_proj,100,10001,36,-0.0004,1.0000,1
random_proj,100,10001,37,-0.0004,1.0000,1
random_proj,100,10001,38,-0.0004,1.0000,1
random_proj,100,10001,39,-0.0004,1.0000,1
random_proj,100,10001,40,-0.0004,1.0000,1
random_proj,100,10001,41,-0.0004,1.0000,1
random_proj,100,10001,42,-0.0004,1.0000,1
random_proj,100,10001,43,-0.0004,1.0000,1
random_proj,100,10001,44,-0.0004,1.0000,1
random_proj,100,10001,45,-0.0004,1.0000,1
random_proj,100,10001,46,-0.0004,1.0000,1
random_proj,100,10001,47,-0.0004,1.0000,1
random_proj,100,10001,48,-0.0004,1.0000,1
random_proj,100,10001,49,-0.0004,1.0000,1
random_proj,100,10001,50,-0.0004,1.0000,1
random_proj,100,10001,51,-0.0004,1.0000,1
random_proj,100,10001,52,-0.0004,1.0000,1
random_proj,100,10001,53,-0.0004,1.0000,1
random_proj,100,10001,54,-0.0004,1.0000,1
random_proj,100,10001,55,-0.0004,1.0000,1
random_proj,100,10001,56,-0.0004,1.0000,1
random_proj,100,10001,57,-0.0004,1.0000,1
random_proj,100,10001,58,-0.0004,1.0000,1
random_proj,100,10001,59,-0.0004,1.0000,1
random_proj,100,10001,60,-0.0004,1.0000,1
random_proj,100,10001,61,-0.0004,1.0000,1
random_proj,100,10001,62,-0.0004,1.0000,1
random_proj,100,10001,63,-0.0004,1.0000,1
random_proj,100,10001,64,-0.0004,1.0000,1
random_proj,100,10001,65,-0.0004,1.0000,1
random_proj,100,10001,66,-0.0004,1.0000,1
random_proj,100,10001,67,-0.0004,1.0000,1
random_proj,100,10001,68,-0.0004,1.0000,1
random_proj,100,10001,69,-0.0004,1.0000,1
random_proj,100,10001,70,-0.0004,1.0000,1
random_proj,100,10001,71,-0.0004,1.0000,1
random_proj,100,10001,72,-0.0004,1.0000,1
random_proj,100,10001,73,-0.0004,1.0000,1
random_proj,100,10001,74,-0.0004,1.0000,1
random_proj,100,10001,75,-0.0004,1.0000,1
random_proj,100,10001,76,-0.0004,1.0000,1
random_proj,100,10001,77,-0.0004,1.0000,1
random_proj,100,10001,78,-0.0004,1.0000,1
random_proj,100,10001,79,-0.0004,1.0000,1
random_proj,100,10001,80,-0.0004,1.0000,1
random_proj,100,10001,81,-0.0004,1.0000,1
random_proj,100,10001,82,-0.0004,1.0000,1
random_proj,100,10001,83,-0.0004,1.0000,1
random_proj,100,10001,84,-0.0004,1.0000,1
random_proj,100,10001,85,-0.0004,1.0000,1
random_proj,100,10001,86,-0.0004,1.0000,1
random_proj,100,10001,87,-0.0004,1.0000,1
random_proj,100,10001,88,-0.0004,1.0000,1
random_proj,100,10001,89,-0.0004,1.0000,1
random_proj,100,10001,90,-0.0004,1.0000,1
random_proj,100,10001,91,-0.0004,1.0000,1
random_proj,100,10001,92,-0.0004,1.0000,1
random_proj,100,10001,93,-0.0004,1.0000,1
random_proj,100,10001,94,-0.0004,1.0000,1
random_proj,100,10001,95,-0.0004,1.0000,1
random_proj,100,10001,96,-0.0004,1.0000,1
random_proj,100,10001,97,-0.0004,1.0000,1
random_proj,100,10001,98,-0.0004,1.0000,1
random_proj,100,10001,99,-0.0004,1.0000,1
mnist_proj,100,10002,0,0.6700,0.9439,0
mnist_proj,100,10002,1,0.6700,0.8418,0
mnist_proj,100,10002,2,0.6700,0.9388,0
mnist_proj,100,10002,3,0.6700,0.9158,0
mnist_proj,100,10002,4,0.6700,0.8750,0
mnist_proj,100,10002,5,0.6700,0.8010,0
mnist_proj,100,10002,6,0.6700,0.8520,0
mnist_proj,100,10002,7,0.6700,0.8954,0
mnist_proj,100,10002,8,0.6700,0.9260,0
mnist_proj,100,10002,9,0.6700,0.9337,0
mnist_proj,100,10002,10,0.6700,0.8750,0
mnist_proj,100,10002,11,0.6700,0.9260,0
mnist_proj,100,10002,12,0.6700,0.8980,0
mnist_proj,100,10002,13,0.6700,0.8520,0
mnist_proj,100,10002,14,0.6700,0.9056,0
mnist_proj,100,10002,15,0.6700,0.9184,0
mnist_proj,100,10002,16,0.6700,0.9184,0
mnist_proj,100,10002,17,0.6700,0.9133,0
mnist_proj,100,10002,18,0.6700,0.9158,0
mnist_proj,100,10002,19,0.6700,0.9107,0
mnist_proj,100,10002,20,0.6700,0.8827,0
mnist_proj,100,10002,21,0.6700,0.8954,0
mnist_proj,100,10002,22,0.6700,0.9796,1
mnist_proj,100,10002,23,0.6700,0.9235,0
mnist_proj,100,10002,24,0.6700,0.8750,0
mnist_proj,100,10002,25,0.6700,0.9056,0
mnist_proj,100,10002,26,0.6700,0.8801,0
mnist_proj,100,10002,27,0.6700,0.8138,0
mnist_proj,100,10002,28,0.6700,0.8418,0
mnist_proj,100,10002,29,0.6700,0.8699,0
mnist_proj,100,10002,30,0.6700,0.8878,0
mnist_proj,100,10002,31,0.6700,0.8954,0
mnist_proj,100,10002,32,0.6700,0.9209,0
mnist_proj,100,10002,33,0.6700,0.9056,0
mnist_proj,100,10002,34,0.6700,0.8265,0
mnist_proj,100,10002,35,0.6700,0.8852,0
mnist_proj,100,10002,36,0.6700,0.8929,0
mnist_proj,100,10002,37,0.6700,0.8954,0
mnist_proj,100,10002,38,0.6700,0.8827,0
mnist_proj,100,10002,39,0.6700,0.8852,0
mnist_proj,100,10002,40,0.6700,0.9209,0
mnist_proj,100,10002,41,0.6700,0.8776,0
mnist_proj,100,10002,42,0.6700,0.9541,1
mnist_proj,100,10002,43,0.6700,0.9056,0
mnist_proj,100,10002,44,0.6700,0.9158,0
mnist_proj,100,10002,45,0.6700,0.9107,0
mnist_proj,100,10002,46,0.6700,0.9056,0
mnist_proj,100,10002,47,0.6700,0.9107,0
mnist_proj,100,10002,48,0.6700,0.9107,0
mnist_proj,100,10002,49,0.6700,0.8929,0
mnist_proj,100,10002,50,0.6700,0.8954,0
mnist_proj,100,10002,51,0.6700,0.8214,0
mnist_proj,100,10002,52,0.6700,0.8342,0
mnist_proj,100,10002,53,0.6700,0.9286,0
mnist_proj,100,10002,54,0.6700,0.9005,0
mnist_proj,100,10002,55,0.6700,0.9107,0
mnist_proj,100,10002,56,0.6700,0.8648,0
mnist_proj,100,10002,57,0.6700,0.8878,0
mnist_proj,100,10002,58,0.6700,0.8520,0
mnist_proj,100,10002,59,0.6700,0.9719,1
mnist_proj,100,10002,60,0.6700,0.9566,1
mnist_proj,100,10002,61,0.6700,0.8699,0
mnist_proj,100,10002,62,0.6700,0.9311,0
mnist_proj,100,10002,63,0.6700,0.8316,0
mnist_proj,100,10002,64,0.6700,0.8699,0
mnist_proj,100,10002,65,0.6700,0.9209,0
mnist_proj,100,10002,66,0.6700,0.8571,0
mnist_proj,100,10002,67,0.6700,0.9133,0
mnist_proj,100,10002,68,0.6700,0.8852,0
mnist_proj,100,10002,69,0.6700,0.9133,0
mnist_proj,100,10002,70,0.6700,0.8571,0
mnist_proj,100,10002,71,0.6700,0.8622,0
mnist_proj,100,10002,72,0.6700,0.8801,0
mnist_proj,100,10002,73,0.6700,0.8648,0
mnist_proj,100,10002,74,0.6700,0.8954,0
mnist_proj,100,10002,75,0.6700,0.8954,0
mnist_proj,100,10002,76,0.6700,0.9005,0
mnist_proj,100,10002,77,0.6700,0.9566,1
mnist_proj,100,10002,78,0.6700,0.8801,0
mnist_proj,100,10002,79,0.6700,0.9056,0
mnist_proj,100,10002,80,0.6700,0.8929,0
mnist_proj,100,10002,81,0.6700,0.9158,0
mnist_proj,100,10002,82,0.6700,0.9005,0
mnist_proj,100,10002,83,0.6700,0.9031,0
mnist_proj,100,10002,84,0.6700,0.8444,0
mnist_proj,100,10002,85,0.6700,0.8495,0
mnist_proj,100,10002,86,0.6700,0.8903,0
mnist_proj,100,10002,87,0.6700,0.9617,1
mnist_proj,100,10002,88,0.6700,0.9260,0
mnist_proj,100,10002,89,0.6700,0.8724,0
mnist_proj,100,10002,90,0.6700,0.8980,0
mnist_proj,100,10002,91,0.6700,0.8827,0
mnist_proj,100,10002,92,0.6700,0.9158,0
mnist_proj,100,10002,93,0.6700,0.8342,0
mnist_proj,100,10002,94,0.6700,0.8903,0
mnist_proj,100,10002,95,0.6700,0.9184,0
mnist_proj,100,10002,96,0.6700,0.8648,0
mnist_proj,100,10002,97,0.6700,0.8776,0
mnist_proj,100,10002,98,0.6700,0.8878,0
mnist_proj,100,10002,99,0.6700,0.8724,0
random_proj,100,10002,0,0.0005,1.0000,1
random_proj,100,10002,1,0.0005,1.0000,1
random_proj,100,10002,2,0.0005,1.0000,1
random_proj,100,10002,3,0.0005,1.0000,1
random_proj,100,10002,4,0.0005,1.0000,1
random_proj,100,10002,5,0.0005,1.0000,1
random_proj,100,10002,6,0.0005,1.0000,1
random_proj,100,10002,7,0.0005,1.0000,1
random_proj,100,10002,8,0.0005,1.0000,1
random_proj,100,10002,9,0.0005,1.0000,1
random_proj,100,10002,10,0.0005,1.0000,1
random_proj,100,10002,11,0.0005,1.0000,1
random_proj,100,10002,12,0.0005,1.0000,1
random_proj,100,10002,13,0.0005,1.0000,1
random_proj,100,10002,14,0.0005,1.0000,1
random_proj,100,10002,15,0.0005,1.0000,1
random_proj,100,10002,16,0.0005,1.0000,1
random_proj,100,10002,17,0.0005,1.0000,1
random_proj,100,10002,18,0.0005,1.0000,1
random_proj,100,10002,19,0.0005,1.0000,1
random_proj,100,10002,20,0.0005,1.0000,1
random_proj,100,10002,21,0.0005,1.0000,1
random_proj,100,10002,22,0.0005,1.0000,1
random_proj,100,10002,23,0.0005,1.0000,1
random_proj,100,10002,24,0.0005,1.0000,1
random_proj,100,10002,25,0.0005,1.0000,1
random_proj,100,10002,26,0.0005,1.0000,1
random_proj,100,10002,27,0.0005,1.0000,1
random_proj,100,10002,28,0.0005,1.0000,1
random_proj,100,10002,29,0.0005,1.0000,1
random_proj,100,10002,30,0.0005,1.0000,1
random_proj,100,10002,31,0.0005,1.0000,1
random_proj,100,10002,32,0.0005,1.0000,1
random_proj,100,10002,33,0.0005,1.0000,1
random_proj,100,10002,34,0.0005,1.0000,1
random_proj,100,10002,35,0.0005,1.0000,1
random_proj,100,10002,36,0.0005,1.0000,1
random_proj,100,10002,37,0.0005,1.0000,1
random_proj,100,10002,38,0.0005,1.0000,1
random_proj,100,10002,39,0.0005,1.0000,1
random_proj,100,10002,40,0.0005,1.0000,1
random_proj,100,10002,41,0.0005,1.0000,1
random_proj,100,10002,42,0.0005,1.0000,1
random_proj,100,10002,43,0.0005,1.0000,1
random_proj,100,10002,44,0.0005,1.0000,1
random_proj,100,10002,45,0.0005,1.0000,1
random_proj,100,10002,46,0.0005,1.0000,1
random_proj,100,10002,47,0.0005,1.0000,1
random_proj,100,10002,48,0.0005,1.0000,1
random_proj,100,10002,49,0.0005,1.0000,1
random_proj,100,10002,50,0.0005,1.0000,1
random_proj,100,10002,51,0.0005,1.0000,1
random_proj,100,10002,52,0.0005,1.0000,1
random_proj,100,10002,53,0.0005,1.0000,1
random_proj,100,10002,54,0.0005,1.0000,1
random_proj,100,10002,55,0.0005,1.0000,1
random_proj,100,10002,56,0.0005,1.0000,1
random_proj,100,10002,57,0.0005,1.0000,1
random_proj,100,10002,58,0.0005,1.0000,1
random_proj,100,10002,59,0.0005,1.0000,1
random_proj,100,10002,60,0.0005,1.0000,1
random_proj,100,10002,61,0.0005,1.0000,1
random_proj,100,10002,62,0.0005,1.0000,1
random_proj,100,10002,63,0.0005,1.0000,1
random_proj,100,10002,64,0.0005,1.0000,1
random_proj,100,10002,65,0.0005,1.0000,1
random_proj,100,10002,66,0.0005,1.0000,1
random_proj,100,10002,67,0.0005,1.0000,1
random_proj,100,10002,68,0.0005,1.0000,1
random_proj,100,10002,69,0.0005,1.0000,1
random_proj,100,10002,70,0.0005,1.0000,1
random_proj,100,10002,71,0.0005,1.0000,1
random_proj,100,10002,72,0.0005,1.0000,1
random_proj,100,10002,73,0.0005,1.0000,1
random_proj,100,10002,74,0.0005,1.0000,1
random_proj,100,10002,75,0.0005,1.0000,1
random_proj,100,10002,76,0.0005,1.0000,1
random_proj,100,10002,77,0.0005,1.0000,1
random_proj,100,10002,78,0.0005,1.0000,1
random_proj,100,10002,79,0.0005,1.0000,1
random_proj,100,10002,80,0.0005,1.0000,1
random_proj,100,10002,81,0.0005,1.0000,1
random_proj,100,10002,82,0.0005,1.0000,1
random_proj,100,10002,83,0.0005,1.0000,1
random_proj,100,10002,84,0.0005,1.0000,1
random_proj,100,10002,85,0.0005,1.0000,1
random_proj,100,10002,86,0.0005,1.0000,1
random_proj,100,10002,87,0.0005,1.0000,1
random_proj,100,10002,88,0.0005,1.0000,1
random_proj,100,10002,89,0.0005,1.0000,1
random_proj,100,10002,90,0.0005,1.0000,1
random_proj,100,10002,91,0.0005,1.0000,1
random_proj,100,10002,92,0.0005,1.0000,1
random_proj,100,10002,93,0.0005,1.0000,1
random_proj,100,10002,94,0.0005,1.0000,1
random_proj,100,10002,95,0.0005,1.0000,1
random_proj,100,10002,96,0.0005,1.0000,1
random_proj,100,10002,97,0.0005,1.0000,1
random_proj,100,10002,98,0.0005,1.0000,1
random_proj,100,10002,99,0.0005,1.0000,1
mnist_proj,100,10003,0,0.6700,0.8393,0
mnist_proj,100,10003,1,0.6700,0.8903,0
mnist_proj,100,10003,2,0.6700,0.9005,0
mnist_proj,100,10003,3,0.6700,0.9133,0
mnist_proj,100,10003,4,0.6700,0.8750,0
mnist_proj,100,10003,5,0.6700,0.8776,0
mnist_proj,100,10003,6,0.6700,0.9464,0
mnist_proj,100,10003,7,0.6700,0.8801,0
mnist_proj,100,10003,8,0.6700,0.8622,0
mnist_proj,100,10003,9,0.6700,0.9082,0
mnist_proj,100,10003,10,0.6700,0.8648,0
mnist_proj,100,10003,11,0.6700,0.8980,0
mnist_proj,100,10003,12,0.6700,1.0000,1
mnist_proj,100,10003,13,0.6700,0.9439,0
mnist_proj,100,10003,14,0.6700,0.8699,0
mnist_proj,100,10003,15,0.6700,0.9031,0
mnist_proj,100,10003,16,0.6700,0.8393,0
mnist_proj,100,10003,17,0.6700,0.8980,0
mnist_proj,100,10003,18,0.6700,0.9184,0
mnist_proj,100,10003,19,0.6700,0.9082,0
mnist_proj,100,10003,20,0.6700,0.9898,1
mnist_proj,100,10003,21,0.6700,0.8903,0
mnist_proj,100,10003,22,0.6700,0.9133,0
mnist_proj,100,10003,23,0.6700,0.9005,0
mnist_proj,100,10003,24,0.6700,0.8622,0
mnist_proj,100,10003,25,0.6700,0.9337,0
mnist_proj,100,10003,26,0.6700,0.9056,0
mnist_proj,100,10003,27,0.6700,0.7755,0
mnist_proj,100,10003,28,0.6700,0.9005,0
mnist_proj,100,10003,29,0.6700,0.8827,0
mnist_proj,100,10003,30,0.6700,0.9464,0
mnist_proj,100,10003,31,0.6700,0.8878,0
mnist_proj,100,10003,32,0.6700,0.8980,0
mnist_proj,100,10003,33,0.6700,0.9031,0
mnist_proj,100,10003,34,0.6700,0.8367,0
mnist_proj,100,10003,35,0.6700,0.8648,0
mnist_proj,100,10003,36,0.6700,0.8673,0
mnist_proj,100,10003,37,0.6700,0.9005,0
mnist_proj,100,10003,38,0.6700,0.9719,1
mnist_proj,100,10003,39,0.6700,0.8393,0
mnist_proj,100,10003,40,0.6700,0.8622,0
mnist_proj,100,10003,41,0.6700,0.8852,0
mnist_proj,100,10003,42,0.6700,0.9413,0
mnist_proj,100,10003,43,0.6700,0.8571,0
mnist_proj,100,10003,44,0.6700,0.9464,0
mnist_proj,100,10003,45,0.6700,0.8801,0
mnist_proj,100,10003,46,0.6700,0.8673,0
mnist_proj,100,10003,47,0.6700,0.8622,0
mnist_proj,100,10003,48,0.6700,0.8827,0
mnist_proj,100,10003,49,0.6700,0.8699,0
mnist_proj,100,10003,50,0.6700,0.8852,0
mnist_proj,100,10003,51,0.6700,0.8546,0
mnist_proj,100,10003,52,0.6700,0.9362,0
mnist_proj,100,10003,53,0.6700,0.9337,0
mnist_proj,100,10003,54,0.6700,0.8520,0
mnist_proj,100,10003,55,0.6700,0.9133,0
mnist_proj,100,10003,56,0.6700,0.8699,0
mnist_proj,100,10003,57,0.6700,0.8776,0
mnist_proj,100,10003,58,0.6700,0.8597,0
mnist_proj,100,10003,59,0.6700,0.8929,0
mnist_proj,100,10003,60,0.6700,0.8316,0
mnist_proj,100,10003,61,0.6700,0.8520,0
mnist_proj,100,10003,62,0.6700,0.9133,0
mnist_proj,100,10003,63,0.6700,0.9005,0
mnist_proj,100,10003,64,0.6700,0.8291,0
mnist_proj,100,10003,65,0.6700,0.8776,0
mnist_proj,100,10003,66,0.6700,0.9388,0
mnist_proj,100,10003,67,0.6700,0.8699,0
mnist_proj,100,10003,68,0.6700,0.9107,0
mnist_proj,100,10003,69,0.6700,0.9107,0
mnist_proj,100,10003,70,0.6700,0.8393,0
mnist_proj,100,10003,71,0.6700,0.8648,0
mnist_proj,100,10003,72,0.6700,0.8622,0
mnist_proj,100,10003,73,0.6700,0.9082,0
mnist_proj,100,10003,74,0.6700,0.8801,0
mnist_proj,100,10003,75,0.6700,0.9515,1
mnist_proj,100,10003,76,0.6700,0.9923,1
mnist_proj,100,10003,77,0.6700,0.8495,0
mnist_proj,100,10003,78,0.6700,0.8801,0
mnist_proj,100,10003,79,0.6700,0.8367,0
mnist_proj,100,10003,80,0.6700,0.9158,0
mnist_proj,100,10003,81,0.6700,0.8750,0
mnist_proj,100,10003,82,0.6700,0.8980,0
mnist_proj,100,10003,83,0.6700,0.8980,0
mnist_proj,100,10003,84,0.6700,0.8316,0
mnist_proj,100,10003,85,0.6700,0.9235,0
mnist_proj,100,10003,86,0.6700,0.8801,0
mnist_proj,100,10003,87,0.6700,0.8903,0
mnist_proj,100,10003,88,0.6700,0.8929,0
mnist_proj,100,10003,89,0.6700,0.8571,0
mnist_proj,100,10003,90,0.6700,0.8878,0
mnist_proj,100,10003,91,0.6700,0.9592,1
mnist_proj,100,10003,92,0.6700,0.8648,0
mnist_proj,100,10003,93,0.6700,0.9260,0
mnist_proj,100,10003,94,0.6700,0.8980,0
mnist_proj,100,10003,95,0.6700,0.8495,0
mnist_proj,100,10003,96,0.6700,0.8240,0
mnist_proj,100,10003,97,0.6700,0.9031,0
mnist_proj,100,10003,98,0.6700,0.8776,0
mnist_proj,100,10003,99,0.6700,0.9031,0
random_proj,100,10003,0,0.0001,1.0000,1
random_proj,100,10003,1,0.0001,1.0000,1
random_proj,100,10003,2,0.0001,1.0000,1
random_proj,100,10003,3,0.0001,1.0000,1
random_proj,100,10003,4,0.0001,1.0000,1
random_proj,100,10003,5,0.0001,1.0000,1
random_proj,100,10003,6,0.0001,1.0000,1
random_proj,100,10003,7,0.0001,1.0000,1
random_proj,100,10003,8,0.0001,1.0000,1
random_proj,100,10003,9,0.0001,1.0000,1
random_proj,100,10003,10,0.0001,1.0000,1
random_proj,100,10003,11,0.0001,1.0000,1
random_proj,100,10003,12,0.0001,1.0000,1
random_proj,100,10003,13,0.0001,1.0000,1
random_proj,100,10003,14,0.0001,1.0000,1
random_proj,100,10003,15,0.0001,1.0000,1
random_proj,100,10003,16,0.0001,1.0000,1
random_proj,100,10003,17,0.0001,1.0000,1
random_proj,100,10003,18,0.0001,1.0000,1
random_proj,100,10003,19,0.0001,1.0000,1
random_proj,100,10003,20,0.0001,1.0000,1
random_proj,100,10003,21,0.0001,1.0000,1
random_proj,100,10003,22,0.0001,1.0000,1
random_proj,100,10003,23,0.0001,1.0000,1
random_proj,100,10003,24,0.0001,1.0000,1
random_proj,100,10003,25,0.0001,1.0000,1
random_proj,100,10003,26,0.0001,1.0000,1
random_proj,100,10003,27,0.0001,1.0000,1
random_proj,100,10003,28,0.0001,1.0000,1
random_proj,100,10003,29,0.0001,1.0000,1
random_proj,100,10003,30,0.0001,1.0000,1
random_proj,100,10003,31,0.0001,1.0000,1
random_proj,100,10003,32,0.0001,1.0000,1
random_proj,100,10003,33,0.0001,1.0000,1
random_proj,100,10003,34,0.0001,1.0000,1
random_proj,100,10003,35,0.0001,1.0000,1
random_proj,100,10003,36,0.0001,1.0000,1
random_proj,100,10003,37,0.0001,1.0000,1
random_proj,100,10003,38,0.0001,1.0000,1
random_proj,100,10003,39,0.0001,1.0000,1
random_proj,100,10003,40,0.0001,1.0000,1
random_proj,100,10003,41,0.0001,1.0000,1
random_proj,100,10003,42,0.0001,1.0000,1
random_proj,100,10003,43,0.0001,1.0000,1
random_proj,100,10003,44,0.0001,1.0000,1
random_proj,100,10003,45,0.0001,1.0000,1
random_proj,100,10003,46,0.0001,1.0000,1
random_proj,100,10003,47,0.0001,1.0000,1
random_proj,100,10003,48,0.0001,1.0000,1
random_proj,100,10003,49,0.0001,1.0000,1
random_proj,100,10003,50,0.0001,1.0000,1
random_proj,100,10003,51,0.0001,1.0000,1
random_proj,100,10003,52,0.0001,1.0000,1
random_proj,100,10003,53,0.0001,1.0000,1
random_proj,100,10003,54,0.0001,1.0000,1
random_proj,100,10003,55,0.0001,1.0000,1
random_proj,100,10003,56,0.0001,1.0000,1
random_proj,100,10003,57,0.0001,1.0000,1
random_proj,100,10003,58,0.0001,1.0000,1
random_proj,100,10003,59,0.0001,1.0000,1
random_proj,100,10003,60,0.0001,1.0000,1
random_proj,100,10003,61,0.0001,1.0000,1
random_proj,100,10003,62,0.0001,1.0000,1
random_proj,100,10003,63,0.0001,1.0000,1
random_proj,100,10003,64,0.0001,1.0000,1
random_proj,100,10003,65,0.0001,1.0000,1
random_proj,100,10003,66,0.0001,1.0000,1
random_proj,100,10003,67,0.0001,1.0000,1
random_proj,100,10003,68,0.0001,1.0000,1
random_proj,100,10003,69,0.0001,1.0000,1
random_proj,100,10003,70,0.0001,1.0000,1
random_proj,100,10003,71,0.0001,1.0000,1
random_proj,100,10003,72,0.0001,1.0000,1
random_proj,100,10003,73,0.0001,1.0000,1
random_proj,100,10003,74,0.0001,1.0000,1
random_proj,100,10003,75,0.0001,1.0000,1
random_proj,100,10003,76,0.0001,1.0000,1
random_proj,100,10003,77,0.0001,1.0000,1
random_proj,100,10003,78,0.0001,1.0000,1
random_proj,100,10003,79,0.0001,1.0000,1
random_proj,100,10003,80,0.0001,1.0000,1
random_proj,100,10003,81,0.0001,1.0000,1
random_proj,100,10003,82,0.0001,1.0000,1
random_proj,100,10003,83,0.0001,1.0000,1
random_proj,100,10003,84,0.0001,1.0000,1
random_proj,100,10003,85,0.0001,1.0000,1
random_proj,100,10003,86,0.0001,1.0000,1
random_proj,100,10003,87,0.0001,1.0000,1
random_proj,100,10003,88,0.0001,1.0000,1
random_proj,100,10003,89,0.0001,1.0000,1
random_proj,100,10003,90,0.0001,1.0000,1
random_proj,100,10003,91,0.0001,1.0000,1
random_proj,100,10003,92,0.0001,1.0000,1
random_proj,100,10003,93,0.0001,1.0000,1
random_proj,100,10003,94,0.0001,1.0000,1
random_proj,100,10003,95,0.0001,1.0000,1
random_proj,100,10003,96,0.0001,1.0000,1
random_proj,100,10003,97,0.0001,1.0000,1
random_proj,100,10003,98,0.0001,1.0000,1
random_proj,100,10003,99,0.0001,1.0000,1
mnist_proj,100,10004,0,0.6700,0.9592,1
mnist_proj,100,10004,1,0.6700,0.8878,0
mnist_proj,100,10004,2,0.6700,0.8571,0
mnist_proj,100,10004,3,0.6700,0.8724,0
mnist_proj,100,10004,4,0.6700,0.8418,0
mnist_proj,100,10004,5,0.6700,0.9566,1
mnist_proj,100,10004,6,0.6700,0.9311,0
mnist_proj,100,10004,7,0.6700,0.8622,0
mnist_proj,100,10004,8,0.6700,0.8827,0
mnist_proj,100,10004,9,0.6700,0.9056,0
mnist_proj,100,10004,10,0.6700,0.9082,0
mnist_proj,100,10004,11,0.6700,0.8980,0
mnist_proj,100,10004,12,0.6700,0.9031,0
mnist_proj,100,10004,13,0.6700,0.9235,0
mnist_proj,100,10004,14,0.6700,0.8852,0
mnist_proj,100,10004,15,0.6700,0.8291,0
mnist_proj,100,10004,16,0.6700,0.8750,0
mnist_proj,100,10004,17,0.6700,0.9566,1
mnist_proj,100,10004,18,0.6700,0.8929,0
mnist_proj,100,10004,19,0.6700,0.8929,0
mnist_proj,100,10004,20,0.6700,0.9209,0
mnist_proj,100,10004,21,0.6700,0.8418,0
mnist_proj,100,10004,22,0.6700,0.8597,0
mnist_proj,100,10004,23,0.6700,0.9031,0
mnist_proj,100,10004,24,0.6700,0.8724,0
mnist_proj,100,10004,25,0.6700,0.9005,0
mnist_proj,100,10004,26,0.6700,0.8673,0
mnist_proj,100,10004,27,0.6700,0.8750,0
mnist_proj,100,10004,28,0.6700,0.8776,0
mnist_proj,100,10004,29,0.6700,0.9286,0
mnist_proj,100,10004,30,0.6700,0.9260,0
mnist_proj,100,10004,31,0.6700,0.9184,0
mnist_proj,100,10004,32,0.6700,0.9056,0
mnist_proj,100,10004,33,0.6700,0.8776,0
mnist_proj,100,10004,34,0.6700,0.8418,0
mnist_proj,100,10004,35,0.6700,0.8801,0
mnist_proj,100,10004,36,0.6700,0.8827,0
mnist_proj,100,10004,37,0.6700,0.8469,0
mnist_proj,100,10004,38,0.6700,0.9362,0
mnist_proj,100,10004,39,0.6700,0.9158,0
mnist_proj,100,10004,40,0.6700,0.9490,0
mnist_proj,100,10004,41,0.6700,0.8367,0
mnist_proj,100,10004,42,0.6700,0.8699,0
mnist_proj,100,10004,43,0.6700,0.9209,0
mnist_proj,100,10004,44,0.6700,0.9311,0
mnist_proj,100,10004,45,0.6700,0.8929,0
mnist_proj,100,10004,46,0.6700,0.8801,0
mnist_proj,100,10004,47,0.6700,0.9668,1
mnist_proj,100,10004,48,0.6700,0.8316,0
mnist_proj,100,10004,49,0.6700,0.8980,0
mnist_proj,100,10004,50,0.6700,0.8214,0
mnist_proj,100,10004,51,0.6700,0.8776,0
mnist_proj,100,10004,52,0.6700,0.8724,0
mnist_proj,100,10004,53,0.6700,0.9745,1
mnist_proj,100,10004,54,0.6700,0.8520,0
mnist_proj,100,10004,55,0.6700,0.8622,0
mnist_proj,100,10004,56,0.6700,0.9005,0
mnist_proj,100,10004,57,0.6700,0.8367,0
mnist_proj,100,10004,58,0.6700,0.8980,0
mnist_proj,100,10004,59,0.6700,0.8801,0
mnist_proj,100,10004,60,0.6700,0.8954,0
mnist_proj,100,10004,61,0.6700,0.8265,0
mnist_proj,100,10004,62,0.6700,0.8878,0
mnist_proj,100,10004,63,0.6700,0.8750,0
mnist_proj,100,10004,64,0.6700,0.8801,0
mnist_proj,100,10004,65,0.6700,0.9184,0
mnist_proj,100,10004,66,0.6700,0.9184,0
mnist_proj,100,10004,67,0.6700,0.8980,0
mnist_proj,100,10004,68,0.6700,0.9082,0
mnist_proj,100,10004,69,0.6700,0.9107,0
mnist_proj,100,10004,70,0.6700,0.9592,1
mnist_proj,100,10004,71,0.6700,0.8622,0
mnist_proj,100,10004,72,0.6700,0.8980,0
mnist_proj,100,10004,73,0.6700,0.9235,0
mnist_proj,100,10004,74,0.6700,0.8367,0
mnist_proj,100,10004,75,0.6700,0.8444,0
mnist_proj,100,10004,76,0.6700,0.8750,0
mnist_proj,100,10004,77,0.6700,0.8622,0
mnist_proj,100,10004,78,0.6700,0.8367,0
mnist_proj,100,10004,79,0.6700,0.8903,0
mnist_proj,100,10004,80,0.6700,0.8980,0
mnist_proj,100,10004,81,0.6700,0.8648,0
mnist_proj,100,10004,82,0.6700,0.9158,0
mnist_proj,100,10004,83,0.6700,0.9617,1
mnist_proj,100,10004,84,0.6700,0.8648,0
mnist_proj,100,10004,85,0.6700,0.8750,0
mnist_proj,100,10004,86,0.6700,0.9286,0
mnist_proj,100,10004,87,0.6700,0.8750,0
mnist_proj,100,10004,88,0.6700,0.9107,0
mnist_proj,100,10004,89,0.6700,0.8852,0
mnist_proj,100,10004,90,0.6700,0.9490,0
mnist_proj,100,10004,91,0.6700,0.8724,0
mnist_proj,100,10004,92,0.6700,0.8444,0
mnist_proj,100,10004,93,0.6700,0.8673,0
mnist_proj,100,10004,94,0.6700,0.8393,0
mnist_proj,100,10004,95,0.6700,0.8929,0
mnist_proj,100,10004,96,0.6700,0.8469,0
mnist_proj,100,10004,97,0.6700,0.9413,0
mnist_proj,100,10004,98,0.6700,0.8112,0
mnist_proj,100,10004,99,0.6700,0.8648,0
random_proj,100,10004,0,-0.0005,1.0000,1
random_proj,100,10004,1,-0.0005,1.0000,1
random_proj,100,10004,2,-0.0005,1.0000,1
random_proj,100,10004,3,-0.0005,1.0000,1
random_proj,100,10004,4,-0.0005,1.0000,1
random_proj,100,10004,5,-0.0005,1.0000,1
random_proj,100,10004,6,-0.0005,1.0000,1
random_proj,100,10004,7,-0.0005,1.0000,1
random_proj,100,10004,8,-0.0005,1.0000,1
random_proj,100,10004,9,-0.0005,1.0000,1
random_proj,100,10004,10,-0.0005,1.0000,1
random_proj,100,10004,11,-0.0005,1.0000,1
random_proj,100,10004,12,-0.0005,1.0000,1
random_proj,100,10004,13,-0.0005,1.0000,1
random_proj,100,10004,14,-0.0005,1.0000,1
random_proj,100,10004,15,-0.0005,1.0000,1
random_proj,100,10004,16,-0.0005,1.0000,1
random_proj,100,10004,17,-0.0005,1.0000,1
random_proj,100,10004,18,-0.0005,1.0000,1
random_proj,100,10004,19,-0.0005,1.0000,1
random_proj,100,10004,20,-0.0005,1.0000,1
random_proj,100,10004,21,-0.0005,1.0000,1
random_proj,100,10004,22,-0.0005,1.0000,1
random_proj,100,10004,23,-0.0005,1.0000,1
random_proj,100,10004,24,-0.0005,1.0000,1
random_proj,100,10004,25,-0.0005,1.0000,1
random_proj,100,10004,26,-0.0005,1.0000,1
random_proj,100,10004,27,-0.0005,1.0000,1
random_proj,100,10004,28,-0.0005,1.0000,1
random_proj,100,10004,29,-0.0005,1.0000,1
random_proj,100,10004,30,-0.0005,1.0000,1
random_proj,100,10004,31,-0.0005,1.0000,1
random_proj,100,10004,32,-0.0005,1.0000,1
random_proj,100,10004,33,-0.0005,1.0000,1
random_proj,100,10004,34,-0.0005,1.0000,1
random_proj,100,10004,35,-0.0005,1.0000,1
random_proj,100,10004,36,-0.0005,1.0000,1
random_proj,100,10004,37,-0.0005,1.0000,1
random_proj,100,10004,38,-0.0005,1.0000,1
random_proj,100,10004,39,-0.0005,1.0000,1
random_proj,100,10004,40,-0.0005,1.0000,1
random_proj,100,10004,41,-0.0005,1.0000,1
random_proj,100,10004,42,-0.0005,1.0000,1
random_proj,100,10004,43,-0.0005,1.0000,1
random_proj,100,10004,44,-0.0005,1.0000,1
random_proj,100,10004,45,-0.0005,1.0000,1
random_proj,100,10004,46,-0.0005,1.0000,1
random_proj,100,10004,47,-0.0005,1.0000,1
random_proj,100,10004,48,-0.0005,1.0000,1
random_proj,100,10004,49,-0.0005,1.0000,1
random_proj,100,10004,50,-0.0005,1.0000,1
random_proj,100,10004,51,-0.0005,1.0000,1
random_proj,100,10004,52,-0.0005,1.0000,1
random_proj,100,10004,53,-0.0005,1.0000,1
random_proj,100,10004,54,-0.0005,1.0000,1
random_proj,100,10004,55,-0.0005,1.0000,1
random_proj,100,10004,56,-0.0005,1.0000,1
random_proj,100,10004,57,-0.0005,1.0000,1
random_proj,100,10004,58,-0.0005,1.0000,1
random_proj,100,10004,59,-0.0005,1.0000,1
random_proj,100,10004,60,-0.0005,1.0000,1
random_proj,100,10004,61,-0.0005,1.0000,1
random_proj,100,10004,62,-0.0005,1.0000,1
random_proj,100,10004,63,-0.0005,1.0000,1
random_proj,100,10004,64,-0.0005,1.0000,1
random_proj,100,10004,65,-0.0005,1.0000,1
random_proj,100,10004,66,-0.0005,1.0000,1
random_proj,100,10004,67,-0.0005,1.0000,1
random_proj,100,10004,68,-0.0005,1.0000,1
random_proj,100,10004,69,-0.0005,1.0000,1
random_proj,100,10004,70,-0.0005,1.0000,1
random_proj,100,10004,71,-0.0005,1.0000,1
random_proj,100,10004,72,-0.0005,1.0000,1
random_proj,100,10004,73,-0.0005,1.0000,1
random_proj,100,10004,74,-0.0005,1.0000,1
random_proj,100,10004,75,-0.0005,1.0000,1
random_proj,100,10004,76,-0.0005,1.0000,1
random_proj,100,10004,77,-0.0005,1.0000,1
random_proj,100,10004,78,-0.0005,1.0000,1
random_proj,100,10004,79,-0.0005,1.0000,1
random_proj,100,10004,80,-0.0005,1.0000,1
random_proj,100,10004,81,-0.0005,1.0000,1
random_proj,100,10004,82,-0.0005,1.0000,1
random_proj,100,10004,83,-0.0005,1.0000,1
random_proj,100,10004,84,-0.0005,1.0000,1
random_proj,100,10004,85,-0.0005,1.0000,1
random_proj,100,10004,86,-0.0005,1.0000,1
random_proj,100,10004,87,-0.0005,1.0000,1
random_proj,100,10004,88,-0.0005,1.0000,1
random_proj,100,10004,89,-0.0005,1.0000,1
random_proj,100,10004,90,-0.0005,1.0000,1
random_proj,100,10004,91,-0.0005,1.0000,1
random_proj,100,10004,92,-0.0005,1.0000,1
random_proj,100,10004,93,-0.0005,1.0000,1
random_proj,100,10004,94,-0.0005,1.0000,1
random_proj,100,10004,95,-0.0005,1.0000,1
random_proj,100,10004,96,-0.0005,1.0000,1
random_proj,100,10004,97,-0.0005,1.0000,1
random_proj,100,10004,98,-0.0005,1.0000,1
random_proj,100,10004,99,-0.0005,1.0000,1
mnist_proj,100,10005,0,0.6700,0.9184,0
mnist_proj,100,10005,1,0.6700,0.9056,0
mnist_proj,100,10005,2,0.6700,0.8776,0
mnist_proj,100,10005,3,0.6700,0.9056,0
mnist_proj,100,10005,4,0.6700,0.9719,1
mnist_proj,100,10005,5,0.6700,0.9413,0
mnist_proj,100,10005,6,0.6700,0.9286,0
mnist_proj,100,10005,7,0.6700,0.8444,0
mnist_proj,100,10005,8,0.6700,0.8673,0
mnist_proj,100,10005,9,0.6700,0.9490,0
mnist_proj,100,10005,10,0.6700,0.8929,0
mnist_proj,100,10005,11,0.6700,0.8929,0
mnist_proj,100,10005,12,0.6700,0.9133,0
mnist_proj,100,10005,13,0.6700,0.9311,0
mnist_proj,100,10005,14,0.6700,0.8878,0
mnist_proj,100,10005,15,0.6700,0.8571,0
mnist_proj,100,10005,16,0.6700,0.8648,0
mnist_proj,100,10005,17,0.6700,0.8061,0
mnist_proj,100,10005,18,0.6700,0.8801,0
mnist_proj,100,10005,19,0.6700,0.8622,0
mnist_proj,100,10005,20,0.6700,0.8878,0
mnist_proj,100,10005,21,0.6700,0.9337,0
mnist_proj,100,10005,22,0.6700,0.9413,0
mnist_proj,100,10005,23,0.6700,0.9133,0
mnist_proj,100,10005,24,0.6700,0.9286,0
mnist_proj,100,10005,25,0.6700,0.9898,1
mnist_proj,100,10005,26,0.6700,0.8750,0
mnist_proj,100,10005,27,0.6700,0.8852,0
mnist_proj,100,10005,28,0.6700,1.0000,1
mnist_proj,100,10005,29,0.6700,0.9056,0
mnist_proj,100,10005,30,0.6700,0.8827,0
mnist_proj,100,10005,31,0.6700,0.9694,1
mnist_proj,100,10005,32,0.6700,0.8903,0
mnist_proj,100,10005,33,0.6700,0.8138,0
mnist_proj,100,10005,34,0.6700,0.8087,0
mnist_proj,100,10005,35,0.6700,0.9005,0
mnist_proj,100,10005,36,0.6700,0.8801,0
mnist_proj,100,10005,37,0.6700,0.8393,0
mnist_proj,100,10005,38,0.6700,0.8903,0
mnist_proj,100,10005,39,0.6700,0.8929,0
mnist_proj,100,10005,40,0.6700,0.9184,0
mnist_proj,100,10005,41,0.6700,0.8673,0
mnist_proj,100,10005,42,0.6700,0.9260,0
mnist_proj,100,10005,43,0.6700,0.8724,0
mnist_proj,100,10005,44,0.6700,0.8801,0
mnist_proj,100,10005,45,0.6700,0.8852,0
mnist_proj,100,10005,46,0.6700,0.8801,0
mnist_proj,100,10005,47,0.6700,0.8827,0
mnist_proj,100,10005,48,0.6700,0.8878,0
mnist_proj,100,10005,49,0.6700,0.8444,0
mnist_proj,100,10005,50,0.6700,0.9694,1
mnist_proj,100,10005,51,0.6700,0.8520,0
mnist_proj,100,10005,52,0.6700,0.8495,0
mnist_proj,100,10005,53,0.6700,0.8852,0
mnist_proj,100,10005,54,0.6700,0.8954,0
mnist_proj,100,10005,55,0.6700,0.8495,0
mnist_proj,100,10005,56,0.6700,0.8878,0
mnist_proj,100,10005,57,0.6700,0.8622,0
mnist_proj,100,10005,58,0.6700,0.8699,0
mnist_proj,100,10005,59,0.6700,0.8546,0
mnist_proj,100,10005,60,0.6700,0.8520,0
mnist_proj,100,10005,61,0.6700,0.8622,0
mnist_proj,100,10005,62,0.6700,0.8827,0
mnist_proj,100,10005,63,0.6700,0.8495,0
mnist_proj,100,10005,64,0.6700,0.9158,0
mnist_proj,100,10005,65,0.6700,0.9031,0
mnist_proj,100,10005,66,0.6700,0.9031,0
mnist_proj,100,10005,67,0.6700,0.8776,0
mnist_proj,100,10005,68,0.6700,0.9056,0
mnist_proj,100,10005,69,0.6700,0.8699,0
mnist_proj,100,10005,70,0.6700,0.8495,0
mnist_proj,100,10005,71,0.6700,0.8852,0
mnist_proj,100,10005,72,0.6700,0.8903,0
mnist_proj,100,10005,73,0.6700,0.8622,0
mnist_proj,100,10005,74,0.6700,0.9311,0
mnist_proj,100,10005,75,0.6700,0.8393,0
mnist_proj,100,10005,76,0.6700,0.8648,0
mnist_proj,100,10005,77,0.6700,0.8087,0
mnist_proj,100,10005,78,0.6700,0.8495,0
mnist_proj,100,10005,79,0.6700,0.9031,0
mnist_proj,100,10005,80,0.6700,0.9286,0
mnist_proj,100,10005,81,0.6700,0.8699,0
mnist_proj,100,10005,82,0.6700,0.9158,0
mnist_proj,100,10005,83,0.6700,0.9286,0
mnist_proj,100,10005,84,0.6700,0.8648,0
mnist_proj,100,10005,85,0.6700,0.8648,0
mnist_proj,100,10005,86,0.6700,0.9082,0
mnist_proj,100,10005,87,0.6700,0.9082,0
mnist_proj,100,10005,88,0.6700,0.8903,0
mnist_proj,100,10005,89,0.6700,0.9235,0
mnist_proj,100,10005,90,0.6700,0.9184,0
mnist_proj,100,10005,91,0.6700,0.9056,0
mnist_proj,100,10005,92,0.6700,0.9311,0
mnist_proj,100,10005,93,0.6700,0.9005,0
mnist_proj,100,10005,94,0.6700,0.8444,0
mnist_proj,100,10005,95,0.6700,0.8929,0
mnist_proj,100,10005,96,0.6700,0.8776,0
mnist_proj,100,10005,97,0.6700,0.9005,0
mnist_proj,100,10005,98,0.6700,0.8418,0
mnist_proj,100,10005,99,0.6700,0.8469,0
random_proj,100,10005,0,0.0004,1.0000,1
random_proj,100,10005,1,0.0004,1.0000,1
random_proj,100,10005,2,0.0004,1.0000,1
random_proj,100,10005,3,0.0004,1.0000,1
random_proj,100,10005,4,0.0004,1.0000,1
random_proj,100,10005,5,0.0004,1.0000,1
random_proj,100,10005,6,0.0004,1.0000,1
random_proj,100,10005,7,0.0004,1.0000,1
random_proj,100,10005,8,0.0004,1.0000,1
random_proj,100,10005,9,0.0004,1.0000,1
random_proj,100,10005,10,0.0004,1.0000,1
random_proj,100,10005,11,0.0004,1.0000,1
random_proj,100,10005,12,0.0004,1.0000,1
random_proj,100,10005,13,0.0004,1.0000,1
random_proj,100,10005,14,0.0004,1.0000,1
random_proj,100,10005,15,0.0004,1.0000,1
random_proj,100,10005,16,0.0004,1.0000,1
random_proj,100,10005,17,0.0004,1.0000,1
random_proj,100,10005,18,0.0004,1.0000,1
random_proj,100,10005,19,0.0004,1.0000,1
random_proj,100,10005,20,0.0004,1.0000,1
random_proj,100,10005,21,0.0004,1.0000,1
random_proj,100,10005,22,0.0004,1.0000,1
random_proj,100,10005,23,0.0004,1.0000,1
random_proj,100,10005,24,0.0004,1.0000,1
random_proj,100,10005,25,0.0004,1.0000,1
random_proj,100,10005,26,0.0004,1.0000,1
random_proj,100,10005,27,0.0004,1.0000,1
random_proj,100,10005,28,0.0004,1.0000,1
random_proj,100,10005,29,0.0004,1.0000,1
random_proj,100,10005,30,0.0004,1.0000,1
random_proj,100,10005,31,0.0004,1.0000,1
random_proj,100,10005,32,0.0004,1.0000,1
random_proj,100,10005,33,0.0004,1.0000,1
random_proj,100,10005,34,0.0004,1.0000,1
random_proj,100,10005,35,0.0004,1.0000,1
random_proj,100,10005,36,0.0004,1.0000,1
random_proj,100,10005,37,0.0004,1.0000,1
random_proj,100,10005,38,0.0004,1.0000,1
random_proj,100,10005,39,0.0004,1.0000,1
random_proj,100,10005,40,0.0004,1.0000,1
random_proj,100,10005,41,0.0004,1.0000,1
random_proj,100,10005,42,0.0004,1.0000,1
random_proj,100,10005,43,0.0004,1.0000,1
random_proj,100,10005,44,0.0004,1.0000,1
random_proj,100,10005,45,0.0004,1.0000,1
random_proj,100,10005,46,0.0004,1.0000,1
random_proj,100,10005,47,0.0004,1.0000,1
random_proj,100,10005,48,0.0004,1.0000,1
random_proj,100,10005,49,0.0004,1.0000,1
random_proj,100,10005,50,0.0004,1.0000,1
random_proj,100,10005,51,0.0004,1.0000,1
random_proj,100,10005,52,0.0004,1.0000,1
random_proj,100,10005,53,0.0004,1.0000,1
random_proj,100,10005,54,0.0004,1.0000,1
random_proj,100,10005,55,0.0004,1.0000,1
random_proj,100,10005,56,0.0004,1.0000,1
random_proj,100,10005,57,0.0004,1.0000,1
random_proj,100,10005,58,0.0004,1.0000,1
random_proj,100,10005,59,0.0004,1.0000,1
random_proj,100,10005,60,0.0004,1.0000,1
random_proj,100,10005,61,0.0004,1.0000,1
random_proj,100,10005,62,0.0004,1.0000,1
random_proj,100,10005,63,0.0004,1.0000,1
random_proj,100,10005,64,0.0004,1.0000,1
random_proj,100,10005,65,0.0004,1.0000,1
random_proj,100,10005,66,0.0004,1.0000,1
random_proj,100,10005,67,0.0004,1.0000,1
random_proj,100,10005,68,0.0004,1.0000,1
random_proj,100,10005,69,0.0004,1.0000,1
random_proj,100,10005,70,0.0004,1.0000,1
random_proj,100,10005,71,0.0004,1.0000,1
random_proj,100,10005,72,0.0004,1.0000,1
random_proj,100,10005,73,0.0004,1.0000,1
random_proj,100,10005,74,0.0004,1.0000,1
random_proj,100,10005,75,0.0004,1.0000,1
random_proj,100,10005,76,0.0004,1.0000,1
random_proj,100,10005,77,0.0004,1.0000,1
random_proj,100,10005,78,0.0004,1.0000,1
random_proj,100,10005,79,0.0004,1.0000,1
random_proj,100,10005,80,0.0004,1.0000,1
random_proj,100,10005,81,0.0004,1.0000,1
random_proj,100,10005,82,0.0004,1.0000,1
random_proj,100,10005,83,0.0004,1.0000,1
random_proj,100,10005,84,0.0004,1.0000,1
random_proj,100,10005,85,0.0004,1.0000,1
random_proj,100,10005,86,0.0004,1.0000,1
random_proj,100,10005,87,0.0004,1.0000,1
random_proj,100,10005,88,0.0004,1.0000,1
random_proj,100,10005,89,0.0004,1.0000,1
random_proj,100,10005,90,0.0004,1.0000,1
random_proj,100,10005,91,0.0004,1.0000,1
random_proj,100,10005,92,0.0004,1.0000,1
random_proj,100,10005,93,0.0004,1.0000,1
random_proj,100,10005,94,0.0004,1.0000,1
random_proj,100,10005,95,0.0004,1.0000,1
random_proj,100,10005,96,0.0004,1.0000,1
random_proj,100,10005,97,0.0004,1.0000,1
random_proj,100,10005,98,0.0004,1.0000,1
random_proj,100,10005,99,0.0004,1.0000,1
mnist_proj,100,10006,0,0.6700,0.8163,0
mnist_proj,100,10006,1,0.6700,0.9388,0
mnist_proj,100,10006,2,0.6700,0.8801,0
mnist_proj,100,10006,3,0.6700,0.8520,0
mnist_proj,100,10006,4,0.6700,0.9439,0
mnist_proj,100,10006,5,0.6700,0.8393,0
mnist_proj,100,10006,6,0.6700,0.8291,0
mnist_proj,100,10006,7,0.6700,0.8673,0
mnist_proj,100,10006,8,0.6700,0.9158,0
mnist_proj,100,10006,9,0.6700,0.8673,0
mnist_proj,100,10006,10,0.6700,0.9388,0
mnist_proj,100,10006,11,0.6700,0.9286,0
mnist_proj,100,10006,12,0.6700,0.8469,0
mnist_proj,100,10006,13,0.6700,0.8648,0
mnist_proj,100,10006,14,0.6700,0.9005,0
mnist_proj,100,10006,15,0.6700,0.8827,0
mnist_proj,100,10006,16,0.6700,0.8724,0
mnist_proj,100,10006,17,0.6700,0.8036,0
mnist_proj,100,10006,18,0.6700,0.8980,0
mnist_proj,100,10006,19,0.6700,0.9235,0
mnist_proj,100,10006,20,0.6700,0.9464,0
mnist_proj,100,10006,21,0.6700,0.8852,0
mnist_proj,100,10006,22,0.6700,0.9337,0
mnist_proj,100,10006,23,0.6700,0.9209,0
mnist_proj,100,10006,24,0.6700,0.9133,0
mnist_proj,100,10006,25,0.6700,0.9133,0
mnist_proj,100,10006,26,0.6700,0.9413,0
mnist_proj,100,10006,27,0.6700,0.8265,0
mnist_proj,100,10006,28,0.6700,0.9005,0
mnist_proj,100,10006,29,0.6700,0.8801,0
mnist_proj,100,10006,30,0.6700,0.9388,0
mnist_proj,100,10006,31,0.6700,0.8699,0
mnist_proj,100,10006,32,0.6700,0.8444,0
mnist_proj,100,10006,33,0.6700,0.8189,0
mnist_proj,100,10006,34,0.6700,0.8469,0
mnist_proj,100,10006,35,0.6700,0.8980,0
mnist_proj,100,10006,36,0.6700,0.8444,0
mnist_proj,100,10006,37,0.6700,0.8954,0
mnist_proj,100,10006,38,0.6700,0.8648,0
mnist_proj,100,10006,39,0.6700,0.8852,0
mnist_proj,100,10006,40,0.6700,0.8903,0
mnist_proj,100,10006,41,0.6700,0.8878,0
mnist_proj,100,10006,42,0.6700,0.8724,0
mnist_proj,100,10006,43,0.6700,0.8673,0
mnist_proj,100,10006,44,0.6700,0.9082,0
mnist_proj,100,10006,45,0.6700,0.8112,0
mnist_proj,100,10006,46,0.6700,0.8240,0
mnist_proj,100,10006,47,0.6700,0.9056,0
mnist_proj,100,10006,48,0.6700,0.8367,0
mnist_proj,100,10006,49,0.6700,0.9235,0
mnist_proj,100,10006,50,0.6700,0.8520,0
mnist_proj,100,10006,51,0.6700,0.8648,0
mnist_proj,100,10006,52,0.6700,0.9005,0
mnist_proj,100,10006,53,0.6700,0.9184,0
mnist_proj,100,10006,54,0.6700,0.8189,0
mnist_proj,100,10006,55,0.6700,0.8980,0
mnist_proj,100,10006,56,0.6700,0.8699,0
mnist_proj,100,10006,57,0.6700,0.8546,0
mnist_proj,100,10006,58,0.6700,0.8265,0
mnist_proj,100,10006,59,0.6700,0.9005,0
mnist_proj,100,10006,60,0.6700,0.9413,0
mnist_proj,100,10006,61,0.6700,0.8903,0
mnist_proj,100,10006,62,0.6700,0.9133,0
mnist_proj,100,10006,63,0.6700,0.9005,0
mnist_proj,100,10006,64,0.6700,0.8724,0
mnist_proj,100,10006,65,0.6700,0.9337,0
mnist_proj,100,10006,66,0.6700,0.9235,0
mnist_proj,100,10006,67,0.6700,0.8469,0
mnist_proj,100,10006,68,0.6700,0.9133,0
mnist_proj,100,10006,69,0.6700,0.9311,0
mnist_proj,100,10006,70,0.6700,0.9082,0
mnist_proj,100,10006,71,0.6700,0.8546,0
mnist_proj,100,10006,72,0.6700,0.8903,0
mnist_proj,100,10006,73,0.6700,0.9107,0
mnist_proj,100,10006,74,0.6700,0.9362,0
mnist_proj,100,10006,75,0.6700,0.8418,0
mnist_proj,100,10006,76,0.6700,0.8903,0
mnist_proj,100,10006,77,0.6700,0.8648,0
mnist_proj,100,10006,78,0.6700,0.8648,0
mnist_proj,100,10006,79,0.6700,0.8648,0
mnist_proj,100,10006,80,0.6700,0.9158,0
mnist_proj,100,10006,81,0.6700,0.8469,0
mnist_proj,100,10006,82,0.6700,0.8724,0
mnist_proj,100,10006,83,0.6700,0.8929,0
mnist_proj,100,10006,84,0.6700,0.8622,0
mnist_proj,100,10006,85,0.6700,0.9031,0
mnist_proj,100,10006,86,0.6700,0.9311,0
mnist_proj,100,10006,87,0.6700,0.8469,0
mnist_proj,100,10006,88,0.6700,0.8648,0
mnist_proj,100,10006,89,0.6700,0.8827,0
mnist_proj,100,10006,90,0.6700,0.9107,0
mnist_proj,100,10006,91,0.6700,0.8827,0
mnist_proj,100,10006,92,0.6700,0.8648,0
mnist_proj,100,10006,93,0.6700,0.8724,0
mnist_proj,100,10006,94,0.6700,0.8520,0
mnist_proj,100,10006,95,0.6700,0.9031,0
mnist_proj,100,10006,96,0.6700,0.9082,0
mnist_proj,100,10006,97,0.6700,0.8776,0
mnist_proj,100,10006,98,0.6700,0.9056,0
mnist_proj,100,10006,99,0.6700,0.8622,0
random_proj,100,10006,0,0.0007,1.0000,1
random_proj,100,10006,1,0.0007,1.0000,1
random_proj,100,10006,2,0.0007,1.0000,1
random_proj,100,10006,3,0.0007,1.0000,1
random_proj,100,10006,4,0.0007,1.0000,1
random_proj,100,10006,5,0.0007,1.0000,1
random_proj,100,10006,6,0.0007,1.0000,1
random_proj,100,10006,7,0.0007,1.0000,1
random_proj,100,10006,8,0.0007,1.0000,1
random_proj,100,10006,9,0.0007,1.0000,1
random_proj,100,10006,10,0.0007,1.0000,1
random_proj,100,10006,11,0.0007,1.0000,1
random_proj,100,10006,12,0.0007,1.0000,1
random_proj,100,10006,13,0.0007,1.0000,1
random_proj,100,10006,14,0.0007,1.0000,1
random_proj,100,10006,15,0.0007,1.0000,1
random_proj,100,10006,16,0.0007,1.0000,1
random_proj,100,10006,17,0.0007,1.0000,1
random_proj,100,10006,18,0.0007,1.0000,1
random_proj,100,10006,19,0.0007,1.0000,1
random_proj,100,10006,20,0.0007,1.0000,1
random_proj,100,10006,21,0.0007,1.0000,1
random_proj,100,10006,22,0.0007,1.0000,1
random_proj,100,10006,23,0.0007,1.0000,1
random_proj,100,10006,24,0.0007,1.0000,1
random_proj,100,10006,25,0.0007,1.0000,1
random_proj,100,10006,26,0.0007,1.0000,1
random_proj,100,10006,27,0.0007,1.0000,1
random_proj,100,10006,28,0.0007,1.0000,1
random_proj,100,10006,29,0.0007,1.0000,1
random_proj,100,10006,30,0.0007,1.0000,1
random_proj,100,10006,31,0.0007,1.0000,1
random_proj,100,10006,32,0.0007,1.0000,1
random_proj,100,10006,33,0.0007,1.0000,1
random_proj,100,10006,34,0.0007,1.0000,1
random_proj,100,10006,35,0.0007,1.0000,1
random_proj,100,10006,36,0.0007,1.0000,1
random_proj,100,10006,37,0.0007,1.0000,1
random_proj,100,10006,38,0.0007,1.0000,1
random_proj,100,10006,39,0.0007,1.0000,1
random_proj,100,10006,40,0.0007,1.0000,1
random_proj,100,10006,41,0.0007,1.0000,1
random_proj,100,10006,42,0.0007,1.0000,1
random_proj,100,10006,43,0.0007,1.0000,1
random_proj,100,10006,44,0.0007,1.0000,1
random_proj,100,10006,45,0.0007,1.0000,1
random_proj,100,10006,46,0.0007,1.0000,1
random_proj,100,10006,47,0.0007,1.0000,1
random_proj,100,10006,48,0.0007,1.0000,1
random_proj,100,10006,49,0.0007,1.0000,1
random_proj,100,10006,50,0.0007,1.0000,1
random_proj,100,10006,51,0.0007,1.0000,1
random_proj,100,10006,52,0.0007,1.0000,1
random_proj,100,10006,53,0.0007,1.0000,1
random_proj,100,10006,54,0.0007,1.0000,1
random_proj,100,10006,55,0.0007,1.0000,1
random_proj,100,10006,56,0.0007,1.0000,1
random_proj,100,10006,57,0.0007,1.0000,1
random_proj,100,10006,58,0.0007,1.0000,1
random_proj,100,10006,59,0.0007,1.0000,1
random_proj,100,10006,60,0.0007,1.0000,1
random_proj,100,10006,61,0.0007,1.0000,1
random_proj,100,10006,62,0.0007,1.0000,1
random_proj,100,10006,63,0.0007,1.0000,1
random_proj,100,10006,64,0.0007,1.0000,1
random_proj,100,10006,65,0.0007,1.0000,1
random_proj,100,10006,66,0.0007,1.0000,1
random_proj,100,10006,67,0.0007,1.0000,1
random_proj,100,10006,68,0.0007,1.0000,1
random_proj,100,10006,69,0.0007,1.0000,1
random_proj,100,10006,70,0.0007,1.0000,1
random_proj,100,10006,71,0.0007,1.0000,1
random_proj,100,10006,72,0.0007,1.0000,1
random_proj,100,10006,73,0.0007,1.0000,1
random_proj,100,10006,74,0.0007,1.0000,1
random_proj,100,10006,75,0.0007,1.0000,1
random_proj,100,10006,76,0.0007,1.0000,1
random_proj,100,10006,77,0.0007,1.0000,1
random_proj,100,10006,78,0.0007,1.0000,1
random_proj,100,10006,79,0.0007,1.0000,1
random_proj,100,10006,80,0.0007,1.0000,1
random_proj,100,10006,81,0.0007,1.0000,1
random_proj,100,10006,82,0.0007,1.0000,1
random_proj,100,10006,83,0.0007,1.0000,1
random_proj,100,10006,84,0.0007,1.0000,1
random_proj,100,10006,85,0.0007,1.0000,1
random_proj,100,10006,86,0.0007,1.0000,1
random_proj,100,10006,87,0.0007,1.0000,1
random_proj,100,10006,88,0.0007,1.0000,1
random_proj,100,10006,89,0.0007,1.0000,1
random_proj,100,10006,90,0.0007,1.0000,1
random_proj,100,10006,91,0.0007,1.0000,1
random_proj,100,10006,92,0.0007,1.0000,1
random_proj,100,10006,93,0.0007,1.0000,1
random_proj,100,10006,94,0.0007,1.0000,1
random_proj,100,10006,95,0.0007,1.0000,1
random_proj,100,10006,96,0.0007,1.0000,1
random_proj,100,10006,97,0.0007,1.0000,1
random_proj,100,10006,98,0.0007,1.0000,1
random_proj,100,10006,99,0.0007,1.0000,1
mnist_proj,100,10007,0,0.6700,0.8673,0
mnist_proj,100,10007,1,0.6700,0.8724,0
mnist_proj,100,10007,2,0.6700,0.8980,0
mnist_proj,100,10007,3,0.6700,0.8852,0
mnist_proj,100,10007,4,0.6700,0.8546,0
mnist_proj,100,10007,5,0.6700,0.8699,0
mnist_proj,100,10007,6,0.6700,0.8571,0
mnist_proj,100,10007,7,0.6700,0.9413,0
mnist_proj,100,10007,8,0.6700,0.8673,0
mnist_proj,100,10007,9,0.6700,0.9056,0
mnist_proj,100,10007,10,0.6700,0.8418,0
mnist_proj,100,10007,11,0.6700,0.9209,0
mnist_proj,100,10007,12,0.6700,0.8852,0
mnist_proj,100,10007,13,0.6700,0.9005,0
mnist_proj,100,10007,14,0.6700,0.9260,0
mnist_proj,100,10007,15,0.6700,0.8980,0
mnist_proj,100,10007,16,0.6700,0.8342,0
mnist_proj,100,10007,17,0.6700,0.9643,1
mnist_proj,100,10007,18,0.6700,0.9158,0
mnist_proj,100,10007,19,0.6700,0.8929,0
mnist_proj,100,10007,20,0.6700,0.8316,0
mnist_proj,100,10007,21,0.6700,0.9235,0
mnist_proj,100,10007,22,0.6700,0.9541,1
mnist_proj,100,10007,23,0.6700,0.8622,0
mnist_proj,100,10007,24,0.6700,0.9260,0
mnist_proj,100,10007,25,0.6700,0.8954,0
mnist_proj,100,10007,26,0.6700,0.9005,0
mnist_proj,100,10007,27,0.6700,0.9209,0
mnist_proj,100,10007,28,0.6700,0.9005,0
mnist_proj,100,10007,29,0.6700,0.8852,0
mnist_proj,100,10007,30,0.6700,0.9413,0
mnist_proj,100,10007,31,0.6700,0.9005,0
mnist_proj,100,10007,32,0.6700,0.9617,1
mnist_proj,100,10007,33,0.6700,0.9439,0
mnist_proj,100,10007,34,0.6700,0.8010,0
mnist_proj,100,10007,35,0.6700,0.8571,0
mnist_proj,100,10007,36,0.6700,0.8673,0
mnist_proj,100,10007,37,0.6700,0.8827,0
mnist_proj,100,10007,38,0.6700,0.8724,0
mnist_proj,100,10007,39,0.6700,0.8929,0
mnist_proj,100,10007,40,0.6700,0.8852,0
mnist_proj,100,10007,41,0.6700,0.8673,0
mnist_proj,100,10007,42,0.6700,0.9133,0
mnist_proj,100,10007,43,0.6700,0.9107,0
mnist_proj,100,10007,44,0.6700,0.8418,0
mnist_proj,100,10007,45,0.6700,0.8418,0
mnist_proj,100,10007,46,0.6700,0.8852,0
mnist_proj,100,10007,47,0.6700,0.8495,0
mnist_proj,100,10007,48,0.6700,0.9592,1
mnist_proj,100,10007,49,0.6700,0.8699,0
mnist_proj,100,10007,50,0.6700,0.9031,0
mnist_proj,100,10007,51,0.6700,0.7985,0
mnist_proj,100,10007,52,0.6700,0.9209,0
mnist_proj,100,10007,53,0.6700,0.8393,0
mnist_proj,100,10007,54,0.6700,0.8469,0
mnist_proj,100,10007,55,0.6700,0.8495,0
mnist_proj,100,10007,56,0.6700,0.8418,0
mnist_proj,100,10007,57,0.6700,0.7934,0
mnist_proj,100,10007,58,0.6700,0.8724,0
mnist_proj,100,10007,59,0.6700,0.8112,0
mnist_proj,100,10007,60,0.6700,0.9056,0
mnist_proj,100,10007,61,0.6700,0.8622,0
mnist_proj,100,10007,62,0.6700,0.8852,0
mnist_proj,100,10007,63,0.6700,0.8673,0
mnist_proj,100,10007,64,0.6700,0.8138,0
mnist_proj,100,10007,65,0.6700,0.9158,0
mnist_proj,100,10007,66,0.6700,0.8980,0
mnist_proj,100,10007,67,0.6700,0.8342,0
mnist_proj,100,10007,68,0.6700,0.9107,0
mnist_proj,100,10007,69,0.6700,0.8495,0
mnist_proj,100,10007,70,0.6700,0.8724,0
mnist_proj,100,10007,71,0.6700,0.8699,0
mnist_proj,100,10007,72,0.6700,0.9413,0
mnist_proj,100,10007,73,0.6700,0.8520,0
mnist_proj,100,10007,74,0.6700,0.8980,0
mnist_proj,100,10007,75,0.6700,0.9133,0
mnist_proj,100,10007,76,0.6700,0.8903,0
mnist_proj,100,10007,77,0.6700,0.8878,0
mnist_proj,100,10007,78,0.6700,0.8750,0
mnist_proj,100,10007,79,0.6700,0.9005,0
mnist_proj,100,10007,80,0.6700,0.9107,0
mnist_proj,100,10007,81,0.6700,0.8546,0
mnist_proj,100,10007,82,0.6700,0.8827,0
mnist_proj,100,10007,83,0.6700,0.9464,0
mnist_proj,100,10007,84,0.6700,0.8980,0
mnist_proj,100,10007,85,0.6700,0.8673,0
mnist_proj,100,10007,86,0.6700,0.9286,0
mnist_proj,100,10007,87,0.6700,0.9464,0
mnist_proj,100,10007,88,0.6700,0.9133,0
mnist_proj,100,10007,89,0.6700,0.8903,0
mnist_proj,100,10007,90,0.6700,0.8903,0
mnist_proj,100,10007,91,0.6700,0.8367,0
mnist_proj,100,10007,92,0.6700,0.8827,0
mnist_proj,100,10007,93,0.6700,0.8724,0
mnist_proj,100,10007,94,0.6700,0.9005,0
mnist_proj,100,10007,95,0.6700,0.9592,1
mnist_proj,100,10007,96,0.6700,0.8520,0
mnist_proj,100,10007,97,0.6700,0.8929,0
mnist_proj,100,10007,98,0.6700,0.7959,0
mnist_proj,100,10007,99,0.6700,0.8801,0
random_proj,100,10007,0,-0.0002,1.0000,1
random_proj,100,10007,1,-0.0002,1.0000,1
random_proj,100,10007,2,-0.0002,1.0000,1
random_proj,100,10007,3,-0.0002,1.0000,1
random_proj,100,10007,4,-0.0002,1.0000,1
random_proj,100,10007,5,-0.0002,1.0000,1
random_proj,100,10007,6,-0.0002,1.0000,1
random_proj,100,10007,7,-0.0002,1.0000,1
random_proj,100,10007,8,-0.0002,1.0000,1
random_proj,100,10007,9,-0.0002,1.0000,1
random_proj,100,10007,10,-0.0002,1.0000,1
random_proj,100,10007,11,-0.0002,1.0000,1
random_proj,100,10007,12,-0.0002,1.0000,1
random_proj,100,10007,13,-0.0002,1.0000,1
random_proj,100,10007,14,-0.0002,1.0000,1
random_proj,100,10007,15,-0.0002,1.0000,1
random_proj,100,10007,16,-0.0002,1.0000,1
random_proj,100,10007,17,-0.0002,1.0000,1
random_proj,100,10007,18,-0.0002,1.0000,1
random_proj,100,10007,19,-0.0002,1.0000,1
random_proj,100,10007,20,-0.0002,1.0000,1
random_proj,100,10007,21,-0.0002,1.0000,1
random_proj,100,10007,22,-0.0002,1.0000,1
random_proj,100,10007,23,-0.0002,1.0000,1
random_proj,100,10007,24,-0.0002,1.0000,1
random_proj,100,10007,25,-0.0002,1.0000,1
random_proj,100,10007,26,-0.0002,1.0000,1
random_proj,100,10007,27,-0.0002,1.0000,1
random_proj,100,10007,28,-0.0002,1.0000,1
random_proj,100,10007,29,-0.0002,1.0000,1
random_proj,100,10007,30,-0.0002,1.0000,1
random_proj,100,10007,31,-0.0002,1.0000,1
random_proj,100,10007,32,-0.0002,1.0000,1
random_proj,100,10007,33,-0.0002,1.0000,1
random_proj,100,10007,34,-0.0002,1.0000,1
random_proj,100,10007,35,-0.0002,1.0000,1
random_proj,100,10007,36,-0.0002,1.0000,1
random_proj,100,10007,37,-0.0002,1.0000,1
random_proj,100,10007,38,-0.0002,1.0000,1
random_proj,100,10007,39,-0.0002,1.0000,1
random_proj,100,10007,40,-0.0002,1.0000,1
random_proj,100,10007,41,-0.0002,1.0000,1
random_proj,100,10007,42,-0.0002,1.0000,1
random_proj,100,10007,43,-0.0002,1.0000,1
random_proj,100,10007,44,-0.0002,1.0000,1
random_proj,100,10007,45,-0.0002,1.0000,1
random_proj,100,10007,46,-0.0002,1.0000,1
random_proj,100,10007,47,-0.0002,1.0000,1
random_proj,100,10007,48,-0.0002,1.0000,1
random_proj,100,10007,49,-0.0002,1.0000,1
random_proj,100,10007,50,-0.0002,1.0000,1
random_proj,100,10007,51,-0.0002,1.0000,1
random_proj,100,10007,52,-0.0002,1.0000,1
random_proj,100,10007,53,-0.0002,1.0000,1
random_proj,100,10007,54,-0.0002,1.0000,1
random_proj,100,10007,55,-0.0002,1.0000,1
random_proj,100,10007,56,-0.0002,1.0000,1
random_proj,100,10007,57,-0.0002,1.0000,1
random_proj,100,10007,58,-0.0002,1.0000,1
random_proj,100,10007,59,-0.0002,1.0000,1
random_proj,100,10007,60,-0.0002,1.0000,1
random_proj,100,10007,61,-0.0002,1.0000,1
random_proj,100,10007,62,-0.0002,1.0000,1
random_proj,100,10007,63,-0.0002,1.0000,1
random_proj,100,10007,64,-0.0002,1.0000,1
random_proj,100,10007,65,-0.0002,1.0000,1
random_proj,100,10007,66,-0.0002,1.0000,1
random_proj,100,10007,67,-0.0002,1.0000,1
random_proj,100,10007,68,-0.0002,1.0000,1
random_proj,100,10007,69,-0.0002,1.0000,1
random_proj,100,10007,70,-0.0002,1.0000,1
random_proj,100,10007,71,-0.0002,1.0000,1
random_proj,100,10007,72,-0.0002,1.0000,1
random_proj,100,10007,73,-0.0002,1.0000,1
random_proj,100,10007,74,-0.0002,1.0000,1
random_proj,100,10007,75,-0.0002,1.0000,1
random_proj,100,10007,76,-0.0002,1.0000,1
random_proj,100,10007,77,-0.0002,1.0000,1
random_proj,100,10007,78,-0.0002,1.0000,1
random_proj,100,10007,79,-0.0002,1.0000,1
random_proj,100,10007,80,-0.0002,1.0000,1
random_proj,100,10007,81,-0.0002,1.0000,1
random_proj,100,10007,82,-0.0002,1.0000,1
random_proj,100,10007,83,-0.0002,1.0000,1
random_proj,100,10007,84,-0.0002,1.0000,1
random_proj,100,10007,85,-0.0002,1.0000,1
random_proj,100,10007,86,-0.0002,1.0000,1
random_proj,100,10007,87,-0.0002,1.0000,1
random_proj,100,10007,88,-0.0002,1.0000,1
random_proj,100,10007,89,-0.0002,1.0000,1
random_proj,100,10007,90,-0.0002,1.0000,1
random_proj,100,10007,91,-0.0002,1.0000,1
random_proj,100,10007,92,-0.0002,1.0000,1
random_proj,100,10007,93,-0.0002,1.0000,1
random_proj,100,10007,94,-0.0002,1.0000,1
random_proj,100,10007,95,-0.0002,1.0000,1
random_proj,100,10007,96,-0.0002,1.0000,1
random_proj,100,10007,97,-0.0002,1.0000,1
random_proj,100,10007,98,-0.0002,1.0000,1
random_proj,100,10007,99,-0.0002,1.0000,1
mnist_proj,100,10008,0,0.6700,0.8546,0
mnist_proj,100,10008,1,0.6700,0.8546,0
mnist_proj,100,10008,2,0.6700,0.9209,0
mnist_proj,100,10008,3,0.6700,0.8571,0
mnist_proj,100,10008,4,0.6700,0.9184,0
mnist_proj,100,10008,5,0.6700,0.8903,0
mnist_proj,100,10008,6,0.6700,0.9031,0
mnist_proj,100,10008,7,0.6700,0.8495,0
mnist_proj,100,10008,8,0.6700,0.8418,0
mnist_proj,100,10008,9,0.6700,0.9286,0
mnist_proj,100,10008,10,0.6700,0.9184,0
mnist_proj,100,10008,11,0.6700,0.8954,0
mnist_proj,100,10008,12,0.6700,0.9031,0
mnist_proj,100,10008,13,0.6700,0.9209,0
mnist_proj,100,10008,14,0.6700,0.8980,0
mnist_proj,100,10008,15,0.6700,0.8316,0
mnist_proj,100,10008,16,0.6700,0.8776,0
mnist_proj,100,10008,17,0.6700,0.9286,0
mnist_proj,100,10008,18,0.6700,0.9490,0
mnist_proj,100,10008,19,0.6700,0.9286,0
mnist_proj,100,10008,20,0.6700,0.9133,0
mnist_proj,100,10008,21,0.6700,0.8699,0
mnist_proj,100,10008,22,0.6700,0.9056,0
mnist_proj,100,10008,23,0.6700,0.8622,0
mnist_proj,100,10008,24,0.6700,0.8648,0
mnist_proj,100,10008,25,0.6700,0.9031,0
mnist_proj,100,10008,26,0.6700,0.9107,0
mnist_proj,100,10008,27,0.6700,0.8801,0
mnist_proj,100,10008,28,0.6700,0.8801,0
mnist_proj,100,10008,29,0.6700,0.8954,0
mnist_proj,100,10008,30,0.6700,0.9311,0
mnist_proj,100,10008,31,0.6700,0.8444,0
mnist_proj,100,10008,32,0.6700,0.8903,0
mnist_proj,100,10008,33,0.6700,0.9515,1
mnist_proj,100,10008,34,0.6700,0.8597,0
mnist_proj,100,10008,35,0.6700,0.9158,0
mnist_proj,100,10008,36,0.6700,0.9005,0
mnist_proj,100,10008,37,0.6700,0.8469,0
mnist_proj,100,10008,38,0.6700,0.9082,0
mnist_proj,100,10008,39,0.6700,0.9439,0
mnist_proj,100,10008,40,0.6700,0.8827,0
mnist_proj,100,10008,41,0.6700,0.8903,0
mnist_proj,100,10008,42,0.6700,0.8724,0
mnist_proj,100,10008,43,0.6700,0.8750,0
mnist_proj,100,10008,44,0.6700,0.8903,0
mnist_proj,100,10008,45,0.6700,0.8801,0
mnist_proj,100,10008,46,0.6700,0.8291,0
mnist_proj,100,10008,47,0.6700,0.8929,0
mnist_proj,100,10008,48,0.6700,0.9388,0
mnist_proj,100,10008,49,0.6700,0.8699,0
mnist_proj,100,10008,50,0.6700,0.8622,0
mnist_proj,100,10008,51,0.6700,0.9260,0
mnist_proj,100,10008,52,0.6700,0.8342,0
mnist_proj,100,10008,53,0.6700,0.9413,0
mnist_proj,100,10008,54,0.6700,0.8673,0
mnist_proj,100,10008,55,0.6700,0.8699,0
mnist_proj,100,10008,56,0.6700,0.8036,0
mnist_proj,100,10008,57,0.6700,0.8189,0
mnist_proj,100,10008,58,0.6700,0.9056,0
mnist_proj,100,10008,59,0.6700,0.9260,0
mnist_proj,100,10008,60,0.6700,0.9337,0
mnist_proj,100,10008,61,0.6700,0.8648,0
mnist_proj,100,10008,62,0.6700,0.8980,0
mnist_proj,100,10008,63,0.6700,0.8878,0
mnist_proj,100,10008,64,0.6700,0.9184,0
mnist_proj,100,10008,65,0.6700,0.9286,0
mnist_proj,100,10008,66,0.6700,0.8495,0
mnist_proj,100,10008,67,0.6700,0.8520,0
mnist_proj,100,10008,68,0.6700,0.9184,0
mnist_proj,100,10008,69,0.6700,0.8673,0
mnist_proj,100,10008,70,0.6700,0.8776,0
mnist_proj,100,10008,71,0.6700,0.9260,0
mnist_proj,100,10008,72,0.6700,0.8750,0
mnist_proj,100,10008,73,0.6700,0.9158,0
mnist_proj,100,10008,74,0.6700,0.8342,0
mnist_proj,100,10008,75,0.6700,0.8878,0
mnist_proj,100,10008,76,0.6700,0.9158,0
mnist_proj,100,10008,77,0.6700,0.8954,0
mnist_proj,100,10008,78,0.6700,0.9005,0
mnist_proj,100,10008,79,0.6700,0.8444,0
mnist_proj,100,10008,80,0.6700,0.8724,0
mnist_proj,100,10008,81,0.6700,0.8316,0
mnist_proj,100,10008,82,0.6700,0.9286,0
mnist_proj,100,10008,83,0.6700,0.9133,0
mnist_proj,100,10008,84,0.6700,0.8827,0
mnist_proj,100,10008,85,0.6700,0.8929,0
mnist_proj,100,10008,86,0.6700,0.9541,1
mnist_proj,100,10008,87,0.6700,0.9694,1
mnist_proj,100,10008,88,0.6700,0.9056,0
mnist_proj,100,10008,89,0.6700,0.9184,0
mnist_proj,100,10008,90,0.6700,0.9056,0
mnist_proj,100,10008,91,0.6700,0.8342,0
mnist_proj,100,10008,92,0.6700,0.9439,0
mnist_proj,100,10008,93,0.6700,0.8648,0
mnist_proj,100,10008,94,0.6700,0.8954,0
mnist_proj,100,10008,95,0.6700,0.8673,0
mnist_proj,100,10008,96,0.6700,0.8597,0
mnist_proj,100,10008,97,0.6700,0.8929,0
mnist_proj,100,10008,98,0.6700,0.8648,0
mnist_proj,100,10008,99,0.6700,0.8469,0
random_proj,100,10008,0,-0.0002,1.0000,1
random_proj,100,10008,1,-0.0002,1.0000,1
random_proj,100,10008,2,-0.0002,1.0000,1
random_proj,100,10008,3,-0.0002,1.0000,1
random_proj,100,10008,4,-0.0002,1.0000,1
random_proj,100,10008,5,-0.0002,1.0000,1
random_proj,100,10008,6,-0.0002,1.0000,1
random_proj,100,10008,7,-0.0002,1.0000,1
random_proj,100,10008,8,-0.0002,1.0000,1
random_proj,100,10008,9,-0.0002,1.0000,1
random_proj,100,10008,10,-0.0002,1.0000,1
random_proj,100,10008,11,-0.0002,1.0000,1
random_proj,100,10008,12,-0.0002,1.0000,1
random_proj,100,10008,13,-0.0002,1.0000,1
random_proj,100,10008,14,-0.0002,1.0000,1
random_proj,100,10008,15,-0.0002,1.0000,1
random_proj,100,10008,16,-0.0002,1.0000,1
random_proj,100,10008,17,-0.0002,1.0000,1
random_proj,100,10008,18,-0.0002,1.0000,1
random_proj,100,10008,19,-0.0002,1.0000,1
random_proj,100,10008,20,-0.0002,1.0000,1
random_proj,100,10008,21,-0.0002,1.0000,1
random_proj,100,10008,22,-0.0002,1.0000,1
random_proj,100,10008,23,-0.0002,1.0000,1
random_proj,100,10008,24,-0.0002,1.0000,1
random_proj,100,10008,25,-0.0002,1.0000,1
random_proj,100,10008,26,-0.0002,1.0000,1
random_proj,100,10008,27,-0.0002,1.0000,1
random_proj,100,10008,28,-0.0002,1.0000,1
random_proj,100,10008,29,-0.0002,1.0000,1
random_proj,100,10008,30,-0.0002,1.0000,1
random_proj,100,10008,31,-0.0002,1.0000,1
random_proj,100,10008,32,-0.0002,1.0000,1
random_proj,100,10008,33,-0.0002,1.0000,1
random_proj,100,10008,34,-0.0002,1.0000,1
random_proj,100,10008,35,-0.0002,1.0000,1
random_proj,100,10008,36,-0.0002,1.0000,1
random_proj,100,10008,37,-0.0002,1.0000,1
random_proj,100,10008,38,-0.0002,1.0000,1
random_proj,100,10008,39,-0.0002,1.0000,1
random_proj,100,10008,40,-0.0002,1.0000,1
random_proj,100,10008,41,-0.0002,1.0000,1
random_proj,100,10008,42,-0.0002,1.0000,1
random_proj,100,10008,43,-0.0002,1.0000,1
random_proj,100,10008,44,-0.0002,1.0000,1
random_proj,100,10008,45,-0.0002,1.0000,1
random_proj,100,10008,46,-0.0002,1.0000,1
random_proj,100,10008,47,-0.0002,1.0000,1
random_proj,100,10008,48,-0.0002,1.0000,1
random_proj,100,10008,49,-0.0002,1.0000,1
random_proj,100,10008,50,-0.0002,1.0000,1
random_proj,100,10008,51,-0.0002,1.0000,1
random_proj,100,10008,52,-0.0002,1.0000,1
random_proj,100,10008,53,-0.0002,1.0000,1
random_proj,100,10008,54,-0.0002,1.0000,1
random_proj,100,10008,55,-0.0002,1.0000,1
random_proj,100,10008,56,-0.0002,1.0000,1
random_proj,100,10008,57,-0.0002,1.0000,1
random_proj,100,10008,58,-0.0002,1.0000,1
random_proj,100,10008,59,-0.0002,1.0000,1
random_proj,100,10008,60,-0.0002,1.0000,1
random_proj,100,10008,61,-0.0002,1.0000,1
random_proj,100,10008,62,-0.0002,1.0000,1
random_proj,100,10008,63,-0.0002,1.0000,1
random_proj,100,10008,64,-0.0002,1.0000,1
random_proj,100,10008,65,-0.0002,1.0000,1
random_proj,100,10008,66,-0.0002,1.0000,1
random_proj,100,10008,67,-0.0002,1.0000,1
random_proj,100,10008,68,-0.0002,1.0000,1
random_proj,100,10008,69,-0.0002,1.0000,1
random_proj,100,10008,70,-0.0002,1.0000,1
random_proj,100,10008,71,-0.0002,1.0000,1
random_proj,100,10008,72,-0.0002,1.0000,1
random_proj,100,10008,73,-0.0002,1.0000,1
random_proj,100,10008,74,-0.0002,1.0000,1
random_proj,100,10008,75,-0.0002,1.0000,1
random_proj,100,10008,76,-0.0002,1.0000,1
random_proj,100,10008,77,-0.0002,1.0000,1
random_proj,100,10008,78,-0.0002,1.0000,1
random_proj,100,10008,79,-0.0002,1.0000,1
random_proj,100,10008,80,-0.0002,1.0000,1
random_proj,100,10008,81,-0.0002,1.0000,1
random_proj,100,10008,82,-0.0002,1.0000,1
random_proj,100,10008,83,-0.0002,1.0000,1
random_proj,100,10008,84,-0.0002,1.0000,1
random_proj,100,10008,85,-0.0002,1.0000,1
random_proj,100,10008,86,-0.0002,1.0000,1
random_proj,100,10008,87,-0.0002,1.0000,1
random_proj,100,10008,88,-0.0002,1.0000,1
random_proj,100,10008,89,-0.0002,1.0000,1
random_proj,100,10008,90,-0.0002,1.0000,1
random_proj,100,10008,91,-0.0002,1.0000,1
random_proj,100,10008,92,-0.0002,1.0000,1
random_proj,100,10008,93,-0.0002,1.0000,1
random_proj,100,10008,94,-0.0002,1.0000,1
random_proj,100,10008,95,-0.0002,1.0000,1
random_proj,100,10008,96,-0.0002,1.0000,1
random_proj,100,10008,97,-0.0002,1.0000,1
random_proj,100,10008,98,-0.0002,1.0000,1
random_proj,100,10008,99,-0.0002,1.0000,1
mnist_proj,100,10009,0,0.6700,0.8699,0
mnist_proj,100,10009,1,0.6700,0.8546,0
mnist_proj,100,10009,2,0.6700,0.9464,0
mnist_proj,100,10009,3,0.6700,0.8112,0
mnist_proj,100,10009,4,0.6700,0.8827,0
mnist_proj,100,10009,5,0.6700,0.9286,0
mnist_proj,100,10009,6,0.6700,0.8903,0
mnist_proj,100,10009,7,0.6700,0.9107,0
mnist_proj,100,10009,8,0.6700,0.8699,0
mnist_proj,100,10009,9,0.6700,0.9719,1
mnist_proj,100,10009,10,0.6700,0.9566,1
mnist_proj,100,10009,11,0.6700,0.9311,0
mnist_proj,100,10009,12,0.6700,0.9005,0
mnist_proj,100,10009,13,0.6700,0.9158,0
mnist_proj,100,10009,14,0.6700,0.8597,0
mnist_proj,100,10009,15,0.6700,0.9005,0
mnist_proj,100,10009,16,0.6700,0.8648,0
mnist_proj,100,10009,17,0.6700,0.8750,0
mnist_proj,100,10009,18,0.6700,0.9464,0
mnist_proj,100,10009,19,0.6700,0.8699,0
mnist_proj,100,10009,20,0.6700,0.9107,0
mnist_proj,100,10009,21,0.6700,0.9158,0
mnist_proj,100,10009,22,0.6700,0.8495,0
mnist_proj,100,10009,23,0.6700,0.9133,0
mnist_proj,100,10009,24,0.6700,0.8980,0
mnist_proj,100,10009,25,0.6700,0.9005,0
mnist_proj,100,10009,26,0.6700,0.8724,0
mnist_proj,100,10009,27,0.6700,0.8520,0
mnist_proj,100,10009,28,0.6700,0.8929,0
mnist_proj,100,10009,29,0.6700,0.8801,0
mnist_proj,100,10009,30,0.6700,0.8673,0
mnist_proj,100,10009,31,0.6700,0.9107,0
mnist_proj,100,10009,32,0.6700,0.8571,0
mnist_proj,100,10009,33,0.6700,0.8673,0
mnist_proj,100,10009,34,0.6700,0.8622,0
mnist_proj,100,10009,35,0.6700,0.8622,0
mnist_proj,100,10009,36,0.6700,0.8827,0
mnist_proj,100,10009,37,0.6700,0.9133,0
mnist_proj,100,10009,38,0.6700,0.8469,0
mnist_proj,100,10009,39,0.6700,0.8214,0
mnist_proj,100,10009,40,0.6700,0.8852,0
mnist_proj,100,10009,41,0.6700,0.8852,0
mnist_proj,100,10009,42,0.6700,0.8520,0
mnist_proj,100,10009,43,0.6700,0.8367,0
mnist_proj,100,10009,44,0.6700,0.8852,0
mnist_proj,100,10009,45,0.6700,0.9082,0
mnist_proj,100,10009,46,0.6700,0.8622,0
mnist_proj,100,10009,47,0.6700,0.8367,0
mnist_proj,100,10009,48,0.6700,0.8903,0
mnist_proj,100,10009,49,0.6700,0.8980,0
mnist_proj,100,10009,50,0.6700,0.9082,0
mnist_proj,100,10009,51,0.6700,0.8469,0
mnist_proj,100,10009,52,0.6700,0.8010,0
mnist_proj,100,10009,53,0.6700,0.8852,0
mnist_proj,100,10009,54,0.6700,0.8724,0
mnist_proj,100,10009,55,0.6700,0.7934,0
mnist_proj,100,10009,56,0.6700,0.8750,0
mnist_proj,100,10009,57,0.6700,0.8571,0
mnist_proj,100,10009,58,0.6700,0.8265,0
mnist_proj,100,10009,59,0.6700,0.8622,0
mnist_proj,100,10009,60,0.6700,0.8929,0
mnist_proj,100,10009,61,0.6700,0.8801,0
mnist_proj,100,10009,62,0.6700,0.9209,0
mnist_proj,100,10009,63,0.6700,0.8163,0
mnist_proj,100,10009,64,0.6700,0.8699,0
mnist_proj,100,10009,65,0.6700,0.8878,0
mnist_proj,100,10009,66,0.6700,0.9082,0
mnist_proj,100,10009,67,0.6700,0.9184,0
mnist_proj,100,10009,68,0.6700,0.8673,0
mnist_proj,100,10009,69,0.6700,0.8648,0
mnist_proj,100,10009,70,0.6700,0.8495,0
mnist_proj,100,10009,71,0.6700,0.8954,0
mnist_proj,100,10009,72,0.6700,0.9005,0
mnist_proj,100,10009,73,0.6700,0.9031,0
mnist_proj,100,10009,74,0.6700,0.8291,0
mnist_proj,100,10009,75,0.6700,0.8699,0
mnist_proj,100,10009,76,0.6700,0.9260,0
mnist_proj,100,10009,77,0.6700,0.8878,0
mnist_proj,100,10009,78,0.6700,0.8469,0
mnist_proj,100,10009,79,0.6700,0.9056,0
mnist_proj,100,10009,80,0.6700,0.9056,0
mnist_proj,100,10009,81,0.6700,0.8163,0
mnist_proj,100,10009,82,0.6700,0.9082,0
mnist_proj,100,10009,83,0.6700,0.9082,0
mnist_proj,100,10009,84,0.6700,0.8776,0
mnist_proj,100,10009,85,0.6700,0.8776,0
mnist_proj,100,10009,86,0.6700,0.9490,0
mnist_proj,100,10009,87,0.6700,0.9005,0
mnist_proj,100,10009,88,0.6700,0.8980,0
mnist_proj,100,10009,89,0.6700,0.9286,0
mnist_proj,100,10009,90,0.6700,0.9413,0
mnist_proj,100,10009,91,0.6700,0.9311,0
mnist_proj,100,10009,92,0.6700,0.9464,0
mnist_proj,100,10009,93,0.6700,0.9617,1
mnist_proj,100,10009,94,0.6700,0.8546,0
mnist_proj,100,10009,95,0.6700,0.8954,0
mnist_proj,100,10009,96,0.6700,0.8903,0
mnist_proj,100,10009,97,0.6700,0.9235,0
mnist_proj,100,10009,98,0.6700,0.9031,0
mnist_proj,100,10009,99,0.6700,0.8903,0
random_proj,100,10009,0,-0.0003,1.0000,1
random_proj,100,10009,1,-0.0003,1.0000,1
random_proj,100,10009,2,-0.0003,1.0000,1
random_proj,100,10009,3,-0.0003,1.0000,1
random_proj,100,10009,4,-0.0003,1.0000,1
random_proj,100,10009,5,-0.0003,1.0000,1
random_proj,100,10009,6,-0.0003,1.0000,1
random_proj,100,10009,7,-0.0003,1.0000,1
random_proj,100,10009,8,-0.0003,1.0000,1
random_proj,100,10009,9,-0.0003,1.0000,1
random_proj,100,10009,10,-0.0003,1.0000,1
random_proj,100,10009,11,-0.0003,1.0000,1
random_proj,100,10009,12,-0.0003,1.0000,1
random_proj,100,10009,13,-0.0003,1.0000,1
random_proj,100,10009,14,-0.0003,1.0000,1
random_proj,100,10009,15,-0.0003,1.0000,1
random_proj,100,10009,16,-0.0003,1.0000,1
random_proj,100,10009,17,-0.0003,1.0000,1
random_proj,100,10009,18,-0.0003,1.0000,1
random_proj,100,10009,19,-0.0003,1.0000,1
random_proj,100,10009,20,-0.0003,1.0000,1
random_proj,100,10009,21,-0.0003,1.0000,1
random_proj,100,10009,22,-0.0003,1.0000,1
random_proj,100,10009,23,-0.0003,1.0000,1
random_proj,100,10009,24,-0.0003,1.0000,1
random_proj,100,10009,25,-0.0003,1.0000,1
random_proj,100,10009,26,-0.0003,1.0000,1
random_proj,100,10009,27,-0.0003,1.0000,1
random_proj,100,10009,28,-0.0003,1.0000,1
random_proj,100,10009,29,-0.0003,1.0000,1
random_proj,100,10009,30,-0.0003,1.0000,1
random_proj,100,10009,31,-0.0003,1.0000,1
random_proj,100,10009,32,-0.0003,1.0000,1
random_proj,100,10009,33,-0.0003,1.0000,1
random_proj,100,10009,34,-0.0003,1.0000,1
random_proj,100,10009,35,-0.0003,1.0000,1
random_proj,100,10009,36,-0.0003,1.0000,1
random_proj,100,10009,37,-0.0003,1.0000,1
random_proj,100,10009,38,-0.0003,1.0000,1
random_proj,100,10009,39,-0.0003,1.0000,1
random_proj,100,10009,40,-0.0003,1.0000,1
random_proj,100,10009,41,-0.0003,1.0000,1
random_proj,100,10009,42,-0.0003,1.0000,1
random_proj,100,10009,43,-0.0003,1.0000,1
random_proj,100,10009,44,-0.0003,1.0000,1
random_proj,100,10009,45,-0.0003,1.0000,1
random_proj,100,10009,46,-0.0003,1.0000,1
random_proj,100,10009,47,-0.0003,1.0000,1
random_proj,100,10009,48,-0.0003,1.0000,1
random_proj,100,10009,49,-0.0003,1.0000,1
random_proj,100,10009,50,-0.0003,1.0000,1
random_proj,100,10009,51,-0.0003,1.0000,1
random_proj,100,10009,52,-0.0003,1.0000,1
random_proj,100,10009,53,-0.0003,1.0000,1
random_proj,100,10009,54,-0.0003,1.0000,1
random_proj,100,10009,55,-0.0003,1.0000,1
random_proj,100,10009,56,-0.0003,1.0000,1
random_proj,100,10009,57,-0.0003,1.0000,1
random_proj,100,10009,58,-0.0003,1.0000,1
random_proj,100,10009,59,-0.0003,1.0000,1
random_proj,100,10009,60,-0.0003,1.0000,1
random_proj,100,10009,61,-0.0003,1.0000,1
random_proj,100,10009,62,-0.0003,1.0000,1
random_proj,100,10009,63,-0.0003,1.0000,1
random_proj,100,10009,64,-0.0003,1.0000,1
random_proj,100,10009,65,-0.0003,1.0000,1
random_proj,100,10009,66,-0.0003,1.0000,1
random_proj,100,10009,67,-0.0003,1.0000,1
random_proj,100,10009,68,-0.0003,1.0000,1
random_proj,100,10009,69,-0.0003,1.0000,1
random_proj,100,10009,70,-0.0003,1.0000,1
random_proj,100,10009,71,-0.0003,1.0000,1
random_proj,100,10009,72,-0.0003,1.0000,1
random_proj,100,10009,73,-0.0003,1.0000,1
random_proj,100,10009,74,-0.0003,1.0000,1
random_proj,100,10009,75,-0.0003,1.0000,1
random_proj,100,10009,76,-0.0003,1.0000,1
random_proj,100,10009,77,-0.0003,1.0000,1
random_proj,100,10009,78,-0.0003,1.0000,1
random_proj,100,10009,79,-0.0003,1.0000,1
random_proj,100,10009,80,-0.0003,1.0000,1
random_proj,100,10009,81,-0.0003,1.0000,1
random_proj,100,10009,82,-0.0003,1.0000,1
random_proj,100,10009,83,-0.0003,1.0000,1
random_proj,100,10009,84,-0.0003,1.0000,1
random_proj,100,10009,85,-0.0003,1.0000,1
random_proj,100,10009,86,-0.0003,1.0000,1
random_proj,100,10009,87,-0.0003,1.0000,1
random_proj,100,10009,88,-0.0003,1.0000,1
random_proj,100,10009,89,-0.0003,1.0000,1
random_proj,100,10009,90,-0.0003,1.0000,1
random_proj,100,10009,91,-0.0003,1.0000,1
random_proj,100,10009,92,-0.0003,1.0000,1
random_proj,100,10009,93,-0.0003,1.0000,1
random_proj,100,10009,94,-0.0003,1.0000,1
random_proj,100,10009,95,-0.0003,1.0000,1
random_proj,100,10009,96,-0.0003,1.0000,1
random_proj,100,10009,97,-0.0003,1.0000,1
random_proj,100,10009,98,-0.0003,1.0000,1
random_proj,100,10009,99,-0.0003,1.0000,1
mnist_proj,200,20000,0,0.6676,0.8061,0
mnist_proj,200,20000,1,0.6676,0.7653,0
mnist_proj,200,20000,2,0.6676,0.8138,0
mnist_proj,200,20000,3,0.6676,0.8061,0
mnist_proj,200,20000,4,0.6676,0.8367,0
mnist_proj,200,20000,5,0.6676,0.7704,0
mnist_proj,200,20000,6,0.6676,0.7755,0
mnist_proj,200,20000,7,0.6676,0.8036,0
mnist_proj,200,20000,8,0.6676,0.7908,0
mnist_proj,200,20000,9,0.6676,0.8087,0
mnist_proj,200,20000,10,0.6676,0.7806,0
mnist_proj,200,20000,11,0.6676,0.7959,0
mnist_proj,200,20000,12,0.6676,0.7423,0
mnist_proj,200,20000,13,0.6676,0.7959,0
mnist_proj,200,20000,14,0.6676,0.8342,0
mnist_proj,200,20000,15,0.6676,0.7934,0
mnist_proj,200,20000,16,0.6676,0.7806,0
mnist_proj,200,20000,17,0.6676,0.7704,0
mnist_proj,200,20000,18,0.6676,0.7653,0
mnist_proj,200,20000,19,0.6676,0.8163,0
mnist_proj,200,20000,20,0.6676,0.8240,0
mnist_proj,200,20000,21,0.6676,0.7679,0
mnist_proj,200,20000,22,0.6676,0.8240,0
mnist_proj,200,20000,23,0.6676,0.8061,0
mnist_proj,200,20000,24,0.6676,0.7959,0
mnist_proj,200,20000,25,0.6676,0.6964,0
mnist_proj,200,20000,26,0.6676,0.7704,0
mnist_proj,200,20000,27,0.6676,0.7908,0
mnist_proj,200,20000,28,0.6676,0.7577,0
mnist_proj,200,20000,29,0.6676,0.7908,0
mnist_proj,200,20000,30,0.6676,0.7755,0
mnist_proj,200,20000,31,0.6676,0.7934,0
mnist_proj,200,20000,32,0.6676,0.7985,0
mnist_proj,200,20000,33,0.6676,0.7806,0
mnist_proj,200,20000,34,0.6676,0.8138,0
mnist_proj,200,20000,35,0.6676,0.7679,0
mnist_proj,200,20000,36,0.6676,0.7806,0
mnist_proj,200,20000,37,0.6676,0.7908,0
mnist_proj,200,20000,38,0.6676,0.7857,0
mnist_proj,200,20000,39,0.6676,0.8367,0
mnist_proj,200,20000,40,0.6676,0.7577,0
mnist_proj,200,20000,41,0.6676,0.8036,0
mnist_proj,200,20000,42,0.6676,0.7704,0
mnist_proj,200,20000,43,0.6676,0.8036,0
mnist_proj,200,20000,44,0.6676,0.7423,0
mnist_proj,200,20000,45,0.6676,0.8112,0
mnist_proj,200,20000,46,0.6676,0.7628,0
mnist_proj,200,20000,47,0.6676,0.8138,0
mnist_proj,200,20000,48,0.6676,0.7781,0
mnist_proj,200,20000,49,0.6676,0.7883,0
mnist_proj,200,20000,50,0.6676,0.8112,0
mnist_proj,200,20000,51,0.6676,0.7806,0
mnist_proj,200,20000,52,0.6676,0.8010,0
mnist_proj,200,20000,53,0.6676,0.8367,0
mnist_proj,200,20000,54,0.6676,0.8138,0
mnist_proj,200,20000,55,0.6676,0.8214,0
mnist_proj,200,20000,56,0.6676,0.7857,0
mnist_proj,200,20000,57,0.6676,0.7551,0
mnist_proj,200,20000,58,0.6676,0.7704,0
mnist_proj,200,20000,59,0.6676,0.8316,0
mnist_proj,200,20000,60,0.6676,0.7551,0
mnist_proj,200,20000,61,0.6676,0.7908,0
mnist_proj,200,20000,62,0.6676,0.8444,0
mnist_proj,200,20000,63,0.6676,0.7551,0
mnist_proj,200,20000,64,0.6676,0.7857,0
mnist_proj,200,20000,65,0.6676,0.7985,0
mnist_proj,200,20000,66,0.6676,0.7934,0
mnist_proj,200,20000,67,0.6676,0.7883,0
mnist_proj,200,20000,68,0.6676,0.8036,0
mnist_proj,200,20000,69,0.6676,0.8342,0
mnist_proj,200,20000,70,0.6676,0.8036,0
mnist_proj,200,20000,71,0.6676,0.7934,0
mnist_proj,200,20000,72,0.6676,0.8087,0
mnist_proj,200,20000,73,0.6676,0.8036,0
mnist_proj,200,20000,74,0.6676,0.7679,0
mnist_proj,200,20000,75,0.6676,0.7679,0
mnist_proj,200,20000,76,0.6676,0.7704,0
mnist_proj,200,20000,77,0.6676,0.7908,0
mnist_proj,200,20000,78,0.6676,0.7704,0
mnist_proj,200,20000,79,0.6676,0.7449,0
mnist_proj,200,20000,80,0.6676,0.7577,0
mnist_proj,200,20000,81,0.6676,0.7883,0
mnist_proj,200,20000,82,0.6676,0.8189,0
mnist_proj,200,20000,83,0.6676,0.7908,0
mnist_proj,200,20000,84,0.6676,0.8010,0
mnist_proj,200,20000,85,0.6676,0.7474,0
mnist_proj,200,20000,86,0.6676,0.7806,0
mnist_proj,200,20000,87,0.6676,0.8138,0
mnist_proj,200,20000,88,0.6676,0.7321,0
mnist_proj,200,20000,89,0.6676,0.8061,0
mnist_proj,200,20000,90,0.6676,0.8010,0
mnist_proj,200,20000,91,0.6676,0.8112,0
mnist_proj,200,20000,92,0.6676,0.7755,0
mnist_proj,200,20000,93,0.6676,0.8316,0
mnist_proj,200,20000,94,0.6676,0.8010,0
mnist_proj,200,20000,95,0.6676,0.7423,0
mnist_proj,200,20000,96,0.6676,0.7806,0
mnist_proj,200,20000,97,0.6676,0.8138,0
mnist_proj,200,20000,98,0.6676,0.8240,0
mnist_proj,200,20000,99,0.6676,0.8240,0
mnist_proj,200,20000,100,0.6676,0.8061,0
mnist_proj,200,20000,101,0.6676,0.8061,0
mnist_proj,200,20000,102,0.6676,0.7755,0
mnist_proj,200,20000,103,0.6676,0.8036,0
mnist_proj,200,20000,104,0.6676,0.8036,0
mnist_proj,200,20000,105,0.6676,0.7908,0
mnist_proj,200,20000,106,0.6676,0.7985,0
mnist_proj,200,20000,107,0.6676,0.7653,0
mnist_proj,200,20000,108,0.6676,0.8036,0
mnist_proj,200,20000,109,0.6676,0.7806,0
mnist_proj,200,20000,110,0.6676,0.8444,0
mnist_proj,200,20000,111,0.6676,0.7551,0
mnist_proj,200,20000,112,0.6676,0.8316,0
mnist_proj,200,20000,113,0.6676,0.8061,0
mnist_proj,200,20000,114,0.6676,0.7959,0
mnist_proj,200,20000,115,0.6676,0.8138,0
mnist_proj,200,20000,116,0.6676,0.8214,0
mnist_proj,200,20000,117,0.6676,0.8036,0
mnist_proj,200,20000,118,0.6676,0.7908,0
mnist_proj,200,20000,119,0.6676,0.7806,0
mnist_proj,200,20000,120,0.6676,0.7730,0
mnist_proj,200,20000,121,0.6676,0.7934,0
mnist_proj,200,20000,122,0.6676,0.8495,0
mnist_proj,200,20000,123,0.6676,0.8163,0
mnist_proj,200,20000,124,0.6676,0.8138,0
mnist_proj,200,20000,125,0.6676,0.7934,0
mnist_proj,200,20000,126,0.6676,0.7781,0
mnist_proj,200,20000,127,0.6676,0.7883,0
mnist_proj,200,20000,128,0.6676,0.7934,0
mnist_proj,200,20000,129,0.6676,0.7704,0
mnist_proj,200,20000,130,0.6676,0.7755,0
mnist_proj,200,20000,131,0.6676,0.7679,0
mnist_proj,200,20000,132,0.6676,0.8138,0
mnist_proj,200,20000,133,0.6676,0.7908,0
mnist_proj,200,20000,134,0.6676,0.7985,0
mnist_proj,200,20000,135,0.6676,0.7219,0
mnist_proj,200,20000,136,0.6676,0.8189,0
mnist_proj,200,20000,137,0.6676,0.7934,0
mnist_proj,200,20000,138,0.6676,0.8291,0
mnist_proj,200,20000,139,0.6676,0.8189,0
mnist_proj,200,20000,140,0.6676,0.7908,0
mnist_proj,200,20000,141,0.6676,0.7755,0
mnist_proj,200,20000,142,0.6676,0.7577,0
mnist_proj,200,20000,143,0.6676,0.7577,0
mnist_proj,200,20000,144,0.6676,0.8112,0
mnist_proj,200,20000,145,0.6676,0.8112,0
mnist_proj,200,20000,146,0.6676,0.7934,0
mnist_proj,200,20000,147,0.6676,0.8316,0
mnist_proj,200,20000,148,0.6676,0.8087,0
mnist_proj,200,20000,149,0.6676,0.8138,0
mnist_proj,200,20000,150,0.6676,0.8087,0
mnist_proj,200,20000,151,0.6676,0.8010,0
mnist_proj,200,20000,152,0.6676,0.8061,0
mnist_proj,200,20000,153,0.6676,0.8061,0
mnist_proj,200,20000,154,0.6676,0.7934,0
mnist_proj,200,20000,155,0.6676,0.7755,0
mnist_proj,200,20000,156,0.6676,0.7806,0
mnist_proj,200,20000,157,0.6676,0.8393,0
mnist_proj,200,20000,158,0.6676,0.8036,0
mnist_proj,200,20000,159,0.6676,0.7500,0
mnist_proj,200,20000,160,0.6676,0.7755,0
mnist_proj,200,20000,161,0.6676,0.8265,0
mnist_proj,200,20000,162,0.6676,0.8265,0
mnist_proj,200,20000,163,0.6676,0.7857,0
mnist_proj,200,20000,164,0.6676,0.7602,0
mnist_proj,200,20000,165,0.6676,0.7857,0
mnist_proj,200,20000,166,0.6676,0.8138,0
mnist_proj,200,20000,167,0.6676,0.8036,0
mnist_proj,200,20000,168,0.6676,0.7704,0
mnist_proj,200,20000,169,0.6676,0.8316,0
mnist_proj,200,20000,170,0.6676,0.8061,0
mnist_proj,200,20000,171,0.6676,0.7500,0
mnist_proj,200,20000,172,0.6676,0.7526,0
mnist_proj,200,20000,173,0.6676,0.8112,0
mnist_proj,200,20000,174,0.6676,0.7628,0
mnist_proj,200,20000,175,0.6676,0.7985,0
mnist_proj,200,20000,176,0.6676,0.7704,0
mnist_proj,200,20000,177,0.6676,0.7755,0
mnist_proj,200,20000,178,0.6676,0.8240,0
mnist_proj,200,20000,179,0.6676,0.7372,0
mnist_proj,200,20000,180,0.6676,0.7781,0
mnist_proj,200,20000,181,0.6676,0.7730,0
mnist_proj,200,20000,182,0.6676,0.7602,0
mnist_proj,200,20000,183,0.6676,0.8010,0
mnist_proj,200,20000,184,0.6676,0.7857,0
mnist_proj,200,20000,185,0.6676,0.7908,0
mnist_proj,200,20000,186,0.6676,0.7883,0
mnist_proj,200,20000,187,0.6676,0.8087,0
mnist_proj,200,20000,188,0.6676,0.7577,0
mnist_proj,200,20000,189,0.6676,0.7526,0
mnist_proj,200,20000,190,0.6676,0.7908,0
mnist_proj,200,20000,191,0.6676,0.8163,0
mnist_proj,200,20000,192,0.6676,0.7679,0
mnist_proj,200,20000,193,0.6676,0.8087,0
mnist_proj,200,20000,194,0.6676,0.8291,0
mnist_proj,200,20000,195,0.6676,0.7908,0
mnist_proj,200,20000,196,0.6676,0.8189,0
mnist_proj,200,20000,197,0.6676,0.7755,0
mnist_proj,200,20000,198,0.6676,0.7832,0
mnist_proj,200,20000,199,0.6676,0.7908,0
random_proj,200,20000,0,0.0002,1.0000,1
random_proj,200,20000,1,0.0002,1.0000,1
random_proj,200,20000,2,0.0002,1.0000,1
random_proj,200,20000,3,0.0002,1.0000,1
random_proj,200,20000,4,0.0002,1.0000,1
random_proj,200,20000,5,0.0002,1.0000,1
random_proj,200,20000,6,0.0002,1.0000,1
random_proj,200,20000,7,0.0002,1.0000,1
random_proj,200,20000,8,0.0002,1.0000,1
random_proj,200,20000,9,0.0002,1.0000,1
random_proj,200,20000,10,0.0002,0.8827,0
random_proj,200,20000,11,0.0002,1.0000,1
random_proj,200,20000,12,0.0002,1.0000,1
random_proj,200,20000,13,0.0002,1.0000,1
random_proj,200,20000,14,0.0002,1.0000,1
random_proj,200,20000,15,0.0002,1.0000,1
random_proj,200,20000,16,0.0002,1.0000,1
random_proj,200,20000,17,0.0002,1.0000,1
random_proj,200,20000,18,0.0002,1.0000,1
random_proj,200,20000,19,0.0002,1.0000,1
random_proj,200,20000,20,0.0002,1.0000,1
random_proj,200,20000,21,0.0002,1.0000,1
random_proj,200,20000,22,0.0002,1.0000,1
random_proj,200,20000,23,0.0002,1.0000,1
random_proj,200,20000,24,0.0002,1.0000,1
random_proj,200,20000,25,0.0002,1.0000,1
random_proj,200,20000,26,0.0002,1.0000,1
random_proj,200,20000,27,0.0002,1.0000,1
random_proj,200,20000,28,0.0002,1.0000,1
random_proj,200,20000,29,0.0002,1.0000,1
random_proj,200,20000,30,0.0002,1.0000,1
random_proj,200,20000,31,0.0002,1.0000,1
random_proj,200,20000,32,0.0002,1.0000,1
random_proj,200,20000,33,0.0002,1.0000,1
random_proj,200,20000,34,0.0002,1.0000,1
random_proj,200,20000,35,0.0002,1.0000,1
random_proj,200,20000,36,0.0002,1.0000,1
random_proj,200,20000,37,0.0002,1.0000,1
random_proj,200,20000,38,0.0002,1.0000,1
random_proj,200,20000,39,0.0002,1.0000,1
random_proj,200,20000,40,0.0002,1.0000,1
random_proj,200,20000,41,0.0002,1.0000,1
random_proj,200,20000,42,0.0002,1.0000,1
random_proj,200,20000,43,0.0002,1.0000,1
random_proj,200,20000,44,0.0002,1.0000,1
random_proj,200,20000,45,0.0002,1.0000,1
random_proj,200,20000,46,0.0002,1.0000,1
random_proj,200,20000,47,0.0002,1.0000,1
random_proj,200,20000,48,0.0002,1.0000,1
random_proj,200,20000,49,0.0002,1.0000,1
random_proj,200,20000,50,0.0002,1.0000,1
random_proj,200,20000,51,0.0002,1.0000,1
random_proj,200,20000,52,0.0002,1.0000,1
random_proj,200,20000,53,0.0002,0.8546,0
random_proj,200,20000,54,0.0002,1.0000,1
random_proj,200,20000,55,0.0002,1.0000,1
random_proj,200,20000,56,0.0002,1.0000,1
random_proj,200,20000,57,0.0002,1.0000,1
random_proj,200,20000,58,0.0002,1.0000,1
random_proj,200,20000,59,0.0002,1.0000,1
random_proj,200,20000,60,0.0002,1.0000,1
random_proj,200,20000,61,0.0002,1.0000,1
random_proj,200,20000,62,0.0002,1.0000,1
random_proj,200,20000,63,0.0002,1.0000,1
random_proj,200,20000,64,0.0002,1.0000,1
random_proj,200,20000,65,0.0002,1.0000,1
random_proj,200,20000,66,0.0002,1.0000,1
random_proj,200,20000,67,0.0002,1.0000,1
random_proj,200,20000,68,0.0002,1.0000,1
random_proj,200,20000,69,0.0002,1.0000,1
random_proj,200,20000,70,0.0002,1.0000,1
random_proj,200,20000,71,0.0002,1.0000,1
random_proj,200,20000,72,0.0002,1.0000,1
random_proj,200,20000,73,0.0002,1.0000,1
random_proj,200,20000,74,0.0002,1.0000,1
random_proj,200,20000,75,0.0002,1.0000,1
random_proj,200,20000,76,0.0002,1.0000,1
random_proj,200,20000,77,0.0002,1.0000,1
random_proj,200,20000,78,0.0002,1.0000,1
random_proj,200,20000,79,0.0002,1.0000,1
random_proj,200,20000,80,0.0002,1.0000,1
random_proj,200,20000,81,0.0002,1.0000,1
random_proj,200,20000,82,0.0002,1.0000,1
random_proj,200,20000,83,0.0002,0.8163,0
random_proj,200,20000,84,0.0002,1.0000,1
random_proj,200,20000,85,0.0002,1.0000,1
random_proj,200,20000,86,0.0002,1.0000,1
random_proj,200,20000,87,0.0002,1.0000,1
random_proj,200,20000,88,0.0002,1.0000,1
random_proj,200,20000,89,0.0002,1.0000,1
random_proj,200,20000,90,0.0002,0.8189,0
random_proj,200,20000,91,0.0002,1.0000,1
random_proj,200,20000,92,0.0002,1.0000,1
random_proj,200,20000,93,0.0002,1.0000,1
random_proj,200,20000,94,0.0002,1.0000,1
random_proj,200,20000,95,0.0002,1.0000,1
random_proj,200,20000,96,0.0002,1.0000,1
random_proj,200,20000,97,0.0002,1.0000,1
random_proj,200,20000,98,0.0002,1.0000,1
random_proj,200,20000,99,0.0002,1.0000,1
random_proj,200,20000,100,0.0002,1.0000,1
random_proj,200,20000,101,0.0002,1.0000,1
random_proj,200,20000,102,0.0002,1.0000,1
random_proj,200,20000,103,0.0002,1.0000,1
random_proj,200,20000,104,0.0002,1.0000,1
random_proj,200,20000,105,0.0002,1.0000,1
random_proj,200,20000,106,0.0002,1.0000,1
random_proj,200,20000,107,0.0002,1.0000,1
random_proj,200,20000,108,0.0002,1.0000,1
random_proj,200,20000,109,0.0002,1.0000,1
random_proj,200,20000,110,0.0002,1.0000,1
random_proj,200,20000,111,0.0002,1.0000,1
random_proj,200,20000,112,0.0002,1.0000,1
random_proj,200,20000,113,0.0002,1.0000,1
random_proj,200,20000,114,0.0002,1.0000,1
random_proj,200,20000,115,0.0002,1.0000,1
random_proj,200,20000,116,0.0002,1.0000,1
random_proj,200,20000,117,0.0002,1.0000,1
random_proj,200,20000,118,0.0002,1.0000,1
random_proj,200,20000,119,0.0002,1.0000,1
random_proj,200,20000,120,0.0002,1.0000,1
random_proj,200,20000,121,0.0002,1.0000,1
random_proj,200,20000,122,0.0002,1.0000,1
random_proj,200,20000,123,0.0002,1.0000,1
random_proj,200,20000,124,0.0002,1.0000,1
random_proj,200,20000,125,0.0002,1.0000,1
random_proj,200,20000,126,0.0002,1.0000,1
random_proj,200,20000,127,0.0002,1.0000,1
random_proj,200,20000,128,0.0002,1.0000,1
random_proj,200,20000,129,0.0002,0.8163,0
random_proj,200,20000,130,0.0002,1.0000,1
random_proj,200,20000,131,0.0002,1.0000,1
random_proj,200,20000,132,0.0002,1.0000,1
random_proj,200,20000,133,0.0002,1.0000,1
random_proj,200,20000,134,0.0002,1.0000,1
random_proj,200,20000,135,0.0002,1.0000,1
random_proj,200,20000,136,0.0002,1.0000,1
random_proj,200,20000,137,0.0002,1.0000,1
random_proj,200,20000,138,0.0002,1.0000,1
random_proj,200,20000,139,0.0002,0.8622,0
random_proj,200,20000,140,0.0002,1.0000,1
random_proj,200,20000,141,0.0002,1.0000,1
random_proj,200,20000,142,0.0002,1.0000,1
random_proj,200,20000,143,0.0002,1.0000,1
random_proj,200,20000,144,0.0002,1.0000,1
random_proj,200,20000,145,0.0002,1.0000,1
random_proj,200,20000,146,0.0002,0.8367,0
random_proj,200,20000,147,0.0002,1.0000,1
random_proj,200,20000,148,0.0002,1.0000,1
random_proj,200,20000,149,0.0002,1.0000,1
random_proj,200,20000,150,0.0002,1.0000,1
random_proj,200,20000,151,0.0002,1.0000,1
random_proj,200,20000,152,0.0002,1.0000,1
random_proj,200,20000,153,0.0002,1.0000,1
random_proj,200,20000,154,0.0002,1.0000,1
random_proj,200,20000,155,0.0002,1.0000,1
random_proj,200,20000,156,0.0002,1.0000,1
random_proj,200,20000,157,0.0002,1.0000,1
random_proj,200,20000,158,0.0002,1.0000,1
random_proj,200,20000,159,0.0002,1.0000,1
random_proj,200,20000,160,0.0002,1.0000,1
random_proj,200,20000,161,0.0002,1.0000,1
random_proj,200,20000,162,0.0002,0.8929,0
random_proj,200,20000,163,0.0002,1.0000,1
random_proj,200,20000,164,0.0002,1.0000,1
random_proj,200,20000,165,0.0002,1.0000,1
random_proj,200,20000,166,0.0002,1.0000,1
random_proj,200,20000,167,0.0002,1.0000,1
random_proj,200,20000,168,0.0002,1.0000,1
random_proj,200,20000,169,0.0002,1.0000,1
random_proj,200,20000,170,0.0002,1.0000,1
random_proj,200,20000,171,0.0002,1.0000,1
random_proj,200,20000,172,0.0002,1.0000,1
random_proj,200,20000,173,0.0002,1.0000,1
random_proj,200,20000,174,0.0002,1.0000,1
random_proj,200,20000,175,0.0002,1.0000,1
random_proj,200,20000,176,0.0002,1.0000,1
random_proj,200,20000,177,0.0002,1.0000,1
random_proj,200,20000,178,0.0002,1.0000,1
random_proj,200,20000,179,0.0002,1.0000,1
random_proj,200,20000,180,0.0002,1.0000,1
random_proj,200,20000,181,0.0002,1.0000,1
random_proj,200,20000,182,0.0002,1.0000,1
random_proj,200,20000,183,0.0002,1.0000,1
random_proj,200,20000,184,0.0002,1.0000,1
random_proj,200,20000,185,0.0002,1.0000,1
random_proj,200,20000,186,0.0002,1.0000,1
random_proj,200,20000,187,0.0002,1.0000,1
random_proj,200,20000,188,0.0002,1.0000,1
random_proj,200,20000,189,0.0002,1.0000,1
random_proj,200,20000,190,0.0002,1.0000,1
random_proj,200,20000,191,0.0002,1.0000,1
random_proj,200,20000,192,0.0002,1.0000,1
random_proj,200,20000,193,0.0002,1.0000,1
random_proj,200,20000,194,0.0002,1.0000,1
random_proj,200,20000,195,0.0002,1.0000,1
random_proj,200,20000,196,0.0002,1.0000,1
random_proj,200,20000,197,0.0002,1.0000,1
random_proj,200,20000,198,0.0002,1.0000,1
random_proj,200,20000,199,0.0002,1.0000,1
mnist_proj,200,20001,0,0.6676,0.7781,0
mnist_proj,200,20001,1,0.6676,0.7908,0
mnist_proj,200,20001,2,0.6676,0.7474,0
mnist_proj,200,20001,3,0.6676,0.8061,0
mnist_proj,200,20001,4,0.6676,0.7551,0
mnist_proj,200,20001,5,0.6676,0.7959,0
mnist_proj,200,20001,6,0.6676,0.7985,0
mnist_proj,200,20001,7,0.6676,0.7602,0
mnist_proj,200,20001,8,0.6676,0.8367,0
mnist_proj,200,20001,9,0.6676,0.8010,0
mnist_proj,200,20001,10,0.6676,0.7883,0
mnist_proj,200,20001,11,0.6676,0.8138,0
mnist_proj,200,20001,12,0.6676,0.8265,0
mnist_proj,200,20001,13,0.6676,0.7500,0
mnist_proj,200,20001,14,0.6676,0.7730,0
mnist_proj,200,20001,15,0.6676,0.7959,0
mnist_proj,200,20001,16,0.6676,0.7679,0
mnist_proj,200,20001,17,0.6676,0.7908,0
mnist_proj,200,20001,18,0.6676,0.8342,0
mnist_proj,200,20001,19,0.6676,0.7959,0
mnist_proj,200,20001,20,0.6676,0.7653,0
mnist_proj,200,20001,21,0.6676,0.8418,0
mnist_proj,200,20001,22,0.6676,0.8214,0
mnist_proj,200,20001,23,0.6676,0.8520,0
mnist_proj,200,20001,24,0.6676,0.7832,0
mnist_proj,200,20001,25,0.6676,0.7806,0
mnist_proj,200,20001,26,0.6676,0.7908,0
mnist_proj,200,20001,27,0.6676,0.7653,0
mnist_proj,200,20001,28,0.6676,0.7679,0
mnist_proj,200,20001,29,0.6676,0.8036,0
mnist_proj,200,20001,30,0.6676,0.7857,0
mnist_proj,200,20001,31,0.6676,0.7679,0
mnist_proj,200,20001,32,0.6676,0.8010,0
mnist_proj,200,20001,33,0.6676,0.8010,0
mnist_proj,200,20001,34,0.6676,0.8061,0
mnist_proj,200,20001,35,0.6676,0.8342,0
mnist_proj,200,20001,36,0.6676,0.8036,0
mnist_proj,200,20001,37,0.6676,0.7908,0
mnist_proj,200,20001,38,0.6676,0.8316,0
mnist_proj,200,20001,39,0.6676,0.7474,0
mnist_proj,200,20001,40,0.6676,0.7959,0
mnist_proj,200,20001,41,0.6676,0.7832,0
mnist_proj,200,20001,42,0.6676,0.7883,0
mnist_proj,200,20001,43,0.6676,0.7781,0
mnist_proj,200,20001,44,0.6676,0.8393,0
mnist_proj,200,20001,45,0.6676,0.7781,0
mnist_proj,200,20001,46,0.6676,0.8189,0
mnist_proj,200,20001,47,0.6676,0.7806,0
mnist_proj,200,20001,48,0.6676,0.7755,0
mnist_proj,200,20001,49,0.6676,0.8010,0
mnist_proj,200,20001,50,0.6676,0.8087,0
mnist_proj,200,20001,51,0.6676,0.7883,0
mnist_proj,200,20001,52,0.6676,0.7679,0
mnist_proj,200,20001,53,0.6676,0.7832,0
mnist_proj,200,20001,54,0.6676,0.7755,0
mnist_proj,200,20001,55,0.6676,0.8061,0
mnist_proj,200,20001,56,0.6676,0.7806,0
mnist_proj,200,20001,57,0.6676,0.7526,0
mnist_proj,200,20001,58,0.6676,0.7959,0
mnist_proj,200,20001,59,0.6676,0.7832,0
mnist_proj,200,20001,60,0.6676,0.8087,0
mnist_proj,200,20001,61,0.6676,0.8087,0
mnist_proj,200,20001,62,0.6676,0.7551,0
mnist_proj,200,20001,63,0.6676,0.7602,0
mnist_proj,200,20001,64,0.6676,0.7653,0
mnist_proj,200,20001,65,0.6676,0.8163,0
mnist_proj,200,20001,66,0.6676,0.8087,0
mnist_proj,200,20001,67,0.6676,0.7985,0
mnist_proj,200,20001,68,0.6676,0.8087,0
mnist_proj,200,20001,69,0.6676,0.7857,0
mnist_proj,200,20001,70,0.6676,0.8010,0
mnist_proj,200,20001,71,0.6676,0.8189,0
mnist_proj,200,20001,72,0.6676,0.7704,0
mnist_proj,200,20001,73,0.6676,0.7500,0
mnist_proj,200,20001,74,0.6676,0.7704,0
mnist_proj,200,20001,75,0.6676,0.7985,0
mnist_proj,200,20001,76,0.6676,0.7985,0
mnist_proj,200,20001,77,0.6676,0.7755,0
mnist_proj,200,20001,78,0.6676,0.7781,0
mnist_proj,200,20001,79,0.6676,0.7832,0
mnist_proj,200,20001,80,0.6676,0.8138,0
mnist_proj,200,20001,81,0.6676,0.7806,0
mnist_proj,200,20001,82,0.6676,0.7985,0
mnist_proj,200,20001,83,0.6676,0.7781,0
mnist_proj,200,20001,84,0.6676,0.7730,0
mnist_proj,200,20001,85,0.6676,0.7832,0
mnist_proj,200,20001,86,0.6676,0.7857,0
mnist_proj,200,20001,87,0.6676,0.8112,0
mnist_proj,200,20001,88,0.6676,0.7832,0
mnist_proj,200,20001,89,0.6676,0.8010,0
mnist_proj,200,20001,90,0.6676,0.7704,0
mnist_proj,200,20001,91,0.6676,0.7755,0
mnist_proj,200,20001,92,0.6676,0.8112,0
mnist_proj,200,20001,93,0.6676,0.8214,0
mnist_proj,200,20001,94,0.6676,0.7730,0
mnist_proj,200,20001,95,0.6676,0.7602,0
mnist_proj,200,20001,96,0.6676,0.8061,0
mnist_proj,200,20001,97,0.6676,0.7781,0
mnist_proj,200,20001,98,0.6676,0.8214,0
mnist_proj,200,20001,99,0.6676,0.7781,0
mnist_proj,200,20001,100,0.6676,0.8036,0
mnist_proj,200,20001,101,0.6676,0.8087,0
mnist_proj,200,20001,102,0.6676,0.7908,0
mnist_proj,200,20001,103,0.6676,0.8138,0
mnist_proj,200,20001,104,0.6676,0.7908,0
mnist_proj,200,20001,105,0.6676,0.7628,0
mnist_proj,200,20001,106,0.6676,0.7832,0
mnist_proj,200,20001,107,0.6676,0.7526,0
mnist_proj,200,20001,108,0.6676,0.7755,0
mnist_proj,200,20001,109,0.6676,0.7398,0
mnist_proj,200,20001,110,0.6676,0.8010,0
mnist_proj,200,20001,111,0.6676,0.8061,0
mnist_proj,200,20001,112,0.6676,0.7806,0
mnist_proj,200,20001,113,0.6676,0.8061,0
mnist_proj,200,20001,114,0.6676,0.7526,0
mnist_proj,200,20001,115,0.6676,0.8291,0
mnist_proj,200,20001,116,0.6676,0.8087,0
mnist_proj,200,20001,117,0.6676,0.7959,0
mnist_proj,200,20001,118,0.6676,0.7959,0
mnist_proj,200,20001,119,0.6676,0.7679,0
mnist_proj,200,20001,120,0.6676,0.8010,0
mnist_proj,200,20001,121,0.6676,0.8138,0
mnist_proj,200,20001,122,0.6676,0.8010,0
mnist_proj,200,20001,123,0.6676,0.8240,0
mnist_proj,200,20001,124,0.6676,0.8010,0
mnist_proj,200,20001,125,0.6676,0.7526,0
mnist_proj,200,20001,126,0.6676,0.8163,0
mnist_proj,200,20001,127,0.6676,0.7959,0
mnist_proj,200,20001,128,0.6676,0.7143,0
mnist_proj,200,20001,129,0.6676,0.8189,0
mnist_proj,200,20001,130,0.6676,0.8087,0
mnist_proj,200,20001,131,0.6676,0.8087,0
mnist_proj,200,20001,132,0.6676,0.7806,0
mnist_proj,200,20001,133,0.6676,0.7755,0
mnist_proj,200,20001,134,0.6676,0.8138,0
mnist_proj,200,20001,135,0.6676,0.7908,0
mnist_proj,200,20001,136,0.6676,0.7602,0
mnist_proj,200,20001,137,0.6676,0.7908,0
mnist_proj,200,20001,138,0.6676,0.8061,0
mnist_proj,200,20001,139,0.6676,0.8036,0
mnist_proj,200,20001,140,0.6676,0.7781,0
mnist_proj,200,20001,141,0.6676,0.7500,0
mnist_proj,200,20001,142,0.6676,0.8138,0
mnist_proj,200,20001,143,0.6676,0.7908,0
mnist_proj,200,20001,144,0.6676,0.8087,0
mnist_proj,200,20001,145,0.6676,0.8112,0
mnist_proj,200,20001,146,0.6676,0.8648,0
mnist_proj,200,20001,147,0.6676,0.7934,0
mnist_proj,200,20001,148,0.6676,0.8520,0
mnist_proj,200,20001,149,0.6676,0.7474,0
mnist_proj,200,20001,150,0.6676,0.7832,0
mnist_proj,200,20001,151,0.6676,0.7934,0
mnist_proj,200,20001,152,0.6676,0.7985,0
mnist_proj,200,20001,153,0.6676,0.8087,0
mnist_proj,200,20001,154,0.6676,0.7908,0
mnist_proj,200,20001,155,0.6676,0.8214,0
mnist_proj,200,20001,156,0.6676,0.7730,0
mnist_proj,200,20001,157,0.6676,0.7781,0
mnist_proj,200,20001,158,0.6676,0.7832,0
mnist_proj,200,20001,159,0.6676,0.7730,0
mnist_proj,200,20001,160,0.6676,0.7985,0
mnist_proj,200,20001,161,0.6676,0.8316,0
mnist_proj,200,20001,162,0.6676,0.8061,0
mnist_proj,200,20001,163,0.6676,0.8138,0
mnist_proj,200,20001,164,0.6676,0.7730,0
mnist_proj,200,20001,165,0.6676,0.8112,0
mnist_proj,200,20001,166,0.6676,0.7985,0
mnist_proj,200,20001,167,0.6676,0.7806,0
mnist_proj,200,20001,168,0.6676,0.8061,0
mnist_proj,200,20001,169,0.6676,0.8163,0
mnist_proj,200,20001,170,0.6676,0.8393,0
mnist_proj,200,20001,171,0.6676,0.7117,0
mnist_proj,200,20001,172,0.6676,0.8418,0
mnist_proj,200,20001,173,0.6676,0.7806,0
mnist_proj,200,20001,174,0.6676,0.7832,0
mnist_proj,200,20001,175,0.6676,0.8061,0
mnist_proj,200,20001,176,0.6676,0.7602,0
mnist_proj,200,20001,177,0.6676,0.7551,0
mnist_proj,200,20001,178,0.6676,0.8163,0
mnist_proj,200,20001,179,0.6676,0.7883,0
mnist_proj,200,20001,180,0.6676,0.7985,0
mnist_proj,200,20001,181,0.6676,0.7117,0
mnist_proj,200,20001,182,0.6676,0.7755,0
mnist_proj,200,20001,183,0.6676,0.7832,0
mnist_proj,200,20001,184,0.6676,0.7883,0
mnist_proj,200,20001,185,0.6676,0.8010,0
mnist_proj,200,20001,186,0.6676,0.8444,0
mnist_proj,200,20001,187,0.6676,0.8036,0
mnist_proj,200,20001,188,0.6676,0.8291,0
mnist_proj,200,20001,189,0.6676,0.7628,0
mnist_proj,200,20001,190,0.6676,0.7628,0
mnist_proj,200,20001,191,0.6676,0.7883,0
mnist_proj,200,20001,192,0.6676,0.7500,0
mnist_proj,200,20001,193,0.6676,0.7679,0
mnist_proj,200,20001,194,0.6676,0.8010,0
mnist_proj,200,20001,195,0.6676,0.8316,0
mnist_proj,200,20001,196,0.6676,0.7398,0
mnist_proj,200,20001,197,0.6676,0.8469,0
mnist_proj,200,20001,198,0.6676,0.7602,0
mnist_proj,200,20001,199,0.6676,0.7857,0
random_proj,200,20001,0,-0.0001,1.0000,1
random_proj,200,20001,1,-0.0001,1.0000,1
random_proj,200,20001,2,-0.0001,1.0000,1
random_proj,200,20001,3,-0.0001,1.0000,1
random_proj,200,20001,4,-0.0001,1.0000,1
random_proj,200,20001,5,-0.0001,1.0000,1
random_proj,200,20001,6,-0.0001,1.0000,1
random_proj,200,20001,7,-0.0001,1.0000,1
random_proj,200,20001,8,-0.0001,1.0000,1
random_proj,200,20001,9,-0.0001,1.0000,1
random_proj,200,20001,10,-0.0001,1.0000,1
random_proj,200,20001,11,-0.0001,1.0000,1
random_proj,200,20001,12,-0.0001,1.0000,1
random_proj,200,20001,13,-0.0001,1.0000,1
random_proj,200,20001,14,-0.0001,1.0000,1
random_proj,200,20001,15,-0.0001,1.0000,1
random_proj,200,20001,16,-0.0001,1.0000,1
random_proj,200,20001,17,-0.0001,1.0000,1
random_proj,200,20001,18,-0.0001,1.0000,1
random_proj,200,20001,19,-0.0001,1.0000,1
random_proj,200,20001,20,-0.0001,1.0000,1
random_proj,200,20001,21,-0.0001,1.0000,1
random_proj,200,20001,22,-0.0001,1.0000,1
random_proj,200,20001,23,-0.0001,1.0000,1
random_proj,200,20001,24,-0.0001,1.0000,1
random_proj,200,20001,25,-0.0001,1.0000,1
random_proj,200,20001,26,-0.0001,1.0000,1
random_proj,200,20001,27,-0.0001,1.0000,1
random_proj,200,20001,28,-0.0001,1.0000,1
random_proj,200,20001,29,-0.0001,1.0000,1
random_proj,200,20001,30,-0.0001,1.0000,1
random_proj,200,20001,31,-0.0001,1.0000,1
random_proj,200,20001,32,-0.0001,1.0000,1
random_proj,200,20001,33,-0.0001,1.0000,1
random_proj,200,20001,34,-0.0001,1.0000,1
random_proj,200,20001,35,-0.0001,1.0000,1
random_proj,200,20001,36,-0.0001,1.0000,1
random_proj,200,20001,37,-0.0001,1.0000,1
random_proj,200,20001,38,-0.0001,1.0000,1
random_proj,200,20001,39,-0.0001,1.0000,1
random_proj,200,20001,40,-0.0001,1.0000,1
random_proj,200,20001,41,-0.0001,1.0000,1
random_proj,200,20001,42,-0.0001,1.0000,1
random_proj,200,20001,43,-0.0001,1.0000,1
random_proj,200,20001,44,-0.0001,1.0000,1
random_proj,200,20001,45,-0.0001,1.0000,1
random_proj,200,20001,46,-0.0001,1.0000,1
random_proj,200,20001,47,-0.0001,1.0000,1
random_proj,200,20001,48,-0.0001,1.0000,1
random_proj,200,20001,49,-0.0001,1.0000,1
random_proj,200,20001,50,-0.0001,1.0000,1
random_proj,200,20001,51,-0.0001,1.0000,1
random_proj,200,20001,52,-0.0001,1.0000,1
random_proj,200,20001,53,-0.0001,1.0000,1
random_proj,200,20001,54,-0.0001,1.0000,1
random_proj,200,20001,55,-0.0001,1.0000,1
random_proj,200,20001,56,-0.0001,1.0000,1
random_proj,200,20001,57,-0.0001,1.0000,1
random_proj,200,20001,58,-0.0001,1.0000,1
random_proj,200,20001,59,-0.0001,1.0000,1
random_proj,200,20001,60,-0.0001,1.0000,1
random_proj,200,20001,61,-0.0001,1.0000,1
random_proj,200,20001,62,-0.0001,1.0000,1
random_proj,200,20001,63,-0.0001,1.0000,1
random_proj,200,20001,64,-0.0001,1.0000,1
random_proj,200,20001,65,-0.0001,1.0000,1
random_proj,200,20001,66,-0.0001,1.0000,1
random_proj,200,20001,67,-0.0001,1.0000,1
random_proj,200,20001,68,-0.0001,1.0000,1
random_proj,200,20001,69,-0.0001,1.0000,1
random_proj,200,20001,70,-0.0001,1.0000,1
random_proj,200,20001,71,-0.0001,1.0000,1
random_proj,200,20001,72,-0.0001,1.0000,1
random_proj,200,20001,73,-0.0001,1.0000,1
random_proj,200,20001,74,-0.0001,1.0000,1
random_proj,200,20001,75,-0.0001,1.0000,1
random_proj,200,20001,76,-0.0001,1.0000,1
random_proj,200,20001,77,-0.0001,1.0000,1
random_proj,200,20001,78,-0.0001,1.0000,1
random_proj,200,20001,79,-0.0001,1.0000,1
random_proj,200,20001,80,-0.0001,1.0000,1
random_proj,200,20001,81,-0.0001,1.0000,1
random_proj,200,20001,82,-0.0001,1.0000,1
random_proj,200,20001,83,-0.0001,1.0000,1
random_proj,200,20001,84,-0.0001,1.0000,1
random_proj,200,20001,85,-0.0001,1.0000,1
random_proj,200,20001,86,-0.0001,1.0000,1
random_proj,200,20001,87,-0.0001,1.0000,1
random_proj,200,20001,88,-0.0001,1.0000,1
random_proj,200,20001,89,-0.0001,1.0000,1
random_proj,200,20001,90,-0.0001,1.0000,1
random_proj,200,20001,91,-0.0001,1.0000,1
random_proj,200,20001,92,-0.0001,1.0000,1
random_proj,200,20001,93,-0.0001,1.0000,1
random_proj,200,20001,94,-0.0001,1.0000,1
random_proj,200,20001,95,-0.0001,1.0000,1
random_proj,200,20001,96,-0.0001,1.0000,1
random_proj,200,20001,97,-0.0001,1.0000,1
random_proj,200,20001,98,-0.0001,0.8546,0
random_proj,200,20001,99,-0.0001,1.0000,1
random_proj,200,20001,100,-0.0001,1.0000,1
random_proj,200,20001,101,-0.0001,1.0000,1
random_proj,200,20001,102,-0.0001,1.0000,1
random_proj,200,20001,103,-0.0001,1.0000,1
random_proj,200,20001,104,-0.0001,1.0000,1
random_proj,200,20001,105,-0.0001,0.8291,0
random_proj,200,20001,106,-0.0001,1.0000,1
random_proj,200,20001,107,-0.0001,1.0000,1
random_proj,200,20001,108,-0.0001,1.0000,1
random_proj,200,20001,109,-0.0001,1.0000,1
random_proj,200,20001,110,-0.0001,1.0000,1
random_proj,200,20001,111,-0.0001,1.0000,1
random_proj,200,20001,112,-0.0001,1.0000,1
random_proj,200,20001,113,-0.0001,1.0000,1
random_proj,200,20001,114,-0.0001,1.0000,1
random_proj,200,20001,115,-0.0001,1.0000,1
random_proj,200,20001,116,-0.0001,1.0000,1
random_proj,200,20001,117,-0.0001,1.0000,1
random_proj,200,20001,118,-0.0001,1.0000,1
random_proj,200,20001,119,-0.0001,1.0000,1
random_proj,200,20001,120,-0.0001,1.0000,1
random_proj,200,20001,121,-0.0001,1.0000,1
random_proj,200,20001,122,-0.0001,1.0000,1
random_proj,200,20001,123,-0.0001,1.0000,1
random_proj,200,20001,124,-0.0001,1.0000,1
random_proj,200,20001,125,-0.0001,1.0000,1
random_proj,200,20001,126,-0.0001,0.8648,0
random_proj,200,20001,127,-0.0001,1.0000,1
random_proj,200,20001,128,-0.0001,1.0000,1
random_proj,200,20001,129,-0.0001,1.0000,1
random_proj,200,20001,130,-0.0001,1.0000,1
random_proj,200,20001,131,-0.0001,1.0000,1
random_proj,200,20001,132,-0.0001,1.0000,1
random_proj,200,20001,133,-0.0001,1.0000,1
random_proj,200,20001,134,-0.0001,1.0000,1
random_proj,200,20001,135,-0.0001,1.0000,1
random_proj,200,20001,136,-0.0001,1.0000,1
random_proj,200,20001,137,-0.0001,1.0000,1
random_proj,200,20001,138,-0.0001,1.0000,1
random_proj,200,20001,139,-0.0001,1.0000,1
random_proj,200,20001,140,-0.0001,1.0000,1
random_proj,200,20001,141,-0.0001,1.0000,1
random_proj,200,20001,142,-0.0001,1.0000,1
random_proj,200,20001,143,-0.0001,1.0000,1
random_proj,200,20001,144,-0.0001,1.0000,1
random_proj,200,20001,145,-0.0001,1.0000,1
random_proj,200,20001,146,-0.0001,1.0000,1
random_proj,200,20001,147,-0.0001,1.0000,1
random_proj,200,20001,148,-0.0001,1.0000,1
random_proj,200,20001,149,-0.0001,1.0000,1
random_proj,200,20001,150,-0.0001,1.0000,1
random_proj,200,20001,151,-0.0001,1.0000,1
random_proj,200,20001,152,-0.0001,1.0000,1
random_proj,200,20001,153,-0.0001,1.0000,1
random_proj,200,20001,154,-0.0001,1.0000,1
random_proj,200,20001,155,-0.0001,1.0000,1
random_proj,200,20001,156,-0.0001,1.0000,1
random_proj,200,20001,157,-0.0001,1.0000,1
random_proj,200,20001,158,-0.0001,1.0000,1
random_proj,200,20001,159,-0.0001,1.0000,1
random_proj,200,20001,160,-0.0001,1.0000,1
random_proj,200,20001,161,-0.0001,1.0000,1
random_proj,200,20001,162,-0.0001,1.0000,1
random_proj,200,20001,163,-0.0001,1.0000,1
random_proj,200,20001,164,-0.0001,1.0000,1
random_proj,200,20001,165,-0.0001,1.0000,1
random_proj,200,20001,166,-0.0001,1.0000,1
random_proj,200,20001,167,-0.0001,1.0000,1
random_proj,200,20001,168,-0.0001,1.0000,1
random_proj,200,20001,169,-0.0001,1.0000,1
random_proj,200,20001,170,-0.0001,1.0000,1
random_proj,200,20001,171,-0.0001,1.0000,1
random_proj,200,20001,172,-0.0001,1.0000,1
random_proj,200,20001,173,-0.0001,1.0000,1
random_proj,200,20001,174,-0.0001,1.0000,1
random_proj,200,20001,175,-0.0001,1.0000,1
random_proj,200,20001,176,-0.0001,1.0000,1
random_proj,200,20001,177,-0.0001,1.0000,1
random_proj,200,20001,178,-0.0001,1.0000,1
random_proj,200,20001,179,-0.0001,1.0000,1
random_proj,200,20001,180,-0.0001,1.0000,1
random_proj,200,20001,181,-0.0001,1.0000,1
random_proj,200,20001,182,-0.0001,1.0000,1
random_proj,200,20001,183,-0.0001,1.0000,1
random_proj,200,20001,184,-0.0001,1.0000,1
random_proj,200,20001,185,-0.0001,1.0000,1
random_proj,200,20001,186,-0.0001,1.0000,1
random_proj,200,20001,187,-0.0001,1.0000,1
random_proj,200,20001,188,-0.0001,1.0000,1
random_proj,200,20001,189,-0.0001,1.0000,1
random_proj,200,20001,190,-0.0001,1.0000,1
random_proj,200,20001,191,-0.0001,1.0000,1
random_proj,200,20001,192,-0.0001,1.0000,1
random_proj,200,20001,193,-0.0001,1.0000,1
random_proj,200,20001,194,-0.0001,1.0000,1
random_proj,200,20001,195,-0.0001,1.0000,1
random_proj,200,20001,196,-0.0001,1.0000,1
random_proj,200,20001,197,-0.0001,1.0000,1
random_proj,200,20001,198,-0.0001,1.0000,1
random_proj,200,20001,199,-0.0001,1.0000,1
mnist_proj,200,20002,0,0.6676,0.7934,0
mnist_proj,200,20002,1,0.6676,0.7704,0
mnist_proj,200,20002,2,0.6676,0.8010,0
mnist_proj,200,20002,3,0.6676,0.7755,0
mnist_proj,200,20002,4,0.6676,0.7321,0
mnist_proj,200,20002,5,0.6676,0.8010,0
mnist_proj,200,20002,6,0.6676,0.7908,0
mnist_proj,200,20002,7,0.6676,0.8163,0
mnist_proj,200,20002,8,0.6676,0.7857,0
mnist_proj,200,20002,9,0.6676,0.7679,0
mnist_proj,200,20002,10,0.6676,0.8036,0
mnist_proj,200,20002,11,0.6676,0.7985,0
mnist_proj,200,20002,12,0.6676,0.7857,0
mnist_proj,200,20002,13,0.6676,0.7628,0
mnist_proj,200,20002,14,0.6676,0.8291,0
mnist_proj,200,20002,15,0.6676,0.7602,0
mnist_proj,200,20002,16,0.6676,0.8010,0
mnist_proj,200,20002,17,0.6676,0.7577,0
mnist_proj,200,20002,18,0.6676,0.8010,0
mnist_proj,200,20002,19,0.6676,0.7934,0
mnist_proj,200,20002,20,0.6676,0.8240,0
mnist_proj,200,20002,21,0.6676,0.7041,0
mnist_proj,200,20002,22,0.6676,0.8444,0
mnist_proj,200,20002,23,0.6676,0.8138,0
mnist_proj,200,20002,24,0.6676,0.7832,0
mnist_proj,200,20002,25,0.6676,0.7449,0
mnist_proj,200,20002,26,0.6676,0.7857,0
mnist_proj,200,20002,27,0.6676,0.7679,0
mnist_proj,200,20002,28,0.6676,0.8520,0
mnist_proj,200,20002,29,0.6676,0.8010,0
mnist_proj,200,20002,30,0.6676,0.7806,0
mnist_proj,200,20002,31,0.6676,0.8112,0
mnist_proj,200,20002,32,0.6676,0.7959,0
mnist_proj,200,20002,33,0.6676,0.7679,0
mnist_proj,200,20002,34,0.6676,0.7730,0
mnist_proj,200,20002,35,0.6676,0.7985,0
mnist_proj,200,20002,36,0.6676,0.7526,0
mnist_proj,200,20002,37,0.6676,0.8444,0
mnist_proj,200,20002,38,0.6676,0.7806,0
mnist_proj,200,20002,39,0.6676,0.7526,0
mnist_proj,200,20002,40,0.6676,0.7806,0
mnist_proj,200,20002,41,0.6676,0.7602,0
mnist_proj,200,20002,42,0.6676,0.7679,0
mnist_proj,200,20002,43,0.6676,0.8163,0
mnist_proj,200,20002,44,0.6676,0.7781,0
mnist_proj,200,20002,45,0.6676,0.7806,0
mnist_proj,200,20002,46,0.6676,0.7755,0
mnist_proj,200,20002,47,0.6676,0.7908,0
mnist_proj,200,20002,48,0.6676,0.8265,0
mnist_proj,200,20002,49,0.6676,0.8010,0
mnist_proj,200,20002,50,0.6676,0.8061,0
mnist_proj,200,20002,51,0.6676,0.8189,0
mnist_proj,200,20002,52,0.6676,0.7985,0
mnist_proj,200,20002,53,0.6676,0.7934,0
mnist_proj,200,20002,54,0.6676,0.7781,0
mnist_proj,200,20002,55,0.6676,0.7526,0
mnist_proj,200,20002,56,0.6676,0.7679,0
mnist_proj,200,20002,57,0.6676,0.7959,0
mnist_proj,200,20002,58,0.6676,0.7730,0
mnist_proj,200,20002,59,0.6676,0.8214,0
mnist_proj,200,20002,60,0.6676,0.7781,0
mnist_proj,200,20002,61,0.6676,0.7602,0
mnist_proj,200,20002,62,0.6676,0.6990,0
mnist_proj,200,20002,63,0.6676,0.8010,0
mnist_proj,200,20002,64,0.6676,0.8036,0
mnist_proj,200,20002,65,0.6676,0.7985,0
mnist_proj,200,20002,66,0.6676,0.8112,0
mnist_proj,200,20002,67,0.6676,0.8418,0
mnist_proj,200,20002,68,0.6676,0.8061,0
mnist_proj,200,20002,69,0.6676,0.8061,0
mnist_proj,200,20002,70,0.6676,0.8036,0
mnist_proj,200,20002,71,0.6676,0.8087,0
mnist_proj,200,20002,72,0.6676,0.7500,0
mnist_proj,200,20002,73,0.6676,0.8138,0
mnist_proj,200,20002,74,0.6676,0.8010,0
mnist_proj,200,20002,75,0.6676,0.8163,0
mnist_proj,200,20002,76,0.6676,0.7781,0
mnist_proj,200,20002,77,0.6676,0.7577,0
mnist_proj,200,20002,78,0.6676,0.7883,0
mnist_proj,200,20002,79,0.6676,0.8112,0
mnist_proj,200,20002,80,0.6676,0.7704,0
mnist_proj,200,20002,81,0.6676,0.8189,0
mnist_proj,200,20002,82,0.6676,0.7755,0
mnist_proj,200,20002,83,0.6676,0.7806,0
mnist_proj,200,20002,84,0.6676,0.7908,0
mnist_proj,200,20002,85,0.6676,0.8087,0
mnist_proj,200,20002,86,0.6676,0.7959,0
mnist_proj,200,20002,87,0.6676,0.8112,0
mnist_proj,200,20002,88,0.6676,0.7755,0
mnist_proj,200,20002,89,0.6676,0.8291,0
mnist_proj,200,20002,90,0.6676,0.7934,0
mnist_proj,200,20002,91,0.6676,0.8214,0
mnist_proj,200,20002,92,0.6676,0.8087,0
mnist_proj,200,20002,93,0.6676,0.7423,0
mnist_proj,200,20002,94,0.6676,0.7577,0
mnist_proj,200,20002,95,0.6676,0.8138,0
mnist_proj,200,20002,96,0.6676,0.7832,0
mnist_proj,200,20002,97,0.6676,0.8342,0
mnist_proj,200,20002,98,0.6676,0.7857,0
mnist_proj,200,20002,99,0.6676,0.8316,0
mnist_proj,200,20002,100,0.6676,0.7602,0
mnist_proj,200,20002,101,0.6676,0.8163,0
mnist_proj,200,20002,102,0.6676,0.8087,0
mnist_proj,200,20002,103,0.6676,0.7653,0
mnist_proj,200,20002,104,0.6676,0.7857,0
mnist_proj,200,20002,105,0.6676,0.8061,0
mnist_proj,200,20002,106,0.6676,0.8367,0
mnist_proj,200,20002,107,0.6676,0.7781,0
mnist_proj,200,20002,108,0.6676,0.8112,0
mnist_proj,200,20002,109,0.6676,0.7755,0
mnist_proj,200,20002,110,0.6676,0.7730,0
mnist_proj,200,20002,111,0.6676,0.7628,0
mnist_proj,200,20002,112,0.6676,0.8163,0
mnist_proj,200,20002,113,0.6676,0.7781,0
mnist_proj,200,20002,114,0.6676,0.7730,0
mnist_proj,200,20002,115,0.6676,0.8112,0
mnist_proj,200,20002,116,0.6676,0.8061,0
mnist_proj,200,20002,117,0.6676,0.7857,0
mnist_proj,200,20002,118,0.6676,0.7985,0
mnist_proj,200,20002,119,0.6676,0.8087,0
mnist_proj,200,20002,120,0.6676,0.7321,0
mnist_proj,200,20002,121,0.6676,0.7577,0
mnist_proj,200,20002,122,0.6676,0.8189,0
mnist_proj,200,20002,123,0.6676,0.8010,0
mnist_proj,200,20002,124,0.6676,0.8010,0
mnist_proj,200,20002,125,0.6676,0.8138,0
mnist_proj,200,20002,126,0.6676,0.7628,0
mnist_proj,200,20002,127,0.6676,0.7806,0
mnist_proj,200,20002,128,0.6676,0.7474,0
mnist_proj,200,20002,129,0.6676,0.7704,0
mnist_proj,200,20002,130,0.6676,0.8036,0
mnist_proj,200,20002,131,0.6676,0.7704,0
mnist_proj,200,20002,132,0.6676,0.7628,0
mnist_proj,200,20002,133,0.6676,0.7755,0
mnist_proj,200,20002,134,0.6676,0.7832,0
mnist_proj,200,20002,135,0.6676,0.7321,0
mnist_proj,200,20002,136,0.6676,0.7883,0
mnist_proj,200,20002,137,0.6676,0.7832,0
mnist_proj,200,20002,138,0.6676,0.7934,0
mnist_proj,200,20002,139,0.6676,0.8087,0
mnist_proj,200,20002,140,0.6676,0.7245,0
mnist_proj,200,20002,141,0.6676,0.7857,0
mnist_proj,200,20002,142,0.6676,0.7602,0
mnist_proj,200,20002,143,0.6676,0.7730,0
mnist_proj,200,20002,144,0.6676,0.7857,0
mnist_proj,200,20002,145,0.6676,0.8648,0
mnist_proj,200,20002,146,0.6676,0.7857,0
mnist_proj,200,20002,147,0.6676,0.8214,0
mnist_proj,200,20002,148,0.6676,0.8087,0
mnist_proj,200,20002,149,0.6676,0.7755,0
mnist_proj,200,20002,150,0.6676,0.7653,0
mnist_proj,200,20002,151,0.6676,0.8112,0
mnist_proj,200,20002,152,0.6676,0.8087,0
mnist_proj,200,20002,153,0.6676,0.8036,0
mnist_proj,200,20002,154,0.6676,0.7781,0
mnist_proj,200,20002,155,0.6676,0.8112,0
mnist_proj,200,20002,156,0.6676,0.7857,0
mnist_proj,200,20002,157,0.6676,0.7908,0
mnist_proj,200,20002,158,0.6676,0.7602,0
mnist_proj,200,20002,159,0.6676,0.8138,0
mnist_proj,200,20002,160,0.6676,0.8546,0
mnist_proj,200,20002,161,0.6676,0.8112,0
mnist_proj,200,20002,162,0.6676,0.8189,0
mnist_proj,200,20002,163,0.6676,0.8036,0
mnist_proj,200,20002,164,0.6676,0.7857,0
mnist_proj,200,20002,165,0.6676,0.8240,0
mnist_proj,200,20002,166,0.6676,0.7551,0
mnist_proj,200,20002,167,0.6676,0.7730,0
mnist_proj,200,20002,168,0.6676,0.8316,0
mnist_proj,200,20002,169,0.6676,0.8163,0
mnist_proj,200,20002,170,0.6676,0.7959,0
mnist_proj,200,20002,171,0.6676,0.7577,0
mnist_proj,200,20002,172,0.6676,0.7934,0
mnist_proj,200,20002,173,0.6676,0.8061,0
mnist_proj,200,20002,174,0.6676,0.8036,0
mnist_proj,200,20002,175,0.6676,0.7755,0
mnist_proj,200,20002,176,0.6676,0.7832,0
mnist_proj,200,20002,177,0.6676,0.7934,0
mnist_proj,200,20002,178,0.6676,0.7959,0
mnist_proj,200,20002,179,0.6676,0.7781,0
mnist_proj,200,20002,180,0.6676,0.7423,0
mnist_proj,200,20002,181,0.6676,0.7526,0
mnist_proj,200,20002,182,0.6676,0.7934,0
mnist_proj,200,20002,183,0.6676,0.7883,0
mnist_proj,200,20002,184,0.6676,0.7959,0
mnist_proj,200,20002,185,0.6676,0.7679,0
mnist_proj,200,20002,186,0.6676,0.8112,0
mnist_proj,200,20002,187,0.6676,0.7653,0
mnist_proj,200,20002,188,0.6676,0.7270,0
mnist_proj,200,20002,189,0.6676,0.7526,0
mnist_proj,200,20002,190,0.6676,0.7602,0
mnist_proj,200,20002,191,0.6676,0.8061,0
mnist_proj,200,20002,192,0.6676,0.7679,0
mnist_proj,200,20002,193,0.6676,0.7679,0
mnist_proj,200,20002,194,0.6676,0.7908,0
mnist_proj,200,20002,195,0.6676,0.7883,0
mnist_proj,200,20002,196,0.6676,0.7883,0
mnist_proj,200,20002,197,0.6676,0.7781,0
mnist_proj,200,20002,198,0.6676,0.7653,0
mnist_proj,200,20002,199,0.6676,0.8061,0
random_proj,200,20002,0,-0.0002,1.0000,1
random_proj,200,20002,1,-0.0002,1.0000,1
random_proj,200,20002,2,-0.0002,1.0000,1
random_proj,200,20002,3,-0.0002,1.0000,1
random_proj,200,20002,4,-0.0002,1.0000,1
random_proj,200,20002,5,-0.0002,1.0000,1
random_proj,200,20002,6,-0.0002,1.0000,1
random_proj,200,20002,7,-0.0002,1.0000,1
random_proj,200,20002,8,-0.0002,1.0000,1
random_proj,200,20002,9,-0.0002,1.0000,1
random_proj,200,20002,10,-0.0002,1.0000,1
random_proj,200,20002,11,-0.0002,1.0000,1
random_proj,200,20002,12,-0.0002,1.0000,1
random_proj,200,20002,13,-0.0002,1.0000,1
random_proj,200,20002,14,-0.0002,1.0000,1
random_proj,200,20002,15,-0.0002,1.0000,1
random_proj,200,20002,16,-0.0002,1.0000,1
random_proj,200,20002,17,-0.0002,1.0000,1
random_proj,200,20002,18,-0.0002,1.0000,1
random_proj,200,20002,19,-0.0002,0.8750,0
random_proj,200,20002,20,-0.0002,1.0000,1
random_proj,200,20002,21,-0.0002,1.0000,1
random_proj,200,20002,22,-0.0002,1.0000,1
random_proj,200,20002,23,-0.0002,1.0000,1
random_proj,200,20002,24,-0.0002,1.0000,1
random_proj,200,20002,25,-0.0002,1.0000,1
random_proj,200,20002,26,-0.0002,1.0000,1
random_proj,200,20002,27,-0.0002,1.0000,1
random_proj,200,20002,28,-0.0002,1.0000,1
random_proj,200,20002,29,-0.0002,1.0000,1
random_proj,200,20002,30,-0.0002,1.0000,1
random_proj,200,20002,31,-0.0002,1.0000,1
random_proj,200,20002,32,-0.0002,1.0000,1
random_proj,200,20002,33,-0.0002,1.0000,1
random_proj,200,20002,34,-0.0002,1.0000,1
random_proj,200,20002,35,-0.0002,1.0000,1
random_proj,200,20002,36,-0.0002,1.0000,1
random_proj,200,20002,37,-0.0002,1.0000,1
random_proj,200,20002,38,-0.0002,1.0000,1
random_proj,200,20002,39,-0.0002,1.0000,1
random_proj,200,20002,40,-0.0002,1.0000,1
random_proj,200,20002,41,-0.0002,1.0000,1
random_proj,200,20002,42,-0.0002,1.0000,1
random_proj,200,20002,43,-0.0002,1.0000,1
random_proj,200,20002,44,-0.0002,1.0000,1
random_proj,200,20002,45,-0.0002,1.0000,1
random_proj,200,20002,46,-0.0002,1.0000,1
random_proj,200,20002,47,-0.0002,1.0000,1
random_proj,200,20002,48,-0.0002,1.0000,1
random_proj,200,20002,49,-0.0002,1.0000,1
random_proj,200,20002,50,-0.0002,1.0000,1
random_proj,200,20002,51,-0.0002,1.0000,1
random_proj,200,20002,52,-0.0002,1.0000,1
random_proj,200,20002,53,-0.0002,1.0000,1
random_proj,200,20002,54,-0.0002,1.0000,1
random_proj,200,20002,55,-0.0002,1.0000,1
random_proj,200,20002,56,-0.0002,1.0000,1
random_proj,200,20002,57,-0.0002,1.0000,1
random_proj,200,20002,58,-0.0002,1.0000,1
random_proj,200,20002,59,-0.0002,1.0000,1
random_proj,200,20002,60,-0.0002,1.0000,1
random_proj,200,20002,61,-0.0002,1.0000,1
random_proj,200,20002,62,-0.0002,1.0000,1
random_proj,200,20002,63,-0.0002,1.0000,1
random_proj,200,20002,64,-0.0002,1.0000,1
random_proj,200,20002,65,-0.0002,1.0000,1
random_proj,200,20002,66,-0.0002,1.0000,1
random_proj,200,20002,67,-0.0002,1.0000,1
random_proj,200,20002,68,-0.0002,1.0000,1
random_proj,200,20002,69,-0.0002,0.8342,0
random_proj,200,20002,70,-0.0002,1.0000,1
random_proj,200,20002,71,-0.0002,1.0000,1
random_proj,200,20002,72,-0.0002,1.0000,1
random_proj,200,20002,73,-0.0002,1.0000,1
random_proj,200,20002,74,-0.0002,0.8265,0
random_proj,200,20002,75,-0.0002,1.0000,1
random_proj,200,20002,76,-0.0002,1.0000,1
random_proj,200,20002,77,-0.0002,1.0000,1
random_proj,200,20002,78,-0.0002,1.0000,1
random_proj,200,20002,79,-0.0002,1.0000,1
random_proj,200,20002,80,-0.0002,1.0000,1
random_proj,200,20002,81,-0.0002,1.0000,1
random_proj,200,20002,82,-0.0002,1.0000,1
random_proj,200,20002,83,-0.0002,1.0000,1
random_proj,200,20002,84,-0.0002,1.0000,1
random_proj,200,20002,85,-0.0002,1.0000,1
random_proj,200,20002,86,-0.0002,1.0000,1
random_proj,200,20002,87,-0.0002,1.0000,1
random_proj,200,20002,88,-0.0002,1.0000,1
random_proj,200,20002,89,-0.0002,1.0000,1
random_proj,200,20002,90,-0.0002,1.0000,1
random_proj,200,20002,91,-0.0002,1.0000,1
random_proj,200,20002,92,-0.0002,1.0000,1
random_proj,200,20002,93,-0.0002,1.0000,1
random_proj,200,20002,94,-0.0002,1.0000,1
random_proj,200,20002,95,-0.0002,1.0000,1
random_proj,200,20002,96,-0.0002,1.0000,1
random_proj,200,20002,97,-0.0002,1.0000,1
random_proj,200,20002,98,-0.0002,1.0000,1
random_proj,200,20002,99,-0.0002,1.0000,1
random_proj,200,20002,100,-0.0002,1.0000,1
random_proj,200,20002,101,-0.0002,1.0000,1
random_proj,200,20002,102,-0.0002,1.0000,1
random_proj,200,20002,103,-0.0002,1.0000,1
random_proj,200,20002,104,-0.0002,1.0000,1
random_proj,200,20002,105,-0.0002,1.0000,1
random_proj,200,20002,106,-0.0002,1.0000,1
random_proj,200,20002,107,-0.0002,1.0000,1
random_proj,200,20002,108,-0.0002,1.0000,1
random_proj,200,20002,109,-0.0002,1.0000,1
random_proj,200,20002,110,-0.0002,1.0000,1
random_proj,200,20002,111,-0.0002,1.0000,1
random_proj,200,20002,112,-0.0002,1.0000,1
random_proj,200,20002,113,-0.0002,1.0000,1
random_proj,200,20002,114,-0.0002,1.0000,1
random_proj,200,20002,115,-0.0002,1.0000,1
random_proj,200,20002,116,-0.0002,1.0000,1
random_proj,200,20002,117,-0.0002,1.0000,1
random_proj,200,20002,118,-0.0002,1.0000,1
random_proj,200,20002,119,-0.0002,1.0000,1
random_proj,200,20002,120,-0.0002,1.0000,1
random_proj,200,20002,121,-0.0002,1.0000,1
random_proj,200,20002,122,-0.0002,1.0000,1
random_proj,200,20002,123,-0.0002,1.0000,1
random_proj,200,20002,124,-0.0002,1.0000,1
random_proj,200,20002,125,-0.0002,1.0000,1
random_proj,200,20002,126,-0.0002,0.8801,0
random_proj,200,20002,127,-0.0002,1.0000,1
random_proj,200,20002,128,-0.0002,1.0000,1
random_proj,200,20002,129,-0.0002,1.0000,1
random_proj,200,20002,130,-0.0002,1.0000,1
random_proj,200,20002,131,-0.0002,1.0000,1
random_proj,200,20002,132,-0.0002,1.0000,1
random_proj,200,20002,133,-0.0002,1.0000,1
random_proj,200,20002,134,-0.0002,1.0000,1
random_proj,200,20002,135,-0.0002,1.0000,1
random_proj,200,20002,136,-0.0002,1.0000,1
random_proj,200,20002,137,-0.0002,1.0000,1
random_proj,200,20002,138,-0.0002,1.0000,1
random_proj,200,20002,139,-0.0002,1.0000,1
random_proj,200,20002,140,-0.0002,1.0000,1
random_proj,200,20002,141,-0.0002,1.0000,1
random_proj,200,20002,142,-0.0002,1.0000,1
random_proj,200,20002,143,-0.0002,1.0000,1
random_proj,200,20002,144,-0.0002,1.0000,1
random_proj,200,20002,145,-0.0002,1.0000,1
random_proj,200,20002,146,-0.0002,1.0000,1
random_proj,200,20002,147,-0.0002,1.0000,1
random_proj,200,20002,148,-0.0002,0.8495,0
random_proj,200,20002,149,-0.0002,1.0000,1
random_proj,200,20002,150,-0.0002,1.0000,1
random_proj,200,20002,151,-0.0002,1.0000,1
random_proj,200,20002,152,-0.0002,1.0000,1
random_proj,200,20002,153,-0.0002,1.0000,1
random_proj,200,20002,154,-0.0002,1.0000,1
random_proj,200,20002,155,-0.0002,1.0000,1
random_proj,200,20002,156,-0.0002,1.0000,1
random_proj,200,20002,157,-0.0002,1.0000,1
random_proj,200,20002,158,-0.0002,1.0000,1
random_proj,200,20002,159,-0.0002,1.0000,1
random_proj,200,20002,160,-0.0002,1.0000,1
random_proj,200,20002,161,-0.0002,1.0000,1
random_proj,200,20002,162,-0.0002,1.0000,1
random_proj,200,20002,163,-0.0002,1.0000,1
random_proj,200,20002,164,-0.0002,1.0000,1
random_proj,200,20002,165,-0.0002,1.0000,1
random_proj,200,20002,166,-0.0002,1.0000,1
random_proj,200,20002,167,-0.0002,1.0000,1
random_proj,200,20002,168,-0.0002,1.0000,1
random_proj,200,20002,169,-0.0002,1.0000,1
random_proj,200,20002,170,-0.0002,1.0000,1
random_proj,200,20002,171,-0.0002,1.0000,1
random_proj,200,20002,172,-0.0002,1.0000,1
random_proj,200,20002,173,-0.0002,1.0000,1
random_proj,200,20002,174,-0.0002,1.0000,1
random_proj,200,20002,175,-0.0002,1.0000,1
random_proj,200,20002,176,-0.0002,1.0000,1
random_proj,200,20002,177,-0.0002,1.0000,1
random_proj,200,20002,178,-0.0002,1.0000,1
random_proj,200,20002,179,-0.0002,1.0000,1
random_proj,200,20002,180,-0.0002,1.0000,1
random_proj,200,20002,181,-0.0002,1.0000,1
random_proj,200,20002,182,-0.0002,1.0000,1
random_proj,200,20002,183,-0.0002,1.0000,1
random_proj,200,20002,184,-0.0002,1.0000,1
random_proj,200,20002,185,-0.0002,1.0000,1
random_proj,200,20002,186,-0.0002,1.0000,1
random_proj,200,20002,187,-0.0002,1.0000,1
random_proj,200,20002,188,-0.0002,1.0000,1
random_proj,200,20002,189,-0.0002,1.0000,1
random_proj,200,20002,190,-0.0002,1.0000,1
random_proj,200,20002,191,-0.0002,1.0000,1
random_proj,200,20002,192,-0.0002,1.0000,1
random_proj,200,20002,193,-0.0002,1.0000,1
random_proj,200,20002,194,-0.0002,1.0000,1
random_proj,200,20002,195,-0.0002,1.0000,1
random_proj,200,20002,196,-0.0002,1.0000,1
random_proj,200,20002,197,-0.0002,1.0000,1
random_proj,200,20002,198,-0.0002,1.0000,1
random_proj,200,20002,199,-0.0002,1.0000,1
mnist_proj,200,20003,0,0.6676,0.8265,0
mnist_proj,200,20003,1,0.6676,0.8393,0
mnist_proj,200,20003,2,0.6676,0.7985,0
mnist_proj,200,20003,3,0.6676,0.7602,0
mnist_proj,200,20003,4,0.6676,0.7577,0
mnist_proj,200,20003,5,0.6676,0.8214,0
mnist_proj,200,20003,6,0.6676,0.7985,0
mnist_proj,200,20003,7,0.6676,0.7755,0
mnist_proj,200,20003,8,0.6676,0.7806,0
mnist_proj,200,20003,9,0.6676,0.7959,0
mnist_proj,200,20003,10,0.6676,0.7653,0
mnist_proj,200,20003,11,0.6676,0.7806,0
mnist_proj,200,20003,12,0.6676,0.7730,0
mnist_proj,200,20003,13,0.6676,0.7730,0
mnist_proj,200,20003,14,0.6676,0.7500,0
mnist_proj,200,20003,15,0.6676,0.7628,0
mnist_proj,200,20003,16,0.6676,0.8061,0
mnist_proj,200,20003,17,0.6676,0.7781,0
mnist_proj,200,20003,18,0.6676,0.7730,0
mnist_proj,200,20003,19,0.6676,0.7908,0
mnist_proj,200,20003,20,0.6676,0.8112,0
mnist_proj,200,20003,21,0.6676,0.8520,0
mnist_proj,200,20003,22,0.6676,0.8112,0
mnist_proj,200,20003,23,0.6676,0.7883,0
mnist_proj,200,20003,24,0.6676,0.7985,0
mnist_proj,200,20003,25,0.6676,0.7755,0
mnist_proj,200,20003,26,0.6676,0.8112,0
mnist_proj,200,20003,27,0.6676,0.7832,0
mnist_proj,200,20003,28,0.6676,0.7832,0
mnist_proj,200,20003,29,0.6676,0.8367,0
mnist_proj,200,20003,30,0.6676,0.8061,0
mnist_proj,200,20003,31,0.6676,0.8087,0
mnist_proj,200,20003,32,0.6676,0.7806,0
mnist_proj,200,20003,33,0.6676,0.8469,0
mnist_proj,200,20003,34,0.6676,0.8087,0
mnist_proj,200,20003,35,0.6676,0.7832,0
mnist_proj,200,20003,36,0.6676,0.8112,0
mnist_proj,200,20003,37,0.6676,0.8036,0
mnist_proj,200,20003,38,0.6676,0.8061,0
mnist_proj,200,20003,39,0.6676,0.8087,0
mnist_proj,200,20003,40,0.6676,0.7908,0
mnist_proj,200,20003,41,0.6676,0.7908,0
mnist_proj,200,20003,42,0.6676,0.8214,0
mnist_proj,200,20003,43,0.6676,0.8163,0
mnist_proj,200,20003,44,0.6676,0.8010,0
mnist_proj,200,20003,45,0.6676,0.7857,0
mnist_proj,200,20003,46,0.6676,0.7704,0
mnist_proj,200,20003,47,0.6676,0.7985,0
mnist_proj,200,20003,48,0.6676,0.8112,0
mnist_proj,200,20003,49,0.6676,0.7781,0
mnist_proj,200,20003,50,0.6676,0.7806,0
mnist_proj,200,20003,51,0.6676,0.7704,0
mnist_proj,200,20003,52,0.6676,0.7551,0
mnist_proj,200,20003,53,0.6676,0.8214,0
mnist_proj,200,20003,54,0.6676,0.7806,0
mnist_proj,200,20003,55,0.6676,0.7832,0
mnist_proj,200,20003,56,0.6676,0.7270,0
mnist_proj,200,20003,57,0.6676,0.7653,0
mnist_proj,200,20003,58,0.6676,0.7883,0
mnist_proj,200,20003,59,0.6676,0.8291,0
mnist_proj,200,20003,60,0.6676,0.7908,0
mnist_proj,200,20003,61,0.6676,0.7781,0
mnist_proj,200,20003,62,0.6676,0.7908,0
mnist_proj,200,20003,63,0.6676,0.7883,0
mnist_proj,200,20003,64,0.6676,0.7959,0
mnist_proj,200,20003,65,0.6676,0.8342,0
mnist_proj,200,20003,66,0.6676,0.8010,0
mnist_proj,200,20003,67,0.6676,0.8163,0
mnist_proj,200,20003,68,0.6676,0.8163,0
mnist_proj,200,20003,69,0.6676,0.7908,0
mnist_proj,200,20003,70,0.6676,0.7755,0
mnist_proj,200,20003,71,0.6676,0.7908,0
mnist_proj,200,20003,72,0.6676,0.8112,0
mnist_proj,200,20003,73,0.6676,0.8265,0
mnist_proj,200,20003,74,0.6676,0.7755,0
mnist_proj,200,20003,75,0.6676,0.7959,0
mnist_proj,200,20003,76,0.6676,0.7934,0
mnist_proj,200,20003,77,0.6676,0.7883,0
mnist_proj,200,20003,78,0.6676,0.7985,0
mnist_proj,200,20003,79,0.6676,0.8036,0
mnist_proj,200,20003,80,0.6676,0.7883,0
mnist_proj,200,20003,81,0.6676,0.8036,0
mnist_proj,200,20003,82,0.6676,0.7832,0
mnist_proj,200,20003,83,0.6676,0.8087,0
mnist_proj,200,20003,84,0.6676,0.8036,0
mnist_proj,200,20003,85,0.6676,0.7857,0
mnist_proj,200,20003,86,0.6676,0.7730,0
mnist_proj,200,20003,87,0.6676,0.8265,0
mnist_proj,200,20003,88,0.6676,0.7755,0
mnist_proj,200,20003,89,0.6676,0.7449,0
mnist_proj,200,20003,90,0.6676,0.8163,0
mnist_proj,200,20003,91,0.6676,0.7908,0
mnist_proj,200,20003,92,0.6676,0.7704,0
mnist_proj,200,20003,93,0.6676,0.7806,0
mnist_proj,200,20003,94,0.6676,0.8061,0
mnist_proj,200,20003,95,0.6676,0.7883,0
mnist_proj,200,20003,96,0.6676,0.8214,0
mnist_proj,200,20003,97,0.6676,0.8291,0
mnist_proj,200,20003,98,0.6676,0.7730,0
mnist_proj,200,20003,99,0.6676,0.7806,0
mnist_proj,200,20003,100,0.6676,0.8367,0
mnist_proj,200,20003,101,0.6676,0.8291,0
mnist_proj,200,20003,102,0.6676,0.7806,0
mnist_proj,200,20003,103,0.6676,0.7679,0
mnist_proj,200,20003,104,0.6676,0.8214,0
mnist_proj,200,20003,105,0.6676,0.7474,0
mnist_proj,200,20003,106,0.6676,0.7755,0
mnist_proj,200,20003,107,0.6676,0.7959,0
mnist_proj,200,20003,108,0.6676,0.8571,0
mnist_proj,200,20003,109,0.6676,0.8061,0
mnist_proj,200,20003,110,0.6676,0.8061,0
mnist_proj,200,20003,111,0.6676,0.8087,0
mnist_proj,200,20003,112,0.6676,0.7959,0
mnist_proj,200,20003,113,0.6676,0.7730,0
mnist_proj,200,20003,114,0.6676,0.7908,0
mnist_proj,200,20003,115,0.6676,0.8367,0
mnist_proj,200,20003,116,0.6676,0.7934,0
mnist_proj,200,20003,117,0.6676,0.7602,0
mnist_proj,200,20003,118,0.6676,0.8393,0
mnist_proj,200,20003,119,0.6676,0.7857,0
mnist_proj,200,20003,120,0.6676,0.7372,0
mnist_proj,200,20003,121,0.6676,0.7857,0
mnist_proj,200,20003,122,0.6676,0.8265,0
mnist_proj,200,20003,123,0.6676,0.7755,0
mnist_proj,200,20003,124,0.6676,0.7934,0
mnist_proj,200,20003,125,0.6676,0.7934,0
mnist_proj,200,20003,126,0.6676,0.7628,0
mnist_proj,200,20003,127,0.6676,0.8061,0
mnist_proj,200,20003,128,0.6676,0.8163,0
mnist_proj,200,20003,129,0.6676,0.8061,0
mnist_proj,200,20003,130,0.6676,0.8316,0
mnist_proj,200,20003,131,0.6676,0.8240,0
mnist_proj,200,20003,132,0.6676,0.7806,0
mnist_proj,200,20003,133,0.6676,0.8520,0
mnist_proj,200,20003,134,0.6676,0.8138,0
mnist_proj,200,20003,135,0.6676,0.7526,0
mnist_proj,200,20003,136,0.6676,0.7730,0
mnist_proj,200,20003,137,0.6676,0.8061,0
mnist_proj,200,20003,138,0.6676,0.7730,0
mnist_proj,200,20003,139,0.6676,0.7857,0
mnist_proj,200,20003,140,0.6676,0.8240,0
mnist_proj,200,20003,141,0.6676,0.7985,0
mnist_proj,200,20003,142,0.6676,0.8265,0
mnist_proj,200,20003,143,0.6676,0.7372,0
mnist_proj,200,20003,144,0.6676,0.8138,0
mnist_proj,200,20003,145,0.6676,0.8010,0
mnist_proj,200,20003,146,0.6676,0.8087,0
mnist_proj,200,20003,147,0.6676,0.8036,0
mnist_proj,200,20003,148,0.6676,0.8112,0
mnist_proj,200,20003,149,0.6676,0.8163,0
mnist_proj,200,20003,150,0.6676,0.8010,0
mnist_proj,200,20003,151,0.6676,0.8316,0
mnist_proj,200,20003,152,0.6676,0.8316,0
mnist_proj,200,20003,153,0.6676,0.8036,0
mnist_proj,200,20003,154,0.6676,0.7628,0
mnist_proj,200,20003,155,0.6676,0.7857,0
mnist_proj,200,20003,156,0.6676,0.7679,0
mnist_proj,200,20003,157,0.6676,0.7628,0
mnist_proj,200,20003,158,0.6676,0.7755,0
mnist_proj,200,20003,159,0.6676,0.7755,0
mnist_proj,200,20003,160,0.6676,0.7857,0
mnist_proj,200,20003,161,0.6676,0.7934,0
mnist_proj,200,20003,162,0.6676,0.7500,0
mnist_proj,200,20003,163,0.6676,0.7883,0
mnist_proj,200,20003,164,0.6676,0.8291,0
mnist_proj,200,20003,165,0.6676,0.8138,0
mnist_proj,200,20003,166,0.6676,0.7857,0
mnist_proj,200,20003,167,0.6676,0.8163,0
mnist_proj,200,20003,168,0.6676,0.8036,0
mnist_proj,200,20003,169,0.6676,0.7704,0
mnist_proj,200,20003,170,0.6676,0.8189,0
mnist_proj,200,20003,171,0.6676,0.7985,0
mnist_proj,200,20003,172,0.6676,0.8112,0
mnist_proj,200,20003,173,0.6676,0.8036,0
mnist_proj,200,20003,174,0.6676,0.7755,0
mnist_proj,200,20003,175,0.6676,0.8240,0
mnist_proj,200,20003,176,0.6676,0.7755,0
mnist_proj,200,20003,177,0.6676,0.7781,0
mnist_proj,200,20003,178,0.6676,0.7832,0
mnist_proj,200,20003,179,0.6676,0.7219,0
mnist_proj,200,20003,180,0.6676,0.8367,0
mnist_proj,200,20003,181,0.6676,0.7934,0
mnist_proj,200,20003,182,0.6676,0.7934,0
mnist_proj,200,20003,183,0.6676,0.7908,0
mnist_proj,200,20003,184,0.6676,0.8342,0
mnist_proj,200,20003,185,0.6676,0.7296,0
mnist_proj,200,20003,186,0.6676,0.7908,0
mnist_proj,200,20003,187,0.6676,0.7806,0
mnist_proj,200,20003,188,0.6676,0.7857,0
mnist_proj,200,20003,189,0.6676,0.7449,0
mnist_proj,200,20003,190,0.6676,0.7908,0
mnist_proj,200,20003,191,0.6676,0.8163,0
mnist_proj,200,20003,192,0.6676,0.7934,0
mnist_proj,200,20003,193,0.6676,0.8036,0
mnist_proj,200,20003,194,0.6676,0.7270,0
mnist_proj,200,20003,195,0.6676,0.7908,0
mnist_proj,200,20003,196,0.6676,0.7577,0
mnist_proj,200,20003,197,0.6676,0.7679,0
mnist_proj,200,20003,198,0.6676,0.7653,0
mnist_proj,200,20003,199,0.6676,0.8112,0
random_proj,200,20003,0,-0.0002,1.0000,1
random_proj,200,20003,1,-0.0002,1.0000,1
random_proj,200,20003,2,-0.0002,1.0000,1
random_proj,200,20003,3,-0.0002,1.0000,1
random_proj,200,20003,4,-0.0002,1.0000,1
random_proj,200,20003,5,-0.0002,1.0000,1
random_proj,200,20003,6,-0.0002,1.0000,1
random_proj,200,20003,7,-0.0002,1.0000,1
random_proj,200,20003,8,-0.0002,1.0000,1
random_proj,200,20003,9,-0.0002,1.0000,1
random_proj,200,20003,10,-0.0002,1.0000,1
random_proj,200,20003,11,-0.0002,1.0000,1
random_proj,200,20003,12,-0.0002,1.0000,1
random_proj,200,20003,13,-0.0002,1.0000,1
random_proj,200,20003,14,-0.0002,1.0000,1
random_proj,200,20003,15,-0.0002,1.0000,1
random_proj,200,20003,16,-0.0002,1.0000,1
random_proj,200,20003,17,-0.0002,1.0000,1
random_proj,200,20003,18,-0.0002,1.0000,1
random_proj,200,20003,19,-0.0002,1.0000,1
random_proj,200,20003,20,-0.0002,1.0000,1
random_proj,200,20003,21,-0.0002,1.0000,1
random_proj,200,20003,22,-0.0002,1.0000,1
random_proj,200,20003,23,-0.0002,1.0000,1
random_proj,200,20003,24,-0.0002,1.0000,1
random_proj,200,20003,25,-0.0002,1.0000,1
random_proj,200,20003,26,-0.0002,1.0000,1
random_proj,200,20003,27,-0.0002,1.0000,1
random_proj,200,20003,28,-0.0002,1.0000,1
random_proj,200,20003,29,-0.0002,1.0000,1
random_proj,200,20003,30,-0.0002,1.0000,1
random_proj,200,20003,31,-0.0002,1.0000,1
random_proj,200,20003,32,-0.0002,1.0000,1
random_proj,200,20003,33,-0.0002,1.0000,1
random_proj,200,20003,34,-0.0002,1.0000,1
random_proj,200,20003,35,-0.0002,1.0000,1
random_proj,200,20003,36,-0.0002,1.0000,1
random_proj,200,20003,37,-0.0002,1.0000,1
random_proj,200,20003,38,-0.0002,1.0000,1
random_proj,200,20003,39,-0.0002,1.0000,1
random_proj,200,20003,40,-0.0002,1.0000,1
random_proj,200,20003,41,-0.0002,1.0000,1
random_proj,200,20003,42,-0.0002,1.0000,1
random_proj,200,20003,43,-0.0002,1.0000,1
random_proj,200,20003,44,-0.0002,1.0000,1
random_proj,200,20003,45,-0.0002,1.0000,1
random_proj,200,20003,46,-0.0002,0.8418,0
random_proj,200,20003,47,-0.0002,1.0000,1
random_proj,200,20003,48,-0.0002,0.8520,0
random_proj,200,20003,49,-0.0002,1.0000,1
random_proj,200,20003,50,-0.0002,1.0000,1
random_proj,200,20003,51,-0.0002,1.0000,1
random_proj,200,20003,52,-0.0002,1.0000,1
random_proj,200,20003,53,-0.0002,1.0000,1
random_proj,200,20003,54,-0.0002,0.7321,0
random_proj,200,20003,55,-0.0002,1.0000,1
random_proj,200,20003,56,-0.0002,1.0000,1
random_proj,200,20003,57,-0.0002,1.0000,1
random_proj,200,20003,58,-0.0002,1.0000,1
random_proj,200,20003,59,-0.0002,0.9005,0
random_proj,200,20003,60,-0.0002,1.0000,1
random_proj,200,20003,61,-0.0002,1.0000,1
random_proj,200,20003,62,-0.0002,1.0000,1
random_proj,200,20003,63,-0.0002,1.0000,1
random_proj,200,20003,64,-0.0002,1.0000,1
random_proj,200,20003,65,-0.0002,1.0000,1
random_proj,200,20003,66,-0.0002,1.0000,1
random_proj,200,20003,67,-0.0002,1.0000,1
random_proj,200,20003,68,-0.0002,1.0000,1
random_proj,200,20003,69,-0.0002,1.0000,1
random_proj,200,20003,70,-0.0002,1.0000,1
random_proj,200,20003,71,-0.0002,1.0000,1
random_proj,200,20003,72,-0.0002,1.0000,1
random_proj,200,20003,73,-0.0002,1.0000,1
random_proj,200,20003,74,-0.0002,1.0000,1
random_proj,200,20003,75,-0.0002,1.0000,1
random_proj,200,20003,76,-0.0002,1.0000,1
random_proj,200,20003,77,-0.0002,1.0000,1
random_proj,200,20003,78,-0.0002,1.0000,1
random_proj,200,20003,79,-0.0002,1.0000,1
random_proj,200,20003,80,-0.0002,1.0000,1
random_proj,200,20003,81,-0.0002,1.0000,1
random_proj,200,20003,82,-0.0002,1.0000,1
random_proj,200,20003,83,-0.0002,1.0000,1
random_proj,200,20003,84,-0.0002,1.0000,1
random_proj,200,20003,85,-0.0002,1.0000,1
random_proj,200,20003,86,-0.0002,1.0000,1
random_proj,200,20003,87,-0.0002,1.0000,1
random_proj,200,20003,88,-0.0002,1.0000,1
random_proj,200,20003,89,-0.0002,1.0000,1
random_proj,200,20003,90,-0.0002,1.0000,1
random_proj,200,20003,91,-0.0002,1.0000,1
random_proj,200,20003,92,-0.0002,1.0000,1
random_proj,200,20003,93,-0.0002,1.0000,1
random_proj,200,20003,94,-0.0002,0.7832,0
random_proj,200,20003,95,-0.0002,1.0000,1
random_proj,200,20003,96,-0.0002,1.0000,1
random_proj,200,20003,97,-0.0002,1.0000,1
random_proj,200,20003,98,-0.0002,1.0000,1
random_proj,200,20003,99,-0.0002,1.0000,1
random_proj,200,20003,100,-0.0002,1.0000,1
random_proj,200,20003,101,-0.0002,1.0000,1
random_proj,200,20003,102,-0.0002,1.0000,1
random_proj,200,20003,103,-0.0002,1.0000,1
random_proj,200,20003,104,-0.0002,1.0000,1
random_proj,200,20003,105,-0.0002,1.0000,1
random_proj,200,20003,106,-0.0002,1.0000,1
random_proj,200,20003,107,-0.0002,1.0000,1
random_proj,200,20003,108,-0.0002,1.0000,1
random_proj,200,20003,109,-0.0002,1.0000,1
random_proj,200,20003,110,-0.0002,1.0000,1
random_proj,200,20003,111,-0.0002,0.8878,0
random_proj,200,20003,112,-0.0002,1.0000,1
random_proj,200,20003,113,-0.0002,1.0000,1
random_proj,200,20003,114,-0.0002,1.0000,1
random_proj,200,20003,115,-0.0002,1.0000,1
random_proj,200,20003,116,-0.0002,1.0000,1
random_proj,200,20003,117,-0.0002,1.0000,1
random_proj,200,20003,118,-0.0002,1.0000,1
random_proj,200,20003,119,-0.0002,1.0000,1
random_proj,200,20003,120,-0.0002,1.0000,1
random_proj,200,20003,121,-0.0002,1.0000,1
random_proj,200,20003,122,-0.0002,1.0000,1
random_proj,200,20003,123,-0.0002,1.0000,1
random_proj,200,20003,124,-0.0002,0.8597,0
random_proj,200,20003,125,-0.0002,1.0000,1
random_proj,200,20003,126,-0.0002,1.0000,1
random_proj,200,20003,127,-0.0002,1.0000,1
random_proj,200,20003,128,-0.0002,1.0000,1
random_proj,200,20003,129,-0.0002,1.0000,1
random_proj,200,20003,130,-0.0002,1.0000,1
random_proj,200,20003,131,-0.0002,1.0000,1
random_proj,200,20003,132,-0.0002,1.0000,1
random_proj,200,20003,133,-0.0002,1.0000,1
random_proj,200,20003,134,-0.0002,1.0000,1
random_proj,200,20003,135,-0.0002,1.0000,1
random_proj,200,20003,136,-0.0002,1.0000,1
random_proj,200,20003,137,-0.0002,0.8571,0
random_proj,200,20003,138,-0.0002,1.0000,1
random_proj,200,20003,139,-0.0002,1.0000,1
random_proj,200,20003,140,-0.0002,1.0000,1
random_proj,200,20003,141,-0.0002,1.0000,1
random_proj,200,20003,142,-0.0002,1.0000,1
random_proj,200,20003,143,-0.0002,1.0000,1
random_proj,200,20003,144,-0.0002,1.0000,1
random_proj,200,20003,145,-0.0002,1.0000,1
random_proj,200,20003,146,-0.0002,1.0000,1
random_proj,200,20003,147,-0.0002,1.0000,1
random_proj,200,20003,148,-0.0002,1.0000,1
random_proj,200,20003,149,-0.0002,1.0000,1
random_proj,200,20003,150,-0.0002,1.0000,1
random_proj,200,20003,151,-0.0002,1.0000,1
random_proj,200,20003,152,-0.0002,1.0000,1
random_proj,200,20003,153,-0.0002,1.0000,1
random_proj,200,20003,154,-0.0002,1.0000,1
random_proj,200,20003,155,-0.0002,1.0000,1
random_proj,200,20003,156,-0.0002,1.0000,1
random_proj,200,20003,157,-0.0002,1.0000,1
random_proj,200,20003,158,-0.0002,1.0000,1
random_proj,200,20003,159,-0.0002,1.0000,1
random_proj,200,20003,160,-0.0002,1.0000,1
random_proj,200,20003,161,-0.0002,1.0000,1
random_proj,200,20003,162,-0.0002,1.0000,1
random_proj,200,20003,163,-0.0002,1.0000,1
random_proj,200,20003,164,-0.0002,1.0000,1
random_proj,200,20003,165,-0.0002,1.0000,1
random_proj,200,20003,166,-0.0002,1.0000,1
random_proj,200,20003,167,-0.0002,1.0000,1
random_proj,200,20003,168,-0.0002,1.0000,1
random_proj,200,20003,169,-0.0002,1.0000,1
random_proj,200,20003,170,-0.0002,1.0000,1
random_proj,200,20003,171,-0.0002,1.0000,1
random_proj,200,20003,172,-0.0002,1.0000,1
random_proj,200,20003,173,-0.0002,1.0000,1
random_proj,200,20003,174,-0.0002,1.0000,1
random_proj,200,20003,175,-0.0002,1.0000,1
random_proj,200,20003,176,-0.0002,1.0000,1
random_proj,200,20003,177,-0.0002,1.0000,1
random_proj,200,20003,178,-0.0002,1.0000,1
random_proj,200,20003,179,-0.0002,1.0000,1
random_proj,200,20003,180,-0.0002,1.0000,1
random_proj,200,20003,181,-0.0002,1.0000,1
random_proj,200,20003,182,-0.0002,1.0000,1
random_proj,200,20003,183,-0.0002,1.0000,1
random_proj,200,20003,184,-0.0002,1.0000,1
random_proj,200,20003,185,-0.0002,1.0000,1
random_proj,200,20003,186,-0.0002,1.0000,1
random_proj,200,20003,187,-0.0002,1.0000,1
random_proj,200,20003,188,-0.0002,1.0000,1
random_proj,200,20003,189,-0.0002,1.0000,1
random_proj,200,20003,190,-0.0002,1.0000,1
random_proj,200,20003,191,-0.0002,1.0000,1
random_proj,200,20003,192,-0.0002,1.0000,1
random_proj,200,20003,193,-0.0002,1.0000,1
random_proj,200,20003,194,-0.0002,1.0000,1
random_proj,200,20003,195,-0.0002,1.0000,1
random_proj,200,20003,196,-0.0002,1.0000,1
random_proj,200,20003,197,-0.0002,1.0000,1
random_proj,200,20003,198,-0.0002,1.0000,1
random_proj,200,20003,199,-0.0002,1.0000,1
mnist_proj,200,20004,0,0.6676,0.8418,0
mnist_proj,200,20004,1,0.6676,0.8087,0
mnist_proj,200,20004,2,0.6676,0.7270,0
mnist_proj,200,20004,3,0.6676,0.7781,0
mnist_proj,200,20004,4,0.6676,0.7959,0
mnist_proj,200,20004,5,0.6676,0.8291,0
mnist_proj,200,20004,6,0.6676,0.7755,0
mnist_proj,200,20004,7,0.6676,0.7628,0
mnist_proj,200,20004,8,0.6676,0.8189,0
mnist_proj,200,20004,9,0.6676,0.8240,0
mnist_proj,200,20004,10,0.6676,0.8036,0
mnist_proj,200,20004,11,0.6676,0.7628,0
mnist_proj,200,20004,12,0.6676,0.7704,0
mnist_proj,200,20004,13,0.6676,0.8112,0
mnist_proj,200,20004,14,0.6676,0.7755,0
mnist_proj,200,20004,15,0.6676,0.8189,0
mnist_proj,200,20004,16,0.6676,0.7781,0
mnist_proj,200,20004,17,0.6676,0.7628,0
mnist_proj,200,20004,18,0.6676,0.7883,0
mnist_proj,200,20004,19,0.6676,0.7806,0
mnist_proj,200,20004,20,0.6676,0.7959,0
mnist_proj,200,20004,21,0.6676,0.7679,0
mnist_proj,200,20004,22,0.6676,0.8112,0
mnist_proj,200,20004,23,0.6676,0.7602,0
mnist_proj,200,20004,24,0.6676,0.7883,0
mnist_proj,200,20004,25,0.6676,0.7628,0
mnist_proj,200,20004,26,0.6676,0.7908,0
mnist_proj,200,20004,27,0.6676,0.8214,0
mnist_proj,200,20004,28,0.6676,0.7934,0
mnist_proj,200,20004,29,0.6676,0.7985,0
mnist_proj,200,20004,30,0.6676,0.8291,0
mnist_proj,200,20004,31,0.6676,0.7959,0
mnist_proj,200,20004,32,0.6676,0.8061,0
mnist_proj,200,20004,33,0.6676,0.8163,0
mnist_proj,200,20004,34,0.6676,0.7908,0
mnist_proj,200,20004,35,0.6676,0.8189,0
mnist_proj,200,20004,36,0.6676,0.7270,0
mnist_proj,200,20004,37,0.6676,0.8214,0
mnist_proj,200,20004,38,0.6676,0.7704,0
mnist_proj,200,20004,39,0.6676,0.7781,0
mnist_proj,200,20004,40,0.6676,0.7755,0
mnist_proj,200,20004,41,0.6676,0.8367,0
mnist_proj,200,20004,42,0.6676,0.7908,0
mnist_proj,200,20004,43,0.6676,0.8087,0
mnist_proj,200,20004,44,0.6676,0.7985,0
mnist_proj,200,20004,45,0.6676,0.7857,0
mnist_proj,200,20004,46,0.6676,0.8291,0
mnist_proj,200,20004,47,0.6676,0.7755,0
mnist_proj,200,20004,48,0.6676,0.7755,0
mnist_proj,200,20004,49,0.6676,0.7628,0
mnist_proj,200,20004,50,0.6676,0.8316,0
mnist_proj,200,20004,51,0.6676,0.7985,0
mnist_proj,200,20004,52,0.6676,0.7832,0
mnist_proj,200,20004,53,0.6676,0.8138,0
mnist_proj,200,20004,54,0.6676,0.7628,0
mnist_proj,200,20004,55,0.6676,0.8469,0
mnist_proj,200,20004,56,0.6676,0.7117,0
mnist_proj,200,20004,57,0.6676,0.7577,0
mnist_proj,200,20004,58,0.6676,0.8010,0
mnist_proj,200,20004,59,0.6676,0.7704,0
mnist_proj,200,20004,60,0.6676,0.7398,0
mnist_proj,200,20004,61,0.6676,0.7985,0
mnist_proj,200,20004,62,0.6676,0.7704,0
mnist_proj,200,20004,63,0.6676,0.7806,0
mnist_proj,200,20004,64,0.6676,0.7806,0
mnist_proj,200,20004,65,0.6676,0.8469,0
mnist_proj,200,20004,66,0.6676,0.8087,0
mnist_proj,200,20004,67,0.6676,0.8291,0
mnist_proj,200,20004,68,0.6676,0.8189,0
mnist_proj,200,20004,69,0.6676,0.8036,0
mnist_proj,200,20004,70,0.6676,0.7321,0
mnist_proj,200,20004,71,0.6676,0.8036,0
mnist_proj,200,20004,72,0.6676,0.8316,0
mnist_proj,200,20004,73,0.6676,0.8240,0
mnist_proj,200,20004,74,0.6676,0.8010,0
mnist_proj,200,20004,75,0.6676,0.8163,0
mnist_proj,200,20004,76,0.6676,0.7959,0
mnist_proj,200,20004,77,0.6676,0.8240,0
mnist_proj,200,20004,78,0.6676,0.7883,0
mnist_proj,200,20004,79,0.6676,0.7908,0
mnist_proj,200,20004,80,0.6676,0.8240,0
mnist_proj,200,20004,81,0.6676,0.7602,0
mnist_proj,200,20004,82,0.6676,0.8061,0
mnist_proj,200,20004,83,0.6676,0.7934,0
mnist_proj,200,20004,84,0.6676,0.7321,0
mnist_proj,200,20004,85,0.6676,0.8265,0
mnist_proj,200,20004,86,0.6676,0.8036,0
mnist_proj,200,20004,87,0.6676,0.7832,0
mnist_proj,200,20004,88,0.6676,0.7653,0
mnist_proj,200,20004,89,0.6676,0.8163,0
mnist_proj,200,20004,90,0.6676,0.8010,0
mnist_proj,200,20004,91,0.6676,0.7500,0
mnist_proj,200,20004,92,0.6676,0.7704,0
mnist_proj,200,20004,93,0.6676,0.8138,0
mnist_proj,200,20004,94,0.6676,0.8010,0
mnist_proj,200,20004,95,0.6676,0.7959,0
mnist_proj,200,20004,96,0.6676,0.7806,0
mnist_proj,200,20004,97,0.6676,0.7959,0
mnist_proj,200,20004,98,0.6676,0.7653,0
mnist_proj,200,20004,99,0.6676,0.7704,0
mnist_proj,200,20004,100,0.6676,0.8010,0
mnist_proj,200,20004,101,0.6676,0.7934,0
mnist_proj,200,20004,102,0.6676,0.7704,0
mnist_proj,200,20004,103,0.6676,0.8087,0
mnist_proj,200,20004,104,0.6676,0.7883,0
mnist_proj,200,20004,105,0.6676,0.8138,0
mnist_proj,200,20004,106,0.6676,0.8189,0
mnist_proj,200,20004,107,0.6676,0.7628,0
mnist_proj,200,20004,108,0.6676,0.7449,0
mnist_proj,200,20004,109,0.6676,0.7883,0
mnist_proj,200,20004,110,0.6676,0.8214,0
mnist_proj,200,20004,111,0.6676,0.8189,0
mnist_proj,200,20004,112,0.6676,0.8061,0
mnist_proj,200,20004,113,0.6676,0.7908,0
mnist_proj,200,20004,114,0.6676,0.7500,0
mnist_proj,200,20004,115,0.6676,0.8316,0
mnist_proj,200,20004,116,0.6676,0.8163,0
mnist_proj,200,20004,117,0.6676,0.7730,0
mnist_proj,200,20004,118,0.6676,0.7857,0
mnist_proj,200,20004,119,0.6676,0.8061,0
mnist_proj,200,20004,120,0.6676,0.7628,0
mnist_proj,200,20004,121,0.6676,0.7832,0
mnist_proj,200,20004,122,0.6676,0.8112,0
mnist_proj,200,20004,123,0.6676,0.7704,0
mnist_proj,200,20004,124,0.6676,0.7883,0
mnist_proj,200,20004,125,0.6676,0.7398,0
mnist_proj,200,20004,126,0.6676,0.8010,0
mnist_proj,200,20004,127,0.6676,0.7602,0
mnist_proj,200,20004,128,0.6676,0.8265,0
mnist_proj,200,20004,129,0.6676,0.7883,0
mnist_proj,200,20004,130,0.6676,0.7806,0
mnist_proj,200,20004,131,0.6676,0.7883,0
mnist_proj,200,20004,132,0.6676,0.8393,0
mnist_proj,200,20004,133,0.6676,0.7908,0
mnist_proj,200,20004,134,0.6676,0.7883,0
mnist_proj,200,20004,135,0.6676,0.7806,0
mnist_proj,200,20004,136,0.6676,0.7883,0
mnist_proj,200,20004,137,0.6676,0.7755,0
mnist_proj,200,20004,138,0.6676,0.7653,0
mnist_proj,200,20004,139,0.6676,0.8010,0
mnist_proj,200,20004,140,0.6676,0.8036,0
mnist_proj,200,20004,141,0.6676,0.7883,0
mnist_proj,200,20004,142,0.6676,0.7551,0
mnist_proj,200,20004,143,0.6676,0.7832,0
mnist_proj,200,20004,144,0.6676,0.8010,0
mnist_proj,200,20004,145,0.6676,0.8316,0
mnist_proj,200,20004,146,0.6676,0.7959,0
mnist_proj,200,20004,147,0.6676,0.7959,0
mnist_proj,200,20004,148,0.6676,0.7883,0
mnist_proj,200,20004,149,0.6676,0.7806,0
mnist_proj,200,20004,150,0.6676,0.7857,0
mnist_proj,200,20004,151,0.6676,0.7551,0
mnist_proj,200,20004,152,0.6676,0.7832,0
mnist_proj,200,20004,153,0.6676,0.7908,0
mnist_proj,200,20004,154,0.6676,0.7934,0
mnist_proj,200,20004,155,0.6676,0.8316,0
mnist_proj,200,20004,156,0.6676,0.7704,0
mnist_proj,200,20004,157,0.6676,0.7781,0
mnist_proj,200,20004,158,0.6676,0.8138,0
mnist_proj,200,20004,159,0.6676,0.7704,0
mnist_proj,200,20004,160,0.6676,0.7883,0
mnist_proj,200,20004,161,0.6676,0.8138,0
mnist_proj,200,20004,162,0.6676,0.8444,0
mnist_proj,200,20004,163,0.6676,0.7857,0
mnist_proj,200,20004,164,0.6676,0.7781,0
mnist_proj,200,20004,165,0.6676,0.7755,0
mnist_proj,200,20004,166,0.6676,0.8367,0
mnist_proj,200,20004,167,0.6676,0.8163,0
mnist_proj,200,20004,168,0.6676,0.7219,0
mnist_proj,200,20004,169,0.6676,0.8189,0
mnist_proj,200,20004,170,0.6676,0.7959,0
mnist_proj,200,20004,171,0.6676,0.7781,0
mnist_proj,200,20004,172,0.6676,0.8112,0
mnist_proj,200,20004,173,0.6676,0.8112,0
mnist_proj,200,20004,174,0.6676,0.7449,0
mnist_proj,200,20004,175,0.6676,0.8061,0
mnist_proj,200,20004,176,0.6676,0.7857,0
mnist_proj,200,20004,177,0.6676,0.7806,0
mnist_proj,200,20004,178,0.6676,0.7934,0
mnist_proj,200,20004,179,0.6676,0.8036,0
mnist_proj,200,20004,180,0.6676,0.7908,0
mnist_proj,200,20004,181,0.6676,0.7653,0
mnist_proj,200,20004,182,0.6676,0.7985,0
mnist_proj,200,20004,183,0.6676,0.7449,0
mnist_proj,200,20004,184,0.6676,0.8112,0
mnist_proj,200,20004,185,0.6676,0.7551,0
mnist_proj,200,20004,186,0.6676,0.7321,0
mnist_proj,200,20004,187,0.6676,0.7908,0
mnist_proj,200,20004,188,0.6676,0.7755,0
mnist_proj,200,20004,189,0.6676,0.7934,0
mnist_proj,200,20004,190,0.6676,0.7985,0
mnist_proj,200,20004,191,0.6676,0.8265,0
mnist_proj,200,20004,192,0.6676,0.8112,0
mnist_proj,200,20004,193,0.6676,0.7908,0
mnist_proj,200,20004,194,0.6676,0.7730,0
mnist_proj,200,20004,195,0.6676,0.7857,0
mnist_proj,200,20004,196,0.6676,0.7092,0
mnist_proj,200,20004,197,0.6676,0.7806,0
mnist_proj,200,20004,198,0.6676,0.8112,0
mnist_proj,200,20004,199,0.6676,0.7679,0
random_proj,200,20004,0,0.0003,1.0000,1
random_proj,200,20004,1,0.0003,1.0000,1
random_proj,200,20004,2,0.0003,1.0000,1
random_proj,200,20004,3,0.0003,1.0000,1
random_proj,200,20004,4,0.0003,1.0000,1
random_proj,200,20004,5,0.0003,1.0000,1
random_proj,200,20004,6,0.0003,1.0000,1
random_proj,200,20004,7,0.0003,1.0000,1
random_proj,200,20004,8,0.0003,1.0000,1
random_proj,200,20004,9,0.0003,1.0000,1
random_proj,200,20004,10,0.0003,1.0000,1
random_proj,200,20004,11,0.0003,1.0000,1
random_proj,200,20004,12,0.0003,1.0000,1
random_proj,200,20004,13,0.0003,1.0000,1
random_proj,200,20004,14,0.0003,1.0000,1
random_proj,200,20004,15,0.0003,1.0000,1
random_proj,200,20004,16,0.0003,1.0000,1
random_proj,200,20004,17,0.0003,1.0000,1
random_proj,200,20004,18,0.0003,1.0000,1
random_proj,200,20004,19,0.0003,1.0000,1
random_proj,200,20004,20,0.0003,1.0000,1
random_proj,200,20004,21,0.0003,1.0000,1
random_proj,200,20004,22,0.0003,1.0000,1
random_proj,200,20004,23,0.0003,1.0000,1
random_proj,200,20004,24,0.0003,1.0000,1
random_proj,200,20004,25,0.0003,1.0000,1
random_proj,200,20004,26,0.0003,1.0000,1
random_proj,200,20004,27,0.0003,1.0000,1
random_proj,200,20004,28,0.0003,1.0000,1
random_proj,200,20004,29,0.0003,1.0000,1
random_proj,200,20004,30,0.0003,1.0000,1
random_proj,200,20004,31,0.0003,1.0000,1
random_proj,200,20004,32,0.0003,1.0000,1
random_proj,200,20004,33,0.0003,1.0000,1
random_proj,200,20004,34,0.0003,1.0000,1
random_proj,200,20004,35,0.0003,1.0000,1
random_proj,200,20004,36,0.0003,1.0000,1
random_proj,200,20004,37,0.0003,1.0000,1
random_proj,200,20004,38,0.0003,1.0000,1
random_proj,200,20004,39,0.0003,0.8520,0
random_proj,200,20004,40,0.0003,1.0000,1
random_proj,200,20004,41,0.0003,1.0000,1
random_proj,200,20004,42,0.0003,1.0000,1
random_proj,200,20004,43,0.0003,1.0000,1
random_proj,200,20004,44,0.0003,1.0000,1
random_proj,200,20004,45,0.0003,1.0000,1
random_proj,200,20004,46,0.0003,1.0000,1
random_proj,200,20004,47,0.0003,1.0000,1
random_proj,200,20004,48,0.0003,1.0000,1
random_proj,200,20004,49,0.0003,1.0000,1
random_proj,200,20004,50,0.0003,1.0000,1
random_proj,200,20004,51,0.0003,1.0000,1
random_proj,200,20004,52,0.0003,1.0000,1
random_proj,200,20004,53,0.0003,1.0000,1
random_proj,200,20004,54,0.0003,1.0000,1
random_proj,200,20004,55,0.0003,1.0000,1
random_proj,200,20004,56,0.0003,1.0000,1
random_proj,200,20004,57,0.0003,1.0000,1
random_proj,200,20004,58,0.0003,1.0000,1
random_proj,200,20004,59,0.0003,1.0000,1
random_proj,200,20004,60,0.0003,1.0000,1
random_proj,200,20004,61,0.0003,1.0000,1
random_proj,200,20004,62,0.0003,1.0000,1
random_proj,200,20004,63,0.0003,1.0000,1
random_proj,200,20004,64,0.0003,1.0000,1
random_proj,200,20004,65,0.0003,1.0000,1
random_proj,200,20004,66,0.0003,1.0000,1
random_proj,200,20004,67,0.0003,1.0000,1
random_proj,200,20004,68,0.0003,1.0000,1
random_proj,200,20004,69,0.0003,1.0000,1
random_proj,200,20004,70,0.0003,1.0000,1
random_proj,200,20004,71,0.0003,1.0000,1
random_proj,200,20004,72,0.0003,1.0000,1
random_proj,200,20004,73,0.0003,1.0000,1
random_proj,200,20004,74,0.0003,1.0000,1
random_proj,200,20004,75,0.0003,1.0000,1
random_proj,200,20004,76,0.0003,1.0000,1
random_proj,200,20004,77,0.0003,1.0000,1
random_proj,200,20004,78,0.0003,1.0000,1
random_proj,200,20004,79,0.0003,1.0000,1
random_proj,200,20004,80,0.0003,0.8240,0
random_proj,200,20004,81,0.0003,1.0000,1
random_proj,200,20004,82,0.0003,1.0000,1
random_proj,200,20004,83,0.0003,1.0000,1
random_proj,200,20004,84,0.0003,1.0000,1
random_proj,200,20004,85,0.0003,1.0000,1
random_proj,200,20004,86,0.0003,1.0000,1
random_proj,200,20004,87,0.0003,1.0000,1
random_proj,200,20004,88,0.0003,1.0000,1
random_proj,200,20004,89,0.0003,1.0000,1
random_proj,200,20004,90,0.0003,1.0000,1
random_proj,200,20004,91,0.0003,1.0000,1
random_proj,200,20004,92,0.0003,1.0000,1
random_proj,200,20004,93,0.0003,1.0000,1
random_proj,200,20004,94,0.0003,1.0000,1
random_proj,200,20004,95,0.0003,1.0000,1
random_proj,200,20004,96,0.0003,1.0000,1
random_proj,200,20004,97,0.0003,1.0000,1
random_proj,200,20004,98,0.0003,1.0000,1
random_proj,200,20004,99,0.0003,1.0000,1
random_proj,200,20004,100,0.0003,1.0000,1
random_proj,200,20004,101,0.0003,1.0000,1
random_proj,200,20004,102,0.0003,1.0000,1
random_proj,200,20004,103,0.0003,1.0000,1
random_proj,200,20004,104,0.0003,1.0000,1
random_proj,200,20004,105,0.0003,1.0000,1
random_proj,200,20004,106,0.0003,1.0000,1
random_proj,200,20004,107,0.0003,1.0000,1
random_proj,200,20004,108,0.0003,1.0000,1
random_proj,200,20004,109,0.0003,1.0000,1
random_proj,200,20004,110,0.0003,1.0000,1
random_proj,200,20004,111,0.0003,1.0000,1
random_proj,200,20004,112,0.0003,1.0000,1
random_proj,200,20004,113,0.0003,1.0000,1
random_proj,200,20004,114,0.0003,1.0000,1
random_proj,200,20004,115,0.0003,1.0000,1
random_proj,200,20004,116,0.0003,1.0000,1
random_proj,200,20004,117,0.0003,1.0000,1
random_proj,200,20004,118,0.0003,1.0000,1
random_proj,200,20004,119,0.0003,1.0000,1
random_proj,200,20004,120,0.0003,1.0000,1
random_proj,200,20004,121,0.0003,0.8520,0
random_proj,200,20004,122,0.0003,1.0000,1
random_proj,200,20004,123,0.0003,0.8648,0
random_proj,200,20004,124,0.0003,1.0000,1
random_proj,200,20004,125,0.0003,1.0000,1
random_proj,200,20004,126,0.0003,1.0000,1
random_proj,200,20004,127,0.0003,1.0000,1
random_proj,200,20004,128,0.0003,1.0000,1
random_proj,200,20004,129,0.0003,1.0000,1
random_proj,200,20004,130,0.0003,1.0000,1
random_proj,200,20004,131,0.0003,1.0000,1
random_proj,200,20004,132,0.0003,1.0000,1
random_proj,200,20004,133,0.0003,1.0000,1
random_proj,200,20004,134,0.0003,1.0000,1
random_proj,200,20004,135,0.0003,1.0000,1
random_proj,200,20004,136,0.0003,1.0000,1
random_proj,200,20004,137,0.0003,1.0000,1
random_proj,200,20004,138,0.0003,1.0000,1
random_proj,200,20004,139,0.0003,1.0000,1
random_proj,200,20004,140,0.0003,0.8214,0
random_proj,200,20004,141,0.0003,1.0000,1
random_proj,200,20004,142,0.0003,1.0000,1
random_proj,200,20004,143,0.0003,1.0000,1
random_proj,200,20004,144,0.0003,1.0000,1
random_proj,200,20004,145,0.0003,1.0000,1
random_proj,200,20004,146,0.0003,1.0000,1
random_proj,200,20004,147,0.0003,1.0000,1
random_proj,200,20004,148,0.0003,1.0000,1
random_proj,200,20004,149,0.0003,1.0000,1
random_proj,200,20004,150,0.0003,1.0000,1
random_proj,200,20004,151,0.0003,1.0000,1
random_proj,200,20004,152,0.0003,1.0000,1
random_proj,200,20004,153,0.0003,1.0000,1
random_proj,200,20004,154,0.0003,1.0000,1
random_proj,200,20004,155,0.0003,1.0000,1
random_proj,200,20004,156,0.0003,1.0000,1
random_proj,200,20004,157,0.0003,1.0000,1
random_proj,200,20004,158,0.0003,1.0000,1
random_proj,200,20004,159,0.0003,1.0000,1
random_proj,200,20004,160,0.0003,1.0000,1
random_proj,200,20004,161,0.0003,1.0000,1
random_proj,200,20004,162,0.0003,1.0000,1
random_proj,200,20004,163,0.0003,1.0000,1
random_proj,200,20004,164,0.0003,1.0000,1
random_proj,200,20004,165,0.0003,1.0000,1
random_proj,200,20004,166,0.0003,1.0000,1
random_proj,200,20004,167,0.0003,1.0000,1
random_proj,200,20004,168,0.0003,1.0000,1
random_proj,200,20004,169,0.0003,1.0000,1
random_proj,200,20004,170,0.0003,1.0000,1
random_proj,200,20004,171,0.0003,1.0000,1
random_proj,200,20004,172,0.0003,1.0000,1
random_proj,200,20004,173,0.0003,1.0000,1
random_proj,200,20004,174,0.0003,1.0000,1
random_proj,200,20004,175,0.0003,1.0000,1
random_proj,200,20004,176,0.0003,1.0000,1
random_proj,200,20004,177,0.0003,1.0000,1
random_proj,200,20004,178,0.0003,1.0000,1
random_proj,200,20004,179,0.0003,1.0000,1
random_proj,200,20004,180,0.0003,1.0000,1
random_proj,200,20004,181,0.0003,1.0000,1
random_proj,200,20004,182,0.0003,1.0000,1
random_proj,200,20004,183,0.0003,1.0000,1
random_proj,200,20004,184,0.0003,1.0000,1
random_proj,200,20004,185,0.0003,1.0000,1
random_proj,200,20004,186,0.0003,1.0000,1
random_proj,200,20004,187,0.0003,1.0000,1
random_proj,200,20004,188,0.0003,1.0000,1
random_proj,200,20004,189,0.0003,1.0000,1
random_proj,200,20004,190,0.0003,1.0000,1
random_proj,200,20004,191,0.0003,1.0000,1
random_proj,200,20004,192,0.0003,1.0000,1
random_proj,200,20004,193,0.0003,1.0000,1
random_proj,200,20004,194,0.0003,1.0000,1
random_proj,200,20004,195,0.0003,1.0000,1
random_proj,200,20004,196,0.0003,1.0000,1
random_proj,200,20004,197,0.0003,1.0000,1
random_proj,200,20004,198,0.0003,1.0000,1
random_proj,200,20004,199,0.0003,1.0000,1
mnist_proj,200,20005,0,0.6676,0.7857,0
mnist_proj,200,20005,1,0.6676,0.7551,0
mnist_proj,200,20005,2,0.6676,0.7934,0
mnist_proj,200,20005,3,0.6676,0.7551,0
mnist_proj,200,20005,4,0.6676,0.8138,0
mnist_proj,200,20005,5,0.6676,0.7985,0
mnist_proj,200,20005,6,0.6676,0.7474,0
mnist_proj,200,20005,7,0.6676,0.7934,0
mnist_proj,200,20005,8,0.6676,0.7577,0
mnist_proj,200,20005,9,0.6676,0.8138,0
mnist_proj,200,20005,10,0.6676,0.7832,0
mnist_proj,200,20005,11,0.6676,0.8367,0
mnist_proj,200,20005,12,0.6676,0.8316,0
mnist_proj,200,20005,13,0.6676,0.7883,0
mnist_proj,200,20005,14,0.6676,0.8367,0
mnist_proj,200,20005,15,0.6676,0.7832,0
mnist_proj,200,20005,16,0.6676,0.7577,0
mnist_proj,200,20005,17,0.6676,0.8010,0
mnist_proj,200,20005,18,0.6676,0.8112,0
mnist_proj,200,20005,19,0.6676,0.8316,0
mnist_proj,200,20005,20,0.6676,0.7602,0
mnist_proj,200,20005,21,0.6676,0.7577,0
mnist_proj,200,20005,22,0.6676,0.7857,0
mnist_proj,200,20005,23,0.6676,0.7679,0
mnist_proj,200,20005,24,0.6676,0.7934,0
mnist_proj,200,20005,25,0.6676,0.7857,0
mnist_proj,200,20005,26,0.6676,0.8189,0
mnist_proj,200,20005,27,0.6676,0.7092,0
mnist_proj,200,20005,28,0.6676,0.7628,0
mnist_proj,200,20005,29,0.6676,0.8291,0
mnist_proj,200,20005,30,0.6676,0.7577,0
mnist_proj,200,20005,31,0.6676,0.8163,0
mnist_proj,200,20005,32,0.6676,0.8010,0
mnist_proj,200,20005,33,0.6676,0.7857,0
mnist_proj,200,20005,34,0.6676,0.7883,0
mnist_proj,200,20005,35,0.6676,0.8010,0
mnist_proj,200,20005,36,0.6676,0.7500,0
mnist_proj,200,20005,37,0.6676,0.7551,0
mnist_proj,200,20005,38,0.6676,0.7653,0
mnist_proj,200,20005,39,0.6676,0.7883,0
mnist_proj,200,20005,40,0.6676,0.7934,0
mnist_proj,200,20005,41,0.6676,0.7985,0
mnist_proj,200,20005,42,0.6676,0.7857,0
mnist_proj,200,20005,43,0.6676,0.8138,0
mnist_proj,200,20005,44,0.6676,0.7781,0
mnist_proj,200,20005,45,0.6676,0.8214,0
mnist_proj,200,20005,46,0.6676,0.7755,0
mnist_proj,200,20005,47,0.6676,0.8087,0
mnist_proj,200,20005,48,0.6676,0.8061,0
mnist_proj,200,20005,49,0.6676,0.8087,0
mnist_proj,200,20005,50,0.6676,0.7832,0
mnist_proj,200,20005,51,0.6676,0.8189,0
mnist_proj,200,20005,52,0.6676,0.7577,0
mnist_proj,200,20005,53,0.6676,0.7934,0
mnist_proj,200,20005,54,0.6676,0.7908,0
mnist_proj,200,20005,55,0.6676,0.8036,0
mnist_proj,200,20005,56,0.6676,0.8163,0
mnist_proj,200,20005,57,0.6676,0.7857,0
mnist_proj,200,20005,58,0.6676,0.7628,0
mnist_proj,200,20005,59,0.6676,0.7755,0
mnist_proj,200,20005,60,0.6676,0.7526,0
mnist_proj,200,20005,61,0.6676,0.7908,0
mnist_proj,200,20005,62,0.6676,0.8163,0
mnist_proj,200,20005,63,0.6676,0.7985,0
mnist_proj,200,20005,64,0.6676,0.8087,0
mnist_proj,200,20005,65,0.6676,0.8240,0
mnist_proj,200,20005,66,0.6676,0.8036,0
mnist_proj,200,20005,67,0.6676,0.8163,0
mnist_proj,200,20005,68,0.6676,0.7704,0
mnist_proj,200,20005,69,0.6676,0.7857,0
mnist_proj,200,20005,70,0.6676,0.7755,0
mnist_proj,200,20005,71,0.6676,0.8138,0
mnist_proj,200,20005,72,0.6676,0.8444,0
mnist_proj,200,20005,73,0.6676,0.7985,0
mnist_proj,200,20005,74,0.6676,0.8112,0
mnist_proj,200,20005,75,0.6676,0.7857,0
mnist_proj,200,20005,76,0.6676,0.7806,0
mnist_proj,200,20005,77,0.6676,0.8189,0
mnist_proj,200,20005,78,0.6676,0.7755,0
mnist_proj,200,20005,79,0.6676,0.7704,0
mnist_proj,200,20005,80,0.6676,0.7934,0
mnist_proj,200,20005,81,0.6676,0.7577,0
mnist_proj,200,20005,82,0.6676,0.8138,0
mnist_proj,200,20005,83,0.6676,0.8112,0
mnist_proj,200,20005,84,0.6676,0.8138,0
mnist_proj,200,20005,85,0.6676,0.8036,0
mnist_proj,200,20005,86,0.6676,0.8444,0
mnist_proj,200,20005,87,0.6676,0.7679,0
mnist_proj,200,20005,88,0.6676,0.7883,0
mnist_proj,200,20005,89,0.6676,0.8010,0
mnist_proj,200,20005,90,0.6676,0.7959,0
mnist_proj,200,20005,91,0.6676,0.7449,0
mnist_proj,200,20005,92,0.6676,0.7755,0
mnist_proj,200,20005,93,0.6676,0.8240,0
mnist_proj,200,20005,94,0.6676,0.8138,0
mnist_proj,200,20005,95,0.6676,0.7781,0
mnist_proj,200,20005,96,0.6676,0.8087,0
mnist_proj,200,20005,97,0.6676,0.7577,0
mnist_proj,200,20005,98,0.6676,0.8061,0
mnist_proj,200,20005,99,0.6676,0.8367,0
mnist_proj,200,20005,100,0.6676,0.7653,0
mnist_proj,200,20005,101,0.6676,0.7755,0
mnist_proj,200,20005,102,0.6676,0.8291,0
mnist_proj,200,20005,103,0.6676,0.7653,0
mnist_proj,200,20005,104,0.6676,0.7704,0
mnist_proj,200,20005,105,0.6676,0.8163,0
mnist_proj,200,20005,106,0.6676,0.8138,0
mnist_proj,200,20005,107,0.6676,0.7908,0
mnist_proj,200,20005,108,0.6676,0.7449,0
mnist_proj,200,20005,109,0.6676,0.7755,0
mnist_proj,200,20005,110,0.6676,0.8061,0
mnist_proj,200,20005,111,0.6676,0.7934,0
mnist_proj,200,20005,112,0.6676,0.7755,0
mnist_proj,200,20005,113,0.6676,0.8061,0
mnist_proj,200,20005,114,0.6676,0.7883,0
mnist_proj,200,20005,115,0.6676,0.8342,0
mnist_proj,200,20005,116,0.6676,0.7883,0
mnist_proj,200,20005,117,0.6676,0.8138,0
mnist_proj,200,20005,118,0.6676,0.7500,0
mnist_proj,200,20005,119,0.6676,0.7653,0
mnist_proj,200,20005,120,0.6676,0.7704,0
mnist_proj,200,20005,121,0.6676,0.8214,0
mnist_proj,200,20005,122,0.6676,0.7730,0
mnist_proj,200,20005,123,0.6676,0.7832,0
mnist_proj,200,20005,124,0.6676,0.7628,0
mnist_proj,200,20005,125,0.6676,0.7908,0
mnist_proj,200,20005,126,0.6676,0.7755,0
mnist_proj,200,20005,127,0.6676,0.8265,0
mnist_proj,200,20005,128,0.6676,0.7806,0
mnist_proj,200,20005,129,0.6676,0.7908,0
mnist_proj,200,20005,130,0.6676,0.8061,0
mnist_proj,200,20005,131,0.6676,0.8189,0
mnist_proj,200,20005,132,0.6676,0.7602,0
mnist_proj,200,20005,133,0.6676,0.8163,0
mnist_proj,200,20005,134,0.6676,0.7832,0
mnist_proj,200,20005,135,0.6676,0.7959,0
mnist_proj,200,20005,136,0.6676,0.7806,0
mnist_proj,200,20005,137,0.6676,0.7628,0
mnist_proj,200,20005,138,0.6676,0.8010,0
mnist_proj,200,20005,139,0.6676,0.7806,0
mnist_proj,200,20005,140,0.6676,0.7908,0
mnist_proj,200,20005,141,0.6676,0.7577,0
mnist_proj,200,20005,142,0.6676,0.8444,0
mnist_proj,200,20005,143,0.6676,0.7755,0
mnist_proj,200,20005,144,0.6676,0.8291,0
mnist_proj,200,20005,145,0.6676,0.8163,0
mnist_proj,200,20005,146,0.6676,0.7628,0
mnist_proj,200,20005,147,0.6676,0.8112,0
mnist_proj,200,20005,148,0.6676,0.8291,0
mnist_proj,200,20005,149,0.6676,0.7934,0
mnist_proj,200,20005,150,0.6676,0.7959,0
mnist_proj,200,20005,151,0.6676,0.8010,0
mnist_proj,200,20005,152,0.6676,0.7526,0
mnist_proj,200,20005,153,0.6676,0.7806,0
mnist_proj,200,20005,154,0.6676,0.7883,0
mnist_proj,200,20005,155,0.6676,0.7857,0
mnist_proj,200,20005,156,0.6676,0.7500,0
mnist_proj,200,20005,157,0.6676,0.8469,0
mnist_proj,200,20005,158,0.6676,0.8240,0
mnist_proj,200,20005,159,0.6676,0.8495,0
mnist_proj,200,20005,160,0.6676,0.8036,0
mnist_proj,200,20005,161,0.6676,0.7372,0
mnist_proj,200,20005,162,0.6676,0.7934,0
mnist_proj,200,20005,163,0.6676,0.7628,0
mnist_proj,200,20005,164,0.6676,0.7551,0
mnist_proj,200,20005,165,0.6676,0.8036,0
mnist_proj,200,20005,166,0.6676,0.8087,0
mnist_proj,200,20005,167,0.6676,0.7219,0
mnist_proj,200,20005,168,0.6676,0.7857,0
mnist_proj,200,20005,169,0.6676,0.7653,0
mnist_proj,200,20005,170,0.6676,0.8010,0
mnist_proj,200,20005,171,0.6676,0.8061,0
mnist_proj,200,20005,172,0.6676,0.7730,0
mnist_proj,200,20005,173,0.6676,0.8010,0
mnist_proj,200,20005,174,0.6676,0.8214,0
mnist_proj,200,20005,175,0.6676,0.8163,0
mnist_proj,200,20005,176,0.6676,0.7959,0
mnist_proj,200,20005,177,0.6676,0.7423,0
mnist_proj,200,20005,178,0.6676,0.8214,0
mnist_proj,200,20005,179,0.6676,0.7985,0
mnist_proj,200,20005,180,0.6676,0.7653,0
mnist_proj,200,20005,181,0.6676,0.7704,0
mnist_proj,200,20005,182,0.6676,0.8163,0
mnist_proj,200,20005,183,0.6676,0.7577,0
mnist_proj,200,20005,184,0.6676,0.7679,0
mnist_proj,200,20005,185,0.6676,0.7908,0
mnist_proj,200,20005,186,0.6676,0.7959,0
mnist_proj,200,20005,187,0.6676,0.7730,0
mnist_proj,200,20005,188,0.6676,0.8061,0
mnist_proj,200,20005,189,0.6676,0.8163,0
mnist_proj,200,20005,190,0.6676,0.8036,0
mnist_proj,200,20005,191,0.6676,0.8520,0
mnist_proj,200,20005,192,0.6676,0.8214,0
mnist_proj,200,20005,193,0.6676,0.8036,0
mnist_proj,200,20005,194,0.6676,0.7679,0
mnist_proj,200,20005,195,0.6676,0.7730,0
mnist_proj,200,20005,196,0.6676,0.7781,0
mnist_proj,200,20005,197,0.6676,0.7730,0
mnist_proj,200,20005,198,0.6676,0.8036,0
mnist_proj,200,20005,199,0.6676,0.7959,0
random_proj,200,20005,0,-0.0005,1.0000,1
random_proj,200,20005,1,-0.0005,1.0000,1
random_proj,200,20005,2,-0.0005,1.0000,1
random_proj,200,20005,3,-0.0005,1.0000,1
random_proj,200,20005,4,-0.0005,1.0000,1
random_proj,200,20005,5,-0.0005,1.0000,1
random_proj,200,20005,6,-0.0005,1.0000,1
random_proj,200,20005,7,-0.0005,1.0000,1
random_proj,200,20005,8,-0.0005,1.0000,1
random_proj,200,20005,9,-0.0005,1.0000,1
random_proj,200,20005,10,-0.0005,1.0000,1
random_proj,200,20005,11,-0.0005,1.0000,1
random_proj,200,20005,12,-0.0005,1.0000,1
random_proj,200,20005,13,-0.0005,1.0000,1
random_proj,200,20005,14,-0.0005,1.0000,1
random_proj,200,20005,15,-0.0005,1.0000,1
random_proj,200,20005,16,-0.0005,1.0000,1
random_proj,200,20005,17,-0.0005,1.0000,1
random_proj,200,20005,18,-0.0005,1.0000,1
random_proj,200,20005,19,-0.0005,0.8112,0
random_proj,200,20005,20,-0.0005,1.0000,1
random_proj,200,20005,21,-0.0005,1.0000,1
random_proj,200,20005,22,-0.0005,1.0000,1
random_proj,200,20005,23,-0.0005,1.0000,1
random_proj,200,20005,24,-0.0005,1.0000,1
random_proj,200,20005,25,-0.0005,1.0000,1
random_proj,200,20005,26,-0.0005,1.0000,1
random_proj,200,20005,27,-0.0005,1.0000,1
random_proj,200,20005,28,-0.0005,1.0000,1
random_proj,200,20005,29,-0.0005,1.0000,1
random_proj,200,20005,30,-0.0005,1.0000,1
random_proj,200,20005,31,-0.0005,1.0000,1
random_proj,200,20005,32,-0.0005,1.0000,1
random_proj,200,20005,33,-0.0005,1.0000,1
random_proj,200,20005,34,-0.0005,1.0000,1
random_proj,200,20005,35,-0.0005,1.0000,1
random_proj,200,20005,36,-0.0005,1.0000,1
random_proj,200,20005,37,-0.0005,1.0000,1
random_proj,200,20005,38,-0.0005,1.0000,1
random_proj,200,20005,39,-0.0005,1.0000,1
random_proj,200,20005,40,-0.0005,1.0000,1
random_proj,200,20005,41,-0.0005,1.0000,1
random_proj,200,20005,42,-0.0005,1.0000,1
random_proj,200,20005,43,-0.0005,0.8240,0
random_proj,200,20005,44,-0.0005,1.0000,1
random_proj,200,20005,45,-0.0005,1.0000,1
random_proj,200,20005,46,-0.0005,1.0000,1
random_proj,200,20005,47,-0.0005,1.0000,1
random_proj,200,20005,48,-0.0005,1.0000,1
random_proj,200,20005,49,-0.0005,1.0000,1
random_proj,200,20005,50,-0.0005,1.0000,1
random_proj,200,20005,51,-0.0005,1.0000,1
random_proj,200,20005,52,-0.0005,0.8750,0
random_proj,200,20005,53,-0.0005,0.8648,0
random_proj,200,20005,54,-0.0005,1.0000,1
random_proj,200,20005,55,-0.0005,1.0000,1
random_proj,200,20005,56,-0.0005,1.0000,1
random_proj,200,20005,57,-0.0005,1.0000,1
random_proj,200,20005,58,-0.0005,1.0000,1
random_proj,200,20005,59,-0.0005,1.0000,1
random_proj,200,20005,60,-0.0005,0.8087,0
random_proj,200,20005,61,-0.0005,1.0000,1
random_proj,200,20005,62,-0.0005,1.0000,1
random_proj,200,20005,63,-0.0005,1.0000,1
random_proj,200,20005,64,-0.0005,0.7959,0
random_proj,200,20005,65,-0.0005,0.8929,0
random_proj,200,20005,66,-0.0005,1.0000,1
random_proj,200,20005,67,-0.0005,1.0000,1
random_proj,200,20005,68,-0.0005,1.0000,1
random_proj,200,20005,69,-0.0005,1.0000,1
random_proj,200,20005,70,-0.0005,1.0000,1
random_proj,200,20005,71,-0.0005,1.0000,1
random_proj,200,20005,72,-0.0005,1.0000,1
random_proj,200,20005,73,-0.0005,1.0000,1
random_proj,200,20005,74,-0.0005,1.0000,1
random_proj,200,20005,75,-0.0005,1.0000,1
random_proj,200,20005,76,-0.0005,1.0000,1
random_proj,200,20005,77,-0.0005,1.0000,1
random_proj,200,20005,78,-0.0005,1.0000,1
random_proj,200,20005,79,-0.0005,1.0000,1
random_proj,200,20005,80,-0.0005,1.0000,1
random_proj,200,20005,81,-0.0005,1.0000,1
random_proj,200,20005,82,-0.0005,1.0000,1
random_proj,200,20005,83,-0.0005,1.0000,1
random_proj,200,20005,84,-0.0005,1.0000,1
random_proj,200,20005,85,-0.0005,1.0000,1
random_proj,200,20005,86,-0.0005,1.0000,1
random_proj,200,20005,87,-0.0005,1.0000,1
random_proj,200,20005,88,-0.0005,1.0000,1
random_proj,200,20005,89,-0.0005,1.0000,1
random_proj,200,20005,90,-0.0005,1.0000,1
random_proj,200,20005,91,-0.0005,1.0000,1
random_proj,200,20005,92,-0.0005,1.0000,1
random_proj,200,20005,93,-0.0005,1.0000,1
random_proj,200,20005,94,-0.0005,1.0000,1
random_proj,200,20005,95,-0.0005,1.0000,1
random_proj,200,20005,96,-0.0005,1.0000,1
random_proj,200,20005,97,-0.0005,1.0000,1
random_proj,200,20005,98,-0.0005,1.0000,1
random_proj,200,20005,99,-0.0005,1.0000,1
random_proj,200,20005,100,-0.0005,1.0000,1
random_proj,200,20005,101,-0.0005,1.0000,1
random_proj,200,20005,102,-0.0005,1.0000,1
random_proj,200,20005,103,-0.0005,1.0000,1
random_proj,200,20005,104,-0.0005,1.0000,1
random_proj,200,20005,105,-0.0005,1.0000,1
random_proj,200,20005,106,-0.0005,1.0000,1
random_proj,200,20005,107,-0.0005,1.0000,1
random_proj,200,20005,108,-0.0005,1.0000,1
random_proj,200,20005,109,-0.0005,1.0000,1
random_proj,200,20005,110,-0.0005,1.0000,1
random_proj,200,20005,111,-0.0005,0.8189,0
random_proj,200,20005,112,-0.0005,0.9005,0
random_proj,200,20005,113,-0.0005,1.0000,1
random_proj,200,20005,114,-0.0005,1.0000,1
random_proj,200,20005,115,-0.0005,1.0000,1
random_proj,200,20005,116,-0.0005,1.0000,1
random_proj,200,20005,117,-0.0005,1.0000,1
random_proj,200,20005,118,-0.0005,1.0000,1
random_proj,200,20005,119,-0.0005,0.8622,0
random_proj,200,20005,120,-0.0005,1.0000,1
random_proj,200,20005,121,-0.0005,1.0000,1
random_proj,200,20005,122,-0.0005,1.0000,1
random_proj,200,20005,123,-0.0005,1.0000,1
random_proj,200,20005,124,-0.0005,1.0000,1
random_proj,200,20005,125,-0.0005,1.0000,1
random_proj,200,20005,126,-0.0005,1.0000,1
random_proj,200,20005,127,-0.0005,1.0000,1
random_proj,200,20005,128,-0.0005,1.0000,1
random_proj,200,20005,129,-0.0005,1.0000,1
random_proj,200,20005,130,-0.0005,1.0000,1
random_proj,200,20005,131,-0.0005,1.0000,1
random_proj,200,20005,132,-0.0005,1.0000,1
random_proj,200,20005,133,-0.0005,1.0000,1
random_proj,200,20005,134,-0.0005,1.0000,1
random_proj,200,20005,135,-0.0005,1.0000,1
random_proj,200,20005,136,-0.0005,1.0000,1
random_proj,200,20005,137,-0.0005,1.0000,1
random_proj,200,20005,138,-0.0005,1.0000,1
random_proj,200,20005,139,-0.0005,1.0000,1
random_proj,200,20005,140,-0.0005,1.0000,1
random_proj,200,20005,141,-0.0005,1.0000,1
random_proj,200,20005,142,-0.0005,1.0000,1
random_proj,200,20005,143,-0.0005,1.0000,1
random_proj,200,20005,144,-0.0005,1.0000,1
random_proj,200,20005,145,-0.0005,1.0000,1
random_proj,200,20005,146,-0.0005,1.0000,1
random_proj,200,20005,147,-0.0005,1.0000,1
random_proj,200,20005,148,-0.0005,1.0000,1
random_proj,200,20005,149,-0.0005,1.0000,1
random_proj,200,20005,150,-0.0005,1.0000,1
random_proj,200,20005,151,-0.0005,1.0000,1
random_proj,200,20005,152,-0.0005,1.0000,1
random_proj,200,20005,153,-0.0005,1.0000,1
random_proj,200,20005,154,-0.0005,1.0000,1
random_proj,200,20005,155,-0.0005,1.0000,1
random_proj,200,20005,156,-0.0005,1.0000,1
random_proj,200,20005,157,-0.0005,1.0000,1
random_proj,200,20005,158,-0.0005,1.0000,1
random_proj,200,20005,159,-0.0005,1.0000,1
random_proj,200,20005,160,-0.0005,1.0000,1
random_proj,200,20005,161,-0.0005,1.0000,1
random_proj,200,20005,162,-0.0005,1.0000,1
random_proj,200,20005,163,-0.0005,1.0000,1
random_proj,200,20005,164,-0.0005,1.0000,1
random_proj,200,20005,165,-0.0005,1.0000,1
random_proj,200,20005,166,-0.0005,1.0000,1
random_proj,200,20005,167,-0.0005,1.0000,1
random_proj,200,20005,168,-0.0005,1.0000,1
random_proj,200,20005,169,-0.0005,1.0000,1
random_proj,200,20005,170,-0.0005,1.0000,1
random_proj,200,20005,171,-0.0005,1.0000,1
random_proj,200,20005,172,-0.0005,1.0000,1
random_proj,200,20005,173,-0.0005,1.0000,1
random_proj,200,20005,174,-0.0005,1.0000,1
random_proj,200,20005,175,-0.0005,1.0000,1
random_proj,200,20005,176,-0.0005,1.0000,1
random_proj,200,20005,177,-0.0005,1.0000,1
random_proj,200,20005,178,-0.0005,0.8214,0
random_proj,200,20005,179,-0.0005,1.0000,1
random_proj,200,20005,180,-0.0005,1.0000,1
random_proj,200,20005,181,-0.0005,1.0000,1
random_proj,200,20005,182,-0.0005,1.0000,1
random_proj,200,20005,183,-0.0005,1.0000,1
random_proj,200,20005,184,-0.0005,1.0000,1
random_proj,200,20005,185,-0.0005,1.0000,1
random_proj,200,20005,186,-0.0005,1.0000,1
random_proj,200,20005,187,-0.0005,1.0000,1
random_proj,200,20005,188,-0.0005,1.0000,1
random_proj,200,20005,189,-0.0005,1.0000,1
random_proj,200,20005,190,-0.0005,1.0000,1
random_proj,200,20005,191,-0.0005,1.0000,1
random_proj,200,20005,192,-0.0005,1.0000,1
random_proj,200,20005,193,-0.0005,1.0000,1
random_proj,200,20005,194,-0.0005,1.0000,1
random_proj,200,20005,195,-0.0005,1.0000,1
random_proj,200,20005,196,-0.0005,1.0000,1
random_proj,200,20005,197,-0.0005,1.0000,1
random_proj,200,20005,198,-0.0005,1.0000,1
random_proj,200,20005,199,-0.0005,1.0000,1
mnist_proj,200,20006,0,0.6676,0.7959,0
mnist_proj,200,20006,1,0.6676,0.7908,0
mnist_proj,200,20006,2,0.6676,0.8087,0
mnist_proj,200,20006,3,0.6676,0.8214,0
mnist_proj,200,20006,4,0.6676,0.7755,0
mnist_proj,200,20006,5,0.6676,0.7449,0
mnist_proj,200,20006,6,0.6676,0.8265,0
mnist_proj,200,20006,7,0.6676,0.7883,0
mnist_proj,200,20006,8,0.6676,0.8291,0
mnist_proj,200,20006,9,0.6676,0.7781,0
mnist_proj,200,20006,10,0.6676,0.7781,0
mnist_proj,200,20006,11,0.6676,0.7883,0
mnist_proj,200,20006,12,0.6676,0.7679,0
mnist_proj,200,20006,13,0.6676,0.8214,0
mnist_proj,200,20006,14,0.6676,0.7806,0
mnist_proj,200,20006,15,0.6676,0.7832,0
mnist_proj,200,20006,16,0.6676,0.7985,0
mnist_proj,200,20006,17,0.6676,0.7985,0
mnist_proj,200,20006,18,0.6676,0.8163,0
mnist_proj,200,20006,19,0.6676,0.8036,0
mnist_proj,200,20006,20,0.6676,0.7806,0
mnist_proj,200,20006,21,0.6676,0.7832,0
mnist_proj,200,20006,22,0.6676,0.7908,0
mnist_proj,200,20006,23,0.6676,0.7959,0
mnist_proj,200,20006,24,0.6676,0.8036,0
mnist_proj,200,20006,25,0.6676,0.7934,0
mnist_proj,200,20006,26,0.6676,0.7628,0
mnist_proj,200,20006,27,0.6676,0.8189,0
mnist_proj,200,20006,28,0.6676,0.8010,0
mnist_proj,200,20006,29,0.6676,0.8036,0
mnist_proj,200,20006,30,0.6676,0.8010,0
mnist_proj,200,20006,31,0.6676,0.7628,0
mnist_proj,200,20006,32,0.6676,0.7934,0
mnist_proj,200,20006,33,0.6676,0.8189,0
mnist_proj,200,20006,34,0.6676,0.7551,0
mnist_proj,200,20006,35,0.6676,0.7883,0
mnist_proj,200,20006,36,0.6676,0.7908,0
mnist_proj,200,20006,37,0.6676,0.7959,0
mnist_proj,200,20006,38,0.6676,0.8240,0
mnist_proj,200,20006,39,0.6676,0.7959,0
mnist_proj,200,20006,40,0.6676,0.8163,0
mnist_proj,200,20006,41,0.6676,0.8138,0
mnist_proj,200,20006,42,0.6676,0.7806,0
mnist_proj,200,20006,43,0.6676,0.7474,0
mnist_proj,200,20006,44,0.6676,0.8265,0
mnist_proj,200,20006,45,0.6676,0.8316,0
mnist_proj,200,20006,46,0.6676,0.8036,0
mnist_proj,200,20006,47,0.6676,0.7934,0
mnist_proj,200,20006,48,0.6676,0.8214,0
mnist_proj,200,20006,49,0.6676,0.7628,0
mnist_proj,200,20006,50,0.6676,0.8495,0
mnist_proj,200,20006,51,0.6676,0.7832,0
mnist_proj,200,20006,52,0.6676,0.7832,0
mnist_proj,200,20006,53,0.6676,0.7959,0
mnist_proj,200,20006,54,0.6676,0.7883,0
mnist_proj,200,20006,55,0.6676,0.7832,0
mnist_proj,200,20006,56,0.6676,0.7679,0
mnist_proj,200,20006,57,0.6676,0.7551,0
mnist_proj,200,20006,58,0.6676,0.7755,0
mnist_proj,200,20006,59,0.6676,0.7934,0
mnist_proj,200,20006,60,0.6676,0.7143,0
mnist_proj,200,20006,61,0.6676,0.7883,0
mnist_proj,200,20006,62,0.6676,0.7985,0
mnist_proj,200,20006,63,0.6676,0.8061,0
mnist_proj,200,20006,64,0.6676,0.8240,0
mnist_proj,200,20006,65,0.6676,0.8265,0
mnist_proj,200,20006,66,0.6676,0.8265,0
mnist_proj,200,20006,67,0.6676,0.8061,0
mnist_proj,200,20006,68,0.6676,0.8265,0
mnist_proj,200,20006,69,0.6676,0.8010,0
mnist_proj,200,20006,70,0.6676,0.8138,0
mnist_proj,200,20006,71,0.6676,0.8214,0
mnist_proj,200,20006,72,0.6676,0.7755,0
mnist_proj,200,20006,73,0.6676,0.7679,0
mnist_proj,200,20006,74,0.6676,0.8036,0
mnist_proj,200,20006,75,0.6676,0.7934,0
mnist_proj,200,20006,76,0.6676,0.7908,0
mnist_proj,200,20006,77,0.6676,0.7704,0
mnist_proj,200,20006,78,0.6676,0.7730,0
mnist_proj,200,20006,79,0.6676,0.7245,0
mnist_proj,200,20006,80,0.6676,0.8367,0
mnist_proj,200,20006,81,0.6676,0.7959,0
mnist_proj,200,20006,82,0.6676,0.7602,0
mnist_proj,200,20006,83,0.6676,0.8087,0
mnist_proj,200,20006,84,0.6676,0.8469,0
mnist_proj,200,20006,85,0.6676,0.7679,0
mnist_proj,200,20006,86,0.6676,0.7934,0
mnist_proj,200,20006,87,0.6676,0.8061,0
mnist_proj,200,20006,88,0.6676,0.8163,0
mnist_proj,200,20006,89,0.6676,0.7602,0
mnist_proj,200,20006,90,0.6676,0.7755,0
mnist_proj,200,20006,91,0.6676,0.8214,0
mnist_proj,200,20006,92,0.6676,0.7781,0
mnist_proj,200,20006,93,0.6676,0.8469,0
mnist_proj,200,20006,94,0.6676,0.7959,0
mnist_proj,200,20006,95,0.6676,0.7883,0
mnist_proj,200,20006,96,0.6676,0.7857,0
mnist_proj,200,20006,97,0.6676,0.7755,0
mnist_proj,200,20006,98,0.6676,0.8265,0
mnist_proj,200,20006,99,0.6676,0.8010,0
mnist_proj,200,20006,100,0.6676,0.7321,0
mnist_proj,200,20006,101,0.6676,0.8163,0
mnist_proj,200,20006,102,0.6676,0.7296,0
mnist_proj,200,20006,103,0.6676,0.7730,0
mnist_proj,200,20006,104,0.6676,0.7781,0
mnist_proj,200,20006,105,0.6676,0.7959,0
mnist_proj,200,20006,106,0.6676,0.7704,0
mnist_proj,200,20006,107,0.6676,0.8342,0
mnist_proj,200,20006,108,0.6676,0.8163,0
mnist_proj,200,20006,109,0.6676,0.7934,0
mnist_proj,200,20006,110,0.6676,0.8138,0
mnist_proj,200,20006,111,0.6676,0.7832,0
mnist_proj,200,20006,112,0.6676,0.8087,0
mnist_proj,200,20006,113,0.6676,0.7832,0
mnist_proj,200,20006,114,0.6676,0.8010,0
mnist_proj,200,20006,115,0.6676,0.7704,0
mnist_proj,200,20006,116,0.6676,0.7781,0
mnist_proj,200,20006,117,0.6676,0.7730,0
mnist_proj,200,20006,118,0.6676,0.7908,0
mnist_proj,200,20006,119,0.6676,0.8163,0
mnist_proj,200,20006,120,0.6676,0.8061,0
mnist_proj,200,20006,121,0.6676,0.7449,0
mnist_proj,200,20006,122,0.6676,0.7832,0
mnist_proj,200,20006,123,0.6676,0.7551,0
mnist_proj,200,20006,124,0.6676,0.7755,0
mnist_proj,200,20006,125,0.6676,0.8163,0
mnist_proj,200,20006,126,0.6676,0.7883,0
mnist_proj,200,20006,127,0.6676,0.8138,0
mnist_proj,200,20006,128,0.6676,0.7832,0
mnist_proj,200,20006,129,0.6676,0.8010,0
mnist_proj,200,20006,130,0.6676,0.8061,0
mnist_proj,200,20006,131,0.6676,0.7704,0
mnist_proj,200,20006,132,0.6676,0.7908,0
mnist_proj,200,20006,133,0.6676,0.7653,0
mnist_proj,200,20006,134,0.6676,0.8214,0
mnist_proj,200,20006,135,0.6676,0.7755,0
mnist_proj,200,20006,136,0.6676,0.7551,0
mnist_proj,200,20006,137,0.6676,0.8010,0
mnist_proj,200,20006,138,0.6676,0.8265,0
mnist_proj,200,20006,139,0.6676,0.8189,0
mnist_proj,200,20006,140,0.6676,0.7781,0
mnist_proj,200,20006,141,0.6676,0.8061,0
mnist_proj,200,20006,142,0.6676,0.7959,0
mnist_proj,200,20006,143,0.6676,0.7704,0
mnist_proj,200,20006,144,0.6676,0.7704,0
mnist_proj,200,20006,145,0.6676,0.8291,0
mnist_proj,200,20006,146,0.6676,0.7704,0
mnist_proj,200,20006,147,0.6676,0.8036,0
mnist_proj,200,20006,148,0.6676,0.7883,0
mnist_proj,200,20006,149,0.6676,0.8112,0
mnist_proj,200,20006,150,0.6676,0.8010,0
mnist_proj,200,20006,151,0.6676,0.8087,0
mnist_proj,200,20006,152,0.6676,0.7755,0
mnist_proj,200,20006,153,0.6676,0.8036,0
mnist_proj,200,20006,154,0.6676,0.7883,0
mnist_proj,200,20006,155,0.6676,0.8138,0
mnist_proj,200,20006,156,0.6676,0.7781,0
mnist_proj,200,20006,157,0.6676,0.7730,0
mnist_proj,200,20006,158,0.6676,0.8061,0
mnist_proj,200,20006,159,0.6676,0.7883,0
mnist_proj,200,20006,160,0.6676,0.8189,0
mnist_proj,200,20006,161,0.6676,0.7857,0
mnist_proj,200,20006,162,0.6676,0.7755,0
mnist_proj,200,20006,163,0.6676,0.8036,0
mnist_proj,200,20006,164,0.6676,0.7857,0
mnist_proj,200,20006,165,0.6676,0.8342,0
mnist_proj,200,20006,166,0.6676,0.7526,0
mnist_proj,200,20006,167,0.6676,0.8112,0
mnist_proj,200,20006,168,0.6676,0.7296,0
mnist_proj,200,20006,169,0.6676,0.8061,0
mnist_proj,200,20006,170,0.6676,0.8010,0
mnist_proj,200,20006,171,0.6676,0.7679,0
mnist_proj,200,20006,172,0.6676,0.7143,0
mnist_proj,200,20006,173,0.6676,0.8240,0
mnist_proj,200,20006,174,0.6676,0.8061,0
mnist_proj,200,20006,175,0.6676,0.7959,0
mnist_proj,200,20006,176,0.6676,0.7730,0
mnist_proj,200,20006,177,0.6676,0.8189,0
mnist_proj,200,20006,178,0.6676,0.7602,0
mnist_proj,200,20006,179,0.6676,0.7959,0
mnist_proj,200,20006,180,0.6676,0.7934,0
mnist_proj,200,20006,181,0.6676,0.7653,0
mnist_proj,200,20006,182,0.6676,0.7832,0
mnist_proj,200,20006,183,0.6676,0.7679,0
mnist_proj,200,20006,184,0.6676,0.7730,0
mnist_proj,200,20006,185,0.6676,0.7755,0
mnist_proj,200,20006,186,0.6676,0.7806,0
mnist_proj,200,20006,187,0.6676,0.7730,0
mnist_proj,200,20006,188,0.6676,0.7959,0
mnist_proj,200,20006,189,0.6676,0.7781,0
mnist_proj,200,20006,190,0.6676,0.8342,0
mnist_proj,200,20006,191,0.6676,0.7832,0
mnist_proj,200,20006,192,0.6676,0.8010,0
mnist_proj,200,20006,193,0.6676,0.7934,0
mnist_proj,200,20006,194,0.6676,0.7577,0
mnist_proj,200,20006,195,0.6676,0.7679,0
mnist_proj,200,20006,196,0.6676,0.7500,0
mnist_proj,200,20006,197,0.6676,0.7730,0
mnist_proj,200,20006,198,0.6676,0.7908,0
mnist_proj,200,20006,199,0.6676,0.8061,0
random_proj,200,20006,0,-0.0000,1.0000,1
random_proj,200,20006,1,-0.0000,1.0000,1
random_proj,200,20006,2,-0.0000,1.0000,1
random_proj,200,20006,3,-0.0000,1.0000,1
random_proj,200,20006,4,-0.0000,1.0000,1
random_proj,200,20006,5,-0.0000,1.0000,1
random_proj,200,20006,6,-0.0000,1.0000,1
random_proj,200,20006,7,-0.0000,1.0000,1
random_proj,200,20006,8,-0.0000,1.0000,1
random_proj,200,20006,9,-0.0000,1.0000,1
random_proj,200,20006,10,-0.0000,1.0000,1
random_proj,200,20006,11,-0.0000,0.8112,0
random_proj,200,20006,12,-0.0000,1.0000,1
random_proj,200,20006,13,-0.0000,1.0000,1
random_proj,200,20006,14,-0.0000,1.0000,1
random_proj,200,20006,15,-0.0000,1.0000,1
random_proj,200,20006,16,-0.0000,1.0000,1
random_proj,200,20006,17,-0.0000,1.0000,1
random_proj,200,20006,18,-0.0000,1.0000,1
random_proj,200,20006,19,-0.0000,1.0000,1
random_proj,200,20006,20,-0.0000,1.0000,1
random_proj,200,20006,21,-0.0000,1.0000,1
random_proj,200,20006,22,-0.0000,1.0000,1
random_proj,200,20006,23,-0.0000,1.0000,1
random_proj,200,20006,24,-0.0000,1.0000,1
random_proj,200,20006,25,-0.0000,1.0000,1
random_proj,200,20006,26,-0.0000,1.0000,1
random_proj,200,20006,27,-0.0000,1.0000,1
random_proj,200,20006,28,-0.0000,1.0000,1
random_proj,200,20006,29,-0.0000,1.0000,1
random_proj,200,20006,30,-0.0000,1.0000,1
random_proj,200,20006,31,-0.0000,1.0000,1
random_proj,200,20006,32,-0.0000,1.0000,1
random_proj,200,20006,33,-0.0000,1.0000,1
random_proj,200,20006,34,-0.0000,1.0000,1
random_proj,200,20006,35,-0.0000,1.0000,1
random_proj,200,20006,36,-0.0000,1.0000,1
random_proj,200,20006,37,-0.0000,1.0000,1
random_proj,200,20006,38,-0.0000,1.0000,1
random_proj,200,20006,39,-0.0000,1.0000,1
random_proj,200,20006,40,-0.0000,1.0000,1
random_proj,200,20006,41,-0.0000,1.0000,1
random_proj,200,20006,42,-0.0000,1.0000,1
random_proj,200,20006,43,-0.0000,1.0000,1
random_proj,200,20006,44,-0.0000,1.0000,1
random_proj,200,20006,45,-0.0000,1.0000,1
random_proj,200,20006,46,-0.0000,1.0000,1
random_proj,200,20006,47,-0.0000,1.0000,1
random_proj,200,20006,48,-0.0000,1.0000,1
random_proj,200,20006,49,-0.0000,1.0000,1
random_proj,200,20006,50,-0.0000,1.0000,1
random_proj,200,20006,51,-0.0000,1.0000,1
random_proj,200,20006,52,-0.0000,1.0000,1
random_proj,200,20006,53,-0.0000,1.0000,1
random_proj,200,20006,54,-0.0000,1.0000,1
random_proj,200,20006,55,-0.0000,1.0000,1
random_proj,200,20006,56,-0.0000,1.0000,1
random_proj,200,20006,57,-0.0000,1.0000,1
random_proj,200,20006,58,-0.0000,1.0000,1
random_proj,200,20006,59,-0.0000,1.0000,1
random_proj,200,20006,60,-0.0000,1.0000,1
random_proj,200,20006,61,-0.0000,1.0000,1
random_proj,200,20006,62,-0.0000,1.0000,1
random_proj,200,20006,63,-0.0000,0.8036,0
random_proj,200,20006,64,-0.0000,1.0000,1
random_proj,200,20006,65,-0.0000,1.0000,1
random_proj,200,20006,66,-0.0000,1.0000,1
random_proj,200,20006,67,-0.0000,1.0000,1
random_proj,200,20006,68,-0.0000,1.0000,1
random_proj,200,20006,69,-0.0000,1.0000,1
random_proj,200,20006,70,-0.0000,1.0000,1
random_proj,200,20006,71,-0.0000,1.0000,1
random_proj,200,20006,72,-0.0000,1.0000,1
random_proj,200,20006,73,-0.0000,1.0000,1
random_proj,200,20006,74,-0.0000,1.0000,1
random_proj,200,20006,75,-0.0000,1.0000,1
random_proj,200,20006,76,-0.0000,1.0000,1
random_proj,200,20006,77,-0.0000,1.0000,1
random_proj,200,20006,78,-0.0000,1.0000,1
random_proj,200,20006,79,-0.0000,1.0000,1
random_proj,200,20006,80,-0.0000,1.0000,1
random_proj,200,20006,81,-0.0000,1.0000,1
random_proj,200,20006,82,-0.0000,1.0000,1
random_proj,200,20006,83,-0.0000,1.0000,1
random_proj,200,20006,84,-0.0000,1.0000,1
random_proj,200,20006,85,-0.0000,1.0000,1
random_proj,200,20006,86,-0.0000,1.0000,1
random_proj,200,20006,87,-0.0000,1.0000,1
random_proj,200,20006,88,-0.0000,1.0000,1
random_proj,200,20006,89,-0.0000,1.0000,1
random_proj,200,20006,90,-0.0000,1.0000,1
random_proj,200,20006,91,-0.0000,1.0000,1
random_proj,200,20006,92,-0.0000,1.0000,1
random_proj,200,20006,93,-0.0000,1.0000,1
random_proj,200,20006,94,-0.0000,1.0000,1
random_proj,200,20006,95,-0.0000,1.0000,1
random_proj,200,20006,96,-0.0000,1.0000,1
random_proj,200,20006,97,-0.0000,1.0000,1
random_proj,200,20006,98,-0.0000,1.0000,1
random_proj,200,20006,99,-0.0000,1.0000,1
random_proj,200,20006,100,-0.0000,1.0000,1
random_proj,200,20006,101,-0.0000,1.0000,1
random_proj,200,20006,102,-0.0000,1.0000,1
random_proj,200,20006,103,-0.0000,1.0000,1
random_proj,200,20006,104,-0.0000,1.0000,1
random_proj,200,20006,105,-0.0000,1.0000,1
random_proj,200,20006,106,-0.0000,1.0000,1
random_proj,200,20006,107,-0.0000,0.8291,0
random_proj,200,20006,108,-0.0000,1.0000,1
random_proj,200,20006,109,-0.0000,1.0000,1
random_proj,200,20006,110,-0.0000,1.0000,1
random_proj,200,20006,111,-0.0000,1.0000,1
random_proj,200,20006,112,-0.0000,1.0000,1
random_proj,200,20006,113,-0.0000,1.0000,1
random_proj,200,20006,114,-0.0000,1.0000,1
random_proj,200,20006,115,-0.0000,0.8724,0
random_proj,200,20006,116,-0.0000,1.0000,1
random_proj,200,20006,117,-0.0000,1.0000,1
random_proj,200,20006,118,-0.0000,1.0000,1
random_proj,200,20006,119,-0.0000,1.0000,1
random_proj,200,20006,120,-0.0000,0.8827,0
random_proj,200,20006,121,-0.0000,1.0000,1
random_proj,200,20006,122,-0.0000,1.0000,1
random_proj,200,20006,123,-0.0000,0.8214,0
random_proj,200,20006,124,-0.0000,1.0000,1
random_proj,200,20006,125,-0.0000,1.0000,1
random_proj,200,20006,126,-0.0000,1.0000,1
random_proj,200,20006,127,-0.0000,1.0000,1
random_proj,200,20006,128,-0.0000,1.0000,1
random_proj,200,20006,129,-0.0000,1.0000,1
random_proj,200,20006,130,-0.0000,1.0000,1
random_proj,200,20006,131,-0.0000,0.8342,0
random_proj,200,20006,132,-0.0000,1.0000,1
random_proj,200,20006,133,-0.0000,1.0000,1
random_proj,200,20006,134,-0.0000,1.0000,1
random_proj,200,20006,135,-0.0000,1.0000,1
random_proj,200,20006,136,-0.0000,1.0000,1
random_proj,200,20006,137,-0.0000,1.0000,1
random_proj,200,20006,138,-0.0000,1.0000,1
random_proj,200,20006,139,-0.0000,1.0000,1
random_proj,200,20006,140,-0.0000,1.0000,1
random_proj,200,20006,141,-0.0000,1.0000,1
random_proj,200,20006,142,-0.0000,1.0000,1
random_proj,200,20006,143,-0.0000,1.0000,1
random_proj,200,20006,144,-0.0000,1.0000,1
random_proj,200,20006,145,-0.0000,1.0000,1
random_proj,200,20006,146,-0.0000,1.0000,1
random_proj,200,20006,147,-0.0000,1.0000,1
random_proj,200,20006,148,-0.0000,1.0000,1
random_proj,200,20006,149,-0.0000,1.0000,1
random_proj,200,20006,150,-0.0000,1.0000,1
random_proj,200,20006,151,-0.0000,1.0000,1
random_proj,200,20006,152,-0.0000,1.0000,1
random_proj,200,20006,153,-0.0000,0.8776,0
random_proj,200,20006,154,-0.0000,1.0000,1
random_proj,200,20006,155,-0.0000,1.0000,1
random_proj,200,20006,156,-0.0000,1.0000,1
random_proj,200,20006,157,-0.0000,1.0000,1
random_proj,200,20006,158,-0.0000,1.0000,1
random_proj,200,20006,159,-0.0000,1.0000,1
random_proj,200,20006,160,-0.0000,1.0000,1
random_proj,200,20006,161,-0.0000,0.8316,0
random_proj,200,20006,162,-0.0000,1.0000,1
random_proj,200,20006,163,-0.0000,1.0000,1
random_proj,200,20006,164,-0.0000,1.0000,1
random_proj,200,20006,165,-0.0000,1.0000,1
random_proj,200,20006,166,-0.0000,1.0000,1
random_proj,200,20006,167,-0.0000,1.0000,1
random_proj,200,20006,168,-0.0000,1.0000,1
random_proj,200,20006,169,-0.0000,1.0000,1
random_proj,200,20006,170,-0.0000,1.0000,1
random_proj,200,20006,171,-0.0000,1.0000,1
random_proj,200,20006,172,-0.0000,1.0000,1
random_proj,200,20006,173,-0.0000,1.0000,1
random_proj,200,20006,174,-0.0000,1.0000,1
random_proj,200,20006,175,-0.0000,1.0000,1
random_proj,200,20006,176,-0.0000,0.8393,0
random_proj,200,20006,177,-0.0000,1.0000,1
random_proj,200,20006,178,-0.0000,0.8189,0
random_proj,200,20006,179,-0.0000,1.0000,1
random_proj,200,20006,180,-0.0000,1.0000,1
random_proj,200,20006,181,-0.0000,1.0000,1
random_proj,200,20006,182,-0.0000,1.0000,1
random_proj,200,20006,183,-0.0000,1.0000,1
random_proj,200,20006,184,-0.0000,1.0000,1
random_proj,200,20006,185,-0.0000,1.0000,1
random_proj,200,20006,186,-0.0000,1.0000,1
random_proj,200,20006,187,-0.0000,1.0000,1
random_proj,200,20006,188,-0.0000,1.0000,1
random_proj,200,20006,189,-0.0000,1.0000,1
random_proj,200,20006,190,-0.0000,1.0000,1
random_proj,200,20006,191,-0.0000,1.0000,1
random_proj,200,20006,192,-0.0000,1.0000,1
random_proj,200,20006,193,-0.0000,1.0000,1
random_proj,200,20006,194,-0.0000,1.0000,1
random_proj,200,20006,195,-0.0000,1.0000,1
random_proj,200,20006,196,-0.0000,1.0000,1
random_proj,200,20006,197,-0.0000,1.0000,1
random_proj,200,20006,198,-0.0000,1.0000,1
random_proj,200,20006,199,-0.0000,1.0000,1
mnist_proj,200,20007,0,0.6676,0.7985,0
mnist_proj,200,20007,1,0.6676,0.7679,0
mnist_proj,200,20007,2,0.6676,0.8036,0
mnist_proj,200,20007,3,0.6676,0.7628,0
mnist_proj,200,20007,4,0.6676,0.7959,0
mnist_proj,200,20007,5,0.6676,0.7934,0
mnist_proj,200,20007,6,0.6676,0.8036,0
mnist_proj,200,20007,7,0.6676,0.7781,0
mnist_proj,200,20007,8,0.6676,0.8163,0
mnist_proj,200,20007,9,0.6676,0.7857,0
mnist_proj,200,20007,10,0.6676,0.7653,0
mnist_proj,200,20007,11,0.6676,0.8112,0
mnist_proj,200,20007,12,0.6676,0.7934,0
mnist_proj,200,20007,13,0.6676,0.7832,0
mnist_proj,200,20007,14,0.6676,0.7857,0
mnist_proj,200,20007,15,0.6676,0.7832,0
mnist_proj,200,20007,16,0.6676,0.7781,0
mnist_proj,200,20007,17,0.6676,0.8214,0
mnist_proj,200,20007,18,0.6676,0.7526,0
mnist_proj,200,20007,19,0.6676,0.7908,0
mnist_proj,200,20007,20,0.6676,0.8112,0
mnist_proj,200,20007,21,0.6676,0.7653,0
mnist_proj,200,20007,22,0.6676,0.7857,0
mnist_proj,200,20007,23,0.6676,0.8010,0
mnist_proj,200,20007,24,0.6676,0.8010,0
mnist_proj,200,20007,25,0.6676,0.7781,0
mnist_proj,200,20007,26,0.6676,0.7602,0
mnist_proj,200,20007,27,0.6676,0.7653,0
mnist_proj,200,20007,28,0.6676,0.7781,0
mnist_proj,200,20007,29,0.6676,0.8699,0
mnist_proj,200,20007,30,0.6676,0.7985,0
mnist_proj,200,20007,31,0.6676,0.8240,0
mnist_proj,200,20007,32,0.6676,0.8010,0
mnist_proj,200,20007,33,0.6676,0.7602,0
mnist_proj,200,20007,34,0.6676,0.8112,0
mnist_proj,200,20007,35,0.6676,0.7679,0
mnist_proj,200,20007,36,0.6676,0.7321,0
mnist_proj,200,20007,37,0.6676,0.7985,0
mnist_proj,200,20007,38,0.6676,0.7883,0
mnist_proj,200,20007,39,0.6676,0.8265,0
mnist_proj,200,20007,40,0.6676,0.8061,0
mnist_proj,200,20007,41,0.6676,0.8010,0
mnist_proj,200,20007,42,0.6676,0.7653,0
mnist_proj,200,20007,43,0.6676,0.8112,0
mnist_proj,200,20007,44,0.6676,0.8061,0
mnist_proj,200,20007,45,0.6676,0.7806,0
mnist_proj,200,20007,46,0.6676,0.8112,0
mnist_proj,200,20007,47,0.6676,0.8138,0
mnist_proj,200,20007,48,0.6676,0.7577,0
mnist_proj,200,20007,49,0.6676,0.7934,0
mnist_proj,200,20007,50,0.6676,0.7883,0
mnist_proj,200,20007,51,0.6676,0.7679,0
mnist_proj,200,20007,52,0.6676,0.7908,0
mnist_proj,200,20007,53,0.6676,0.7883,0
mnist_proj,200,20007,54,0.6676,0.7526,0
mnist_proj,200,20007,55,0.6676,0.7628,0
mnist_proj,200,20007,56,0.6676,0.8112,0
mnist_proj,200,20007,57,0.6676,0.7653,0
mnist_proj,200,20007,58,0.6676,0.7730,0
mnist_proj,200,20007,59,0.6676,0.8112,0
mnist_proj,200,20007,60,0.6676,0.8138,0
mnist_proj,200,20007,61,0.6676,0.7857,0
mnist_proj,200,20007,62,0.6676,0.8138,0
mnist_proj,200,20007,63,0.6676,0.7704,0
mnist_proj,200,20007,64,0.6676,0.7832,0
mnist_proj,200,20007,65,0.6676,0.8316,0
mnist_proj,200,20007,66,0.6676,0.8036,0
mnist_proj,200,20007,67,0.6676,0.7551,0
mnist_proj,200,20007,68,0.6676,0.7908,0
mnist_proj,200,20007,69,0.6676,0.7934,0
mnist_proj,200,20007,70,0.6676,0.8265,0
mnist_proj,200,20007,71,0.6676,0.7730,0
mnist_proj,200,20007,72,0.6676,0.7908,0
mnist_proj,200,20007,73,0.6676,0.8087,0
mnist_proj,200,20007,74,0.6676,0.7347,0
mnist_proj,200,20007,75,0.6676,0.7755,0
mnist_proj,200,20007,76,0.6676,0.7730,0
mnist_proj,200,20007,77,0.6676,0.7908,0
mnist_proj,200,20007,78,0.6676,0.7143,0
mnist_proj,200,20007,79,0.6676,0.7985,0
mnist_proj,200,20007,80,0.6676,0.8265,0
mnist_proj,200,20007,81,0.6676,0.7398,0
mnist_proj,200,20007,82,0.6676,0.8087,0
mnist_proj,200,20007,83,0.6676,0.8189,0
mnist_proj,200,20007,84,0.6676,0.7781,0
mnist_proj,200,20007,85,0.6676,0.7806,0
mnist_proj,200,20007,86,0.6676,0.7806,0
mnist_proj,200,20007,87,0.6676,0.7934,0
mnist_proj,200,20007,88,0.6676,0.7857,0
mnist_proj,200,20007,89,0.6676,0.7372,0
mnist_proj,200,20007,90,0.6676,0.7755,0
mnist_proj,200,20007,91,0.6676,0.7526,0
mnist_proj,200,20007,92,0.6676,0.8087,0
mnist_proj,200,20007,93,0.6676,0.7500,0
mnist_proj,200,20007,94,0.6676,0.7908,0
mnist_proj,200,20007,95,0.6676,0.8036,0
mnist_proj,200,20007,96,0.6676,0.7832,0
mnist_proj,200,20007,97,0.6676,0.7883,0
mnist_proj,200,20007,98,0.6676,0.7704,0
mnist_proj,200,20007,99,0.6676,0.7730,0
mnist_proj,200,20007,100,0.6676,0.8189,0
mnist_proj,200,20007,101,0.6676,0.7730,0
mnist_proj,200,20007,102,0.6676,0.7781,0
mnist_proj,200,20007,103,0.6676,0.7551,0
mnist_proj,200,20007,104,0.6676,0.8061,0
mnist_proj,200,20007,105,0.6676,0.7908,0
mnist_proj,200,20007,106,0.6676,0.8214,0
mnist_proj,200,20007,107,0.6676,0.8240,0
mnist_proj,200,20007,108,0.6676,0.7628,0
mnist_proj,200,20007,109,0.6676,0.8316,0
mnist_proj,200,20007,110,0.6676,0.7857,0
mnist_proj,200,20007,111,0.6676,0.7985,0
mnist_proj,200,20007,112,0.6676,0.8112,0
mnist_proj,200,20007,113,0.6676,0.8010,0
mnist_proj,200,20007,114,0.6676,0.7959,0
mnist_proj,200,20007,115,0.6676,0.7908,0
mnist_proj,200,20007,116,0.6676,0.7908,0
mnist_proj,200,20007,117,0.6676,0.7832,0
mnist_proj,200,20007,118,0.6676,0.7653,0
mnist_proj,200,20007,119,0.6676,0.7704,0
mnist_proj,200,20007,120,0.6676,0.7857,0
mnist_proj,200,20007,121,0.6676,0.8495,0
mnist_proj,200,20007,122,0.6676,0.7908,0
mnist_proj,200,20007,123,0.6676,0.7730,0
mnist_proj,200,20007,124,0.6676,0.7959,0
mnist_proj,200,20007,125,0.6676,0.8036,0
mnist_proj,200,20007,126,0.6676,0.8265,0
mnist_proj,200,20007,127,0.6676,0.7934,0
mnist_proj,200,20007,128,0.6676,0.7934,0
mnist_proj,200,20007,129,0.6676,0.8087,0
mnist_proj,200,20007,130,0.6676,0.7653,0
mnist_proj,200,20007,131,0.6676,0.7857,0
mnist_proj,200,20007,132,0.6676,0.7857,0
mnist_proj,200,20007,133,0.6676,0.7577,0
mnist_proj,200,20007,134,0.6676,0.7704,0
mnist_proj,200,20007,135,0.6676,0.7806,0
mnist_proj,200,20007,136,0.6676,0.8087,0
mnist_proj,200,20007,137,0.6676,0.7934,0
mnist_proj,200,20007,138,0.6676,0.7551,0
mnist_proj,200,20007,139,0.6676,0.7755,0
mnist_proj,200,20007,140,0.6676,0.8444,0
mnist_proj,200,20007,141,0.6676,0.8189,0
mnist_proj,200,20007,142,0.6676,0.8342,0
mnist_proj,200,20007,143,0.6676,0.7526,0
mnist_proj,200,20007,144,0.6676,0.7934,0
mnist_proj,200,20007,145,0.6676,0.8087,0
mnist_proj,200,20007,146,0.6676,0.8010,0
mnist_proj,200,20007,147,0.6676,0.7985,0
mnist_proj,200,20007,148,0.6676,0.7908,0
mnist_proj,200,20007,149,0.6676,0.7832,0
mnist_proj,200,20007,150,0.6676,0.7908,0
mnist_proj,200,20007,151,0.6676,0.8010,0
mnist_proj,200,20007,152,0.6676,0.7857,0
mnist_proj,200,20007,153,0.6676,0.7781,0
mnist_proj,200,20007,154,0.6676,0.7908,0
mnist_proj,200,20007,155,0.6676,0.8495,0
mnist_proj,200,20007,156,0.6676,0.8036,0
mnist_proj,200,20007,157,0.6676,0.7985,0
mnist_proj,200,20007,158,0.6676,0.8214,0
mnist_proj,200,20007,159,0.6676,0.7832,0
mnist_proj,200,20007,160,0.6676,0.7755,0
mnist_proj,200,20007,161,0.6676,0.7679,0
mnist_proj,200,20007,162,0.6676,0.7959,0
mnist_proj,200,20007,163,0.6676,0.8061,0
mnist_proj,200,20007,164,0.6676,0.8061,0
mnist_proj,200,20007,165,0.6676,0.7730,0
mnist_proj,200,20007,166,0.6676,0.8316,0
mnist_proj,200,20007,167,0.6676,0.7321,0
mnist_proj,200,20007,168,0.6676,0.8010,0
mnist_proj,200,20007,169,0.6676,0.7883,0
mnist_proj,200,20007,170,0.6676,0.8112,0
mnist_proj,200,20007,171,0.6676,0.8214,0
mnist_proj,200,20007,172,0.6676,0.7908,0
mnist_proj,200,20007,173,0.6676,0.8112,0
mnist_proj,200,20007,174,0.6676,0.7959,0
mnist_proj,200,20007,175,0.6676,0.7908,0
mnist_proj,200,20007,176,0.6676,0.8036,0
mnist_proj,200,20007,177,0.6676,0.8163,0
mnist_proj,200,20007,178,0.6676,0.8240,0
mnist_proj,200,20007,179,0.6676,0.7755,0
mnist_proj,200,20007,180,0.6676,0.7653,0
mnist_proj,200,20007,181,0.6676,0.7398,0
mnist_proj,200,20007,182,0.6676,0.7628,0
mnist_proj,200,20007,183,0.6676,0.7526,0
mnist_proj,200,20007,184,0.6676,0.8163,0
mnist_proj,200,20007,185,0.6676,0.7781,0
mnist_proj,200,20007,186,0.6676,0.8010,0
mnist_proj,200,20007,187,0.6676,0.8010,0
mnist_proj,200,20007,188,0.6676,0.7883,0
mnist_proj,200,20007,189,0.6676,0.8061,0
mnist_proj,200,20007,190,0.6676,0.7704,0
mnist_proj,200,20007,191,0.6676,0.8189,0
mnist_proj,200,20007,192,0.6676,0.7934,0
mnist_proj,200,20007,193,0.6676,0.7526,0
mnist_proj,200,20007,194,0.6676,0.7602,0
mnist_proj,200,20007,195,0.6676,0.8010,0
mnist_proj,200,20007,196,0.6676,0.7730,0
mnist_proj,200,20007,197,0.6676,0.7832,0
mnist_proj,200,20007,198,0.6676,0.8087,0
mnist_proj,200,20007,199,0.6676,0.7908,0
random_proj,200,20007,0,0.0001,1.0000,1
random_proj,200,20007,1,0.0001,1.0000,1
random_proj,200,20007,2,0.0001,1.0000,1
random_proj,200,20007,3,0.0001,1.0000,1
random_proj,200,20007,4,0.0001,1.0000,1
random_proj,200,20007,5,0.0001,1.0000,1
random_proj,200,20007,6,0.0001,1.0000,1
random_proj,200,20007,7,0.0001,1.0000,1
random_proj,200,20007,8,0.0001,1.0000,1
random_proj,200,20007,9,0.0001,1.0000,1
random_proj,200,20007,10,0.0001,1.0000,1
random_proj,200,20007,11,0.0001,1.0000,1
random_proj,200,20007,12,0.0001,1.0000,1
random_proj,200,20007,13,0.0001,0.8648,0
random_proj,200,20007,14,0.0001,1.0000,1
random_proj,200,20007,15,0.0001,1.0000,1
random_proj,200,20007,16,0.0001,1.0000,1
random_proj,200,20007,17,0.0001,1.0000,1
random_proj,200,20007,18,0.0001,1.0000,1
random_proj,200,20007,19,0.0001,1.0000,1
random_proj,200,20007,20,0.0001,1.0000,1
random_proj,200,20007,21,0.0001,1.0000,1
random_proj,200,20007,22,0.0001,1.0000,1
random_proj,200,20007,23,0.0001,1.0000,1
random_proj,200,20007,24,0.0001,1.0000,1
random_proj,200,20007,25,0.0001,1.0000,1
random_proj,200,20007,26,0.0001,1.0000,1
random_proj,200,20007,27,0.0001,1.0000,1
random_proj,200,20007,28,0.0001,0.8827,0
random_proj,200,20007,29,0.0001,1.0000,1
random_proj,200,20007,30,0.0001,0.8265,0
random_proj,200,20007,31,0.0001,1.0000,1
random_proj,200,20007,32,0.0001,1.0000,1
random_proj,200,20007,33,0.0001,1.0000,1
random_proj,200,20007,34,0.0001,1.0000,1
random_proj,200,20007,35,0.0001,0.8546,0
random_proj,200,20007,36,0.0001,1.0000,1
random_proj,200,20007,37,0.0001,1.0000,1
random_proj,200,20007,38,0.0001,1.0000,1
random_proj,200,20007,39,0.0001,1.0000,1
random_proj,200,20007,40,0.0001,1.0000,1
random_proj,200,20007,41,0.0001,1.0000,1
random_proj,200,20007,42,0.0001,1.0000,1
random_proj,200,20007,43,0.0001,1.0000,1
random_proj,200,20007,44,0.0001,1.0000,1
random_proj,200,20007,45,0.0001,1.0000,1
random_proj,200,20007,46,0.0001,1.0000,1
random_proj,200,20007,47,0.0001,1.0000,1
random_proj,200,20007,48,0.0001,1.0000,1
random_proj,200,20007,49,0.0001,1.0000,1
random_proj,200,20007,50,0.0001,1.0000,1
random_proj,200,20007,51,0.0001,1.0000,1
random_proj,200,20007,52,0.0001,1.0000,1
random_proj,200,20007,53,0.0001,1.0000,1
random_proj,200,20007,54,0.0001,1.0000,1
random_proj,200,20007,55,0.0001,1.0000,1
random_proj,200,20007,56,0.0001,1.0000,1
random_proj,200,20007,57,0.0001,1.0000,1
random_proj,200,20007,58,0.0001,1.0000,1
random_proj,200,20007,59,0.0001,1.0000,1
random_proj,200,20007,60,0.0001,1.0000,1
random_proj,200,20007,61,0.0001,1.0000,1
random_proj,200,20007,62,0.0001,1.0000,1
random_proj,200,20007,63,0.0001,1.0000,1
random_proj,200,20007,64,0.0001,1.0000,1
random_proj,200,20007,65,0.0001,1.0000,1
random_proj,200,20007,66,0.0001,1.0000,1
random_proj,200,20007,67,0.0001,1.0000,1
random_proj,200,20007,68,0.0001,1.0000,1
random_proj,200,20007,69,0.0001,0.7755,0
random_proj,200,20007,70,0.0001,1.0000,1
random_proj,200,20007,71,0.0001,1.0000,1
random_proj,200,20007,72,0.0001,1.0000,1
random_proj,200,20007,73,0.0001,1.0000,1
random_proj,200,20007,74,0.0001,1.0000,1
random_proj,200,20007,75,0.0001,1.0000,1
random_proj,200,20007,76,0.0001,1.0000,1
random_proj,200,20007,77,0.0001,1.0000,1
random_proj,200,20007,78,0.0001,1.0000,1
random_proj,200,20007,79,0.0001,1.0000,1
random_proj,200,20007,80,0.0001,0.8112,0
random_proj,200,20007,81,0.0001,1.0000,1
random_proj,200,20007,82,0.0001,1.0000,1
random_proj,200,20007,83,0.0001,1.0000,1
random_proj,200,20007,84,0.0001,1.0000,1
random_proj,200,20007,85,0.0001,0.8444,0
random_proj,200,20007,86,0.0001,1.0000,1
random_proj,200,20007,87,0.0001,1.0000,1
random_proj,200,20007,88,0.0001,1.0000,1
random_proj,200,20007,89,0.0001,1.0000,1
random_proj,200,20007,90,0.0001,1.0000,1
random_proj,200,20007,91,0.0001,1.0000,1
random_proj,200,20007,92,0.0001,1.0000,1
random_proj,200,20007,93,0.0001,1.0000,1
random_proj,200,20007,94,0.0001,1.0000,1
random_proj,200,20007,95,0.0001,1.0000,1
random_proj,200,20007,96,0.0001,1.0000,1
random_proj,200,20007,97,0.0001,1.0000,1
random_proj,200,20007,98,0.0001,1.0000,1
random_proj,200,20007,99,0.0001,0.8367,0
random_proj,200,20007,100,0.0001,1.0000,1
random_proj,200,20007,101,0.0001,1.0000,1
random_proj,200,20007,102,0.0001,1.0000,1
random_proj,200,20007,103,0.0001,1.0000,1
random_proj,200,20007,104,0.0001,1.0000,1
random_proj,200,20007,105,0.0001,1.0000,1
random_proj,200,20007,106,0.0001,1.0000,1
random_proj,200,20007,107,0.0001,1.0000,1
random_proj,200,20007,108,0.0001,1.0000,1
random_proj,200,20007,109,0.0001,1.0000,1
random_proj,200,20007,110,0.0001,1.0000,1
random_proj,200,20007,111,0.0001,1.0000,1
random_proj,200,20007,112,0.0001,1.0000,1
random_proj,200,20007,113,0.0001,1.0000,1
random_proj,200,20007,114,0.0001,1.0000,1
random_proj,200,20007,115,0.0001,1.0000,1
random_proj,200,20007,116,0.0001,1.0000,1
random_proj,200,20007,117,0.0001,1.0000,1
random_proj,200,20007,118,0.0001,1.0000,1
random_proj,200,20007,119,0.0001,1.0000,1
random_proj,200,20007,120,0.0001,1.0000,1
random_proj,200,20007,121,0.0001,0.8622,0
random_proj,200,20007,122,0.0001,1.0000,1
random_proj,200,20007,123,0.0001,1.0000,1
random_proj,200,20007,124,0.0001,1.0000,1
random_proj,200,20007,125,0.0001,1.0000,1
random_proj,200,20007,126,0.0001,1.0000,1
random_proj,200,20007,127,0.0001,1.0000,1
random_proj,200,20007,128,0.0001,1.0000,1
random_proj,200,20007,129,0.0001,1.0000,1
random_proj,200,20007,130,0.0001,1.0000,1
random_proj,200,20007,131,0.0001,1.0000,1
random_proj,200,20007,132,0.0001,1.0000,1
random_proj,200,20007,133,0.0001,1.0000,1
random_proj,200,20007,134,0.0001,1.0000,1
random_proj,200,20007,135,0.0001,1.0000,1
random_proj,200,20007,136,0.0001,1.0000,1
random_proj,200,20007,137,0.0001,1.0000,1
random_proj,200,20007,138,0.0001,1.0000,1
random_proj,200,20007,139,0.0001,1.0000,1
random_proj,200,20007,140,0.0001,1.0000,1
random_proj,200,20007,141,0.0001,1.0000,1
random_proj,200,20007,142,0.0001,1.0000,1
random_proj,200,20007,143,0.0001,1.0000,1
random_proj,200,20007,144,0.0001,1.0000,1
random_proj,200,20007,145,0.0001,1.0000,1
random_proj,200,20007,146,0.0001,0.8393,0
random_proj,200,20007,147,0.0001,1.0000,1
random_proj,200,20007,148,0.0001,1.0000,1
random_proj,200,20007,149,0.0001,1.0000,1
random_proj,200,20007,150,0.0001,1.0000,1
random_proj,200,20007,151,0.0001,1.0000,1
random_proj,200,20007,152,0.0001,1.0000,1
random_proj,200,20007,153,0.0001,1.0000,1
random_proj,200,20007,154,0.0001,1.0000,1
random_proj,200,20007,155,0.0001,0.8597,0
random_proj,200,20007,156,0.0001,1.0000,1
random_proj,200,20007,157,0.0001,0.8622,0
random_proj,200,20007,158,0.0001,1.0000,1
random_proj,200,20007,159,0.0001,1.0000,1
random_proj,200,20007,160,0.0001,1.0000,1
random_proj,200,20007,161,0.0001,1.0000,1
random_proj,200,20007,162,0.0001,1.0000,1
random_proj,200,20007,163,0.0001,1.0000,1
random_proj,200,20007,164,0.0001,1.0000,1
random_proj,200,20007,165,0.0001,1.0000,1
random_proj,200,20007,166,0.0001,1.0000,1
random_proj,200,20007,167,0.0001,1.0000,1
random_proj,200,20007,168,0.0001,1.0000,1
random_proj,200,20007,169,0.0001,1.0000,1
random_proj,200,20007,170,0.0001,1.0000,1
random_proj,200,20007,171,0.0001,1.0000,1
random_proj,200,20007,172,0.0001,1.0000,1
random_proj,200,20007,173,0.0001,1.0000,1
random_proj,200,20007,174,0.0001,0.8112,0
random_proj,200,20007,175,0.0001,1.0000,1
random_proj,200,20007,176,0.0001,1.0000,1
random_proj,200,20007,177,0.0001,1.0000,1
random_proj,200,20007,178,0.0001,1.0000,1
random_proj,200,20007,179,0.0001,1.0000,1
random_proj,200,20007,180,0.0001,1.0000,1
random_proj,200,20007,181,0.0001,1.0000,1
random_proj,200,20007,182,0.0001,1.0000,1
random_proj,200,20007,183,0.0001,1.0000,1
random_proj,200,20007,184,0.0001,1.0000,1
random_proj,200,20007,185,0.0001,1.0000,1
random_proj,200,20007,186,0.0001,1.0000,1
random_proj,200,20007,187,0.0001,1.0000,1
random_proj,200,20007,188,0.0001,1.0000,1
random_proj,200,20007,189,0.0001,1.0000,1
random_proj,200,20007,190,0.0001,1.0000,1
random_proj,200,20007,191,0.0001,1.0000,1
random_proj,200,20007,192,0.0001,1.0000,1
random_proj,200,20007,193,0.0001,1.0000,1
random_proj,200,20007,194,0.0001,1.0000,1
random_proj,200,20007,195,0.0001,1.0000,1
random_proj,200,20007,196,0.0001,1.0000,1
random_proj,200,20007,197,0.0001,0.8571,0
random_proj,200,20007,198,0.0001,1.0000,1
random_proj,200,20007,199,0.0001,1.0000,1
mnist_proj,200,20008,0,0.6676,0.7423,0
mnist_proj,200,20008,1,0.6676,0.7730,0
mnist_proj,200,20008,2,0.6676,0.7832,0
mnist_proj,200,20008,3,0.6676,0.8087,0
mnist_proj,200,20008,4,0.6676,0.8342,0
mnist_proj,200,20008,5,0.6676,0.7806,0
mnist_proj,200,20008,6,0.6676,0.8240,0
mnist_proj,200,20008,7,0.6676,0.7959,0
mnist_proj,200,20008,8,0.6676,0.7755,0
mnist_proj,200,20008,9,0.6676,0.7602,0
mnist_proj,200,20008,10,0.6676,0.8036,0
mnist_proj,200,20008,11,0.6676,0.8163,0
mnist_proj,200,20008,12,0.6676,0.7347,0
mnist_proj,200,20008,13,0.6676,0.7449,0
mnist_proj,200,20008,14,0.6676,0.7883,0
mnist_proj,200,20008,15,0.6676,0.7959,0
mnist_proj,200,20008,16,0.6676,0.8418,0
mnist_proj,200,20008,17,0.6676,0.7883,0
mnist_proj,200,20008,18,0.6676,0.8367,0
mnist_proj,200,20008,19,0.6676,0.7398,0
mnist_proj,200,20008,20,0.6676,0.7628,0
mnist_proj,200,20008,21,0.6676,0.7781,0
mnist_proj,200,20008,22,0.6676,0.8291,0
mnist_proj,200,20008,23,0.6676,0.8010,0
mnist_proj,200,20008,24,0.6676,0.8061,0
mnist_proj,200,20008,25,0.6676,0.7857,0
mnist_proj,200,20008,26,0.6676,0.8316,0
mnist_proj,200,20008,27,0.6676,0.7934,0
mnist_proj,200,20008,28,0.6676,0.8112,0
mnist_proj,200,20008,29,0.6676,0.7883,0
mnist_proj,200,20008,30,0.6676,0.7423,0
mnist_proj,200,20008,31,0.6676,0.8367,0
mnist_proj,200,20008,32,0.6676,0.7628,0
mnist_proj,200,20008,33,0.6676,0.8189,0
mnist_proj,200,20008,34,0.6676,0.7628,0
mnist_proj,200,20008,35,0.6676,0.8112,0
mnist_proj,200,20008,36,0.6676,0.7551,0
mnist_proj,200,20008,37,0.6676,0.8087,0
mnist_proj,200,20008,38,0.6676,0.7985,0
mnist_proj,200,20008,39,0.6676,0.7883,0
mnist_proj,200,20008,40,0.6676,0.7679,0
mnist_proj,200,20008,41,0.6676,0.7857,0
mnist_proj,200,20008,42,0.6676,0.8061,0
mnist_proj,200,20008,43,0.6676,0.8087,0
mnist_proj,200,20008,44,0.6676,0.7857,0
mnist_proj,200,20008,45,0.6676,0.7679,0
mnist_proj,200,20008,46,0.6676,0.7806,0
mnist_proj,200,20008,47,0.6676,0.7730,0
mnist_proj,200,20008,48,0.6676,0.7883,0
mnist_proj,200,20008,49,0.6676,0.7526,0
mnist_proj,200,20008,50,0.6676,0.7883,0
mnist_proj,200,20008,51,0.6676,0.7857,0
mnist_proj,200,20008,52,0.6676,0.8189,0
mnist_proj,200,20008,53,0.6676,0.7908,0
mnist_proj,200,20008,54,0.6676,0.7959,0
mnist_proj,200,20008,55,0.6676,0.7423,0
mnist_proj,200,20008,56,0.6676,0.7653,0
mnist_proj,200,20008,57,0.6676,0.7730,0
mnist_proj,200,20008,58,0.6676,0.7908,0
mnist_proj,200,20008,59,0.6676,0.8036,0
mnist_proj,200,20008,60,0.6676,0.7857,0
mnist_proj,200,20008,61,0.6676,0.8061,0
mnist_proj,200,20008,62,0.6676,0.8087,0
mnist_proj,200,20008,63,0.6676,0.7526,0
mnist_proj,200,20008,64,0.6676,0.7755,0
mnist_proj,200,20008,65,0.6676,0.7806,0
mnist_proj,200,20008,66,0.6676,0.7628,0
mnist_proj,200,20008,67,0.6676,0.7934,0
mnist_proj,200,20008,68,0.6676,0.8291,0
mnist_proj,200,20008,69,0.6676,0.8010,0
mnist_proj,200,20008,70,0.6676,0.7755,0
mnist_proj,200,20008,71,0.6676,0.8189,0
mnist_proj,200,20008,72,0.6676,0.7781,0
mnist_proj,200,20008,73,0.6676,0.8316,0
mnist_proj,200,20008,74,0.6676,0.7653,0
mnist_proj,200,20008,75,0.6676,0.8087,0
mnist_proj,200,20008,76,0.6676,0.7908,0
mnist_proj,200,20008,77,0.6676,0.7143,0
mnist_proj,200,20008,78,0.6676,0.7934,0
mnist_proj,200,20008,79,0.6676,0.7908,0
mnist_proj,200,20008,80,0.6676,0.7755,0
mnist_proj,200,20008,81,0.6676,0.8087,0
mnist_proj,200,20008,82,0.6676,0.7883,0
mnist_proj,200,20008,83,0.6676,0.7474,0
mnist_proj,200,20008,84,0.6676,0.7985,0
mnist_proj,200,20008,85,0.6676,0.8112,0
mnist_proj,200,20008,86,0.6676,0.7985,0
mnist_proj,200,20008,87,0.6676,0.7704,0
mnist_proj,200,20008,88,0.6676,0.7832,0
mnist_proj,200,20008,89,0.6676,0.7959,0
mnist_proj,200,20008,90,0.6676,0.8316,0
mnist_proj,200,20008,91,0.6676,0.7985,0
mnist_proj,200,20008,92,0.6676,0.8342,0
mnist_proj,200,20008,93,0.6676,0.8010,0
mnist_proj,200,20008,94,0.6676,0.7857,0
mnist_proj,200,20008,95,0.6676,0.7959,0
mnist_proj,200,20008,96,0.6676,0.8163,0
mnist_proj,200,20008,97,0.6676,0.8010,0
mnist_proj,200,20008,98,0.6676,0.7806,0
mnist_proj,200,20008,99,0.6676,0.8163,0
mnist_proj,200,20008,100,0.6676,0.8138,0
mnist_proj,200,20008,101,0.6676,0.7755,0
mnist_proj,200,20008,102,0.6676,0.8036,0
mnist_proj,200,20008,103,0.6676,0.7908,0
mnist_proj,200,20008,104,0.6676,0.8163,0
mnist_proj,200,20008,105,0.6676,0.7832,0
mnist_proj,200,20008,106,0.6676,0.8316,0
mnist_proj,200,20008,107,0.6676,0.7577,0
mnist_proj,200,20008,108,0.6676,0.8163,0
mnist_proj,200,20008,109,0.6676,0.8061,0
mnist_proj,200,20008,110,0.6676,0.7730,0
mnist_proj,200,20008,111,0.6676,0.8112,0
mnist_proj,200,20008,112,0.6676,0.8036,0
mnist_proj,200,20008,113,0.6676,0.7985,0
mnist_proj,200,20008,114,0.6676,0.7755,0
mnist_proj,200,20008,115,0.6676,0.7959,0
mnist_proj,200,20008,116,0.6676,0.7526,0
mnist_proj,200,20008,117,0.6676,0.7449,0
mnist_proj,200,20008,118,0.6676,0.7985,0
mnist_proj,200,20008,119,0.6676,0.7423,0
mnist_proj,200,20008,120,0.6676,0.8138,0
mnist_proj,200,20008,121,0.6676,0.7730,0
mnist_proj,200,20008,122,0.6676,0.8087,0
mnist_proj,200,20008,123,0.6676,0.7704,0
mnist_proj,200,20008,124,0.6676,0.8214,0
mnist_proj,200,20008,125,0.6676,0.7806,0
mnist_proj,200,20008,126,0.6676,0.7730,0
mnist_proj,200,20008,127,0.6676,0.8214,0
mnist_proj,200,20008,128,0.6676,0.8240,0
mnist_proj,200,20008,129,0.6676,0.7474,0
mnist_proj,200,20008,130,0.6676,0.7832,0
mnist_proj,200,20008,131,0.6676,0.8240,0
mnist_proj,200,20008,132,0.6676,0.8163,0
mnist_proj,200,20008,133,0.6676,0.7806,0
mnist_proj,200,20008,134,0.6676,0.7347,0
mnist_proj,200,20008,135,0.6676,0.8214,0
mnist_proj,200,20008,136,0.6676,0.7857,0
mnist_proj,200,20008,137,0.6676,0.8087,0
mnist_proj,200,20008,138,0.6676,0.7883,0
mnist_proj,200,20008,139,0.6676,0.8520,0
mnist_proj,200,20008,140,0.6676,0.7959,0
mnist_proj,200,20008,141,0.6676,0.8240,0
mnist_proj,200,20008,142,0.6676,0.7679,0
mnist_proj,200,20008,143,0.6676,0.7602,0
mnist_proj,200,20008,144,0.6676,0.8112,0
mnist_proj,200,20008,145,0.6676,0.7959,0
mnist_proj,200,20008,146,0.6676,0.7857,0
mnist_proj,200,20008,147,0.6676,0.7806,0
mnist_proj,200,20008,148,0.6676,0.8061,0
mnist_proj,200,20008,149,0.6676,0.8163,0
mnist_proj,200,20008,150,0.6676,0.7526,0
mnist_proj,200,20008,151,0.6676,0.8240,0
mnist_proj,200,20008,152,0.6676,0.7449,0
mnist_proj,200,20008,153,0.6676,0.7985,0
mnist_proj,200,20008,154,0.6676,0.8240,0
mnist_proj,200,20008,155,0.6676,0.8469,0
mnist_proj,200,20008,156,0.6676,0.8010,0
mnist_proj,200,20008,157,0.6676,0.8087,0
mnist_proj,200,20008,158,0.6676,0.7806,0
mnist_proj,200,20008,159,0.6676,0.8189,0
mnist_proj,200,20008,160,0.6676,0.7679,0
mnist_proj,200,20008,161,0.6676,0.7857,0
mnist_proj,200,20008,162,0.6676,0.7857,0
mnist_proj,200,20008,163,0.6676,0.8265,0
mnist_proj,200,20008,164,0.6676,0.7985,0
mnist_proj,200,20008,165,0.6676,0.8265,0
mnist_proj,200,20008,166,0.6676,0.7755,0
mnist_proj,200,20008,167,0.6676,0.7908,0
mnist_proj,200,20008,168,0.6676,0.7908,0
mnist_proj,200,20008,169,0.6676,0.7806,0
mnist_proj,200,20008,170,0.6676,0.7832,0
mnist_proj,200,20008,171,0.6676,0.7551,0
mnist_proj,200,20008,172,0.6676,0.7959,0
mnist_proj,200,20008,173,0.6676,0.8214,0
mnist_proj,200,20008,174,0.6676,0.8036,0
mnist_proj,200,20008,175,0.6676,0.8291,0
mnist_proj,200,20008,176,0.6676,0.7908,0
mnist_proj,200,20008,177,0.6676,0.7730,0
mnist_proj,200,20008,178,0.6676,0.8010,0
mnist_proj,200,20008,179,0.6676,0.7679,0
mnist_proj,200,20008,180,0.6676,0.8240,0
mnist_proj,200,20008,181,0.6676,0.7449,0
mnist_proj,200,20008,182,0.6676,0.7730,0
mnist_proj,200,20008,183,0.6676,0.8061,0
mnist_proj,200,20008,184,0.6676,0.8036,0
mnist_proj,200,20008,185,0.6676,0.7704,0
mnist_proj,200,20008,186,0.6676,0.8214,0
mnist_proj,200,20008,187,0.6676,0.8214,0
mnist_proj,200,20008,188,0.6676,0.7781,0
mnist_proj,200,20008,189,0.6676,0.7857,0
mnist_proj,200,20008,190,0.6676,0.7959,0
mnist_proj,200,20008,191,0.6676,0.7934,0
mnist_proj,200,20008,192,0.6676,0.7653,0
mnist_proj,200,20008,193,0.6676,0.8036,0
mnist_proj,200,20008,194,0.6676,0.7883,0
mnist_proj,200,20008,195,0.6676,0.8010,0
mnist_proj,200,20008,196,0.6676,0.8036,0
mnist_proj,200,20008,197,0.6676,0.8112,0
mnist_proj,200,20008,198,0.6676,0.7577,0
mnist_proj,200,20008,199,0.6676,0.8418,0
random_proj,200,20008,0,0.0001,1.0000,1
random_proj,200,20008,1,0.0001,1.0000,1
random_proj,200,20008,2,0.0001,1.0000,1
random_proj,200,20008,3,0.0001,1.0000,1
random_proj,200,20008,4,0.0001,1.0000,1
random_proj,200,20008,5,0.0001,1.0000,1
random_proj,200,20008,6,0.0001,1.0000,1
random_proj,200,20008,7,0.0001,1.0000,1
random_proj,200,20008,8,0.0001,1.0000,1
random_proj,200,20008,9,0.0001,1.0000,1
random_proj,200,20008,10,0.0001,1.0000,1
random_proj,200,20008,11,0.0001,1.0000,1
random_proj,200,20008,12,0.0001,1.0000,1
random_proj,200,20008,13,0.0001,1.0000,1
random_proj,200,20008,14,0.0001,1.0000,1
random_proj,200,20008,15,0.0001,1.0000,1
random_proj,200,20008,16,0.0001,1.0000,1
random_proj,200,20008,17,0.0001,1.0000,1
random_proj,200,20008,18,0.0001,1.0000,1
random_proj,200,20008,19,0.0001,1.0000,1
random_proj,200,20008,20,0.0001,1.0000,1
random_proj,200,20008,21,0.0001,1.0000,1
random_proj,200,20008,22,0.0001,1.0000,1
random_proj,200,20008,23,0.0001,1.0000,1
random_proj,200,20008,24,0.0001,1.0000,1
random_proj,200,20008,25,0.0001,1.0000,1
random_proj,200,20008,26,0.0001,1.0000,1
random_proj,200,20008,27,0.0001,1.0000,1
random_proj,200,20008,28,0.0001,1.0000,1
random_proj,200,20008,29,0.0001,1.0000,1
random_proj,200,20008,30,0.0001,1.0000,1
random_proj,200,20008,31,0.0001,1.0000,1
random_proj,200,20008,32,0.0001,1.0000,1
random_proj,200,20008,33,0.0001,1.0000,1
random_proj,200,20008,34,0.0001,1.0000,1
random_proj,200,20008,35,0.0001,1.0000,1
random_proj,200,20008,36,0.0001,1.0000,1
random_proj,200,20008,37,0.0001,1.0000,1
random_proj,200,20008,38,0.0001,1.0000,1
random_proj,200,20008,39,0.0001,1.0000,1
random_proj,200,20008,40,0.0001,1.0000,1
random_proj,200,20008,41,0.0001,1.0000,1
random_proj,200,20008,42,0.0001,1.0000,1
random_proj,200,20008,43,0.0001,1.0000,1
random_proj,200,20008,44,0.0001,1.0000,1
random_proj,200,20008,45,0.0001,1.0000,1
random_proj,200,20008,46,0.0001,1.0000,1
random_proj,200,20008,47,0.0001,1.0000,1
random_proj,200,20008,48,0.0001,1.0000,1
random_proj,200,20008,49,0.0001,1.0000,1
random_proj,200,20008,50,0.0001,1.0000,1
random_proj,200,20008,51,0.0001,1.0000,1
random_proj,200,20008,52,0.0001,1.0000,1
random_proj,200,20008,53,0.0001,1.0000,1
random_proj,200,20008,54,0.0001,1.0000,1
random_proj,200,20008,55,0.0001,1.0000,1
random_proj,200,20008,56,0.0001,1.0000,1
random_proj,200,20008,57,0.0001,1.0000,1
random_proj,200,20008,58,0.0001,1.0000,1
random_proj,200,20008,59,0.0001,1.0000,1
random_proj,200,20008,60,0.0001,1.0000,1
random_proj,200,20008,61,0.0001,1.0000,1
random_proj,200,20008,62,0.0001,1.0000,1
random_proj,200,20008,63,0.0001,1.0000,1
random_proj,200,20008,64,0.0001,1.0000,1
random_proj,200,20008,65,0.0001,1.0000,1
random_proj,200,20008,66,0.0001,1.0000,1
random_proj,200,20008,67,0.0001,1.0000,1
random_proj,200,20008,68,0.0001,1.0000,1
random_proj,200,20008,69,0.0001,1.0000,1
random_proj,200,20008,70,0.0001,1.0000,1
random_proj,200,20008,71,0.0001,1.0000,1
random_proj,200,20008,72,0.0001,1.0000,1
random_proj,200,20008,73,0.0001,1.0000,1
random_proj,200,20008,74,0.0001,1.0000,1
random_proj,200,20008,75,0.0001,1.0000,1
random_proj,200,20008,76,0.0001,1.0000,1
random_proj,200,20008,77,0.0001,1.0000,1
random_proj,200,20008,78,0.0001,1.0000,1
random_proj,200,20008,79,0.0001,1.0000,1
random_proj,200,20008,80,0.0001,1.0000,1
random_proj,200,20008,81,0.0001,1.0000,1
random_proj,200,20008,82,0.0001,1.0000,1
random_proj,200,20008,83,0.0001,1.0000,1
random_proj,200,20008,84,0.0001,1.0000,1
random_proj,200,20008,85,0.0001,1.0000,1
random_proj,200,20008,86,0.0001,1.0000,1
random_proj,200,20008,87,0.0001,1.0000,1
random_proj,200,20008,88,0.0001,1.0000,1
random_proj,200,20008,89,0.0001,1.0000,1
random_proj,200,20008,90,0.0001,1.0000,1
random_proj,200,20008,91,0.0001,1.0000,1
random_proj,200,20008,92,0.0001,1.0000,1
random_proj,200,20008,93,0.0001,1.0000,1
random_proj,200,20008,94,0.0001,1.0000,1
random_proj,200,20008,95,0.0001,1.0000,1
random_proj,200,20008,96,0.0001,1.0000,1
random_proj,200,20008,97,0.0001,1.0000,1
random_proj,200,20008,98,0.0001,1.0000,1
random_proj,200,20008,99,0.0001,1.0000,1
random_proj,200,20008,100,0.0001,1.0000,1
random_proj,200,20008,101,0.0001,1.0000,1
random_proj,200,20008,102,0.0001,1.0000,1
random_proj,200,20008,103,0.0001,1.0000,1
random_proj,200,20008,104,0.0001,1.0000,1
random_proj,200,20008,105,0.0001,1.0000,1
random_proj,200,20008,106,0.0001,1.0000,1
random_proj,200,20008,107,0.0001,1.0000,1
random_proj,200,20008,108,0.0001,1.0000,1
random_proj,200,20008,109,0.0001,0.7934,0
random_proj,200,20008,110,0.0001,1.0000,1
random_proj,200,20008,111,0.0001,1.0000,1
random_proj,200,20008,112,0.0001,1.0000,1
random_proj,200,20008,113,0.0001,1.0000,1
random_proj,200,20008,114,0.0001,1.0000,1
random_proj,200,20008,115,0.0001,1.0000,1
random_proj,200,20008,116,0.0001,1.0000,1
random_proj,200,20008,117,0.0001,1.0000,1
random_proj,200,20008,118,0.0001,1.0000,1
random_proj,200,20008,119,0.0001,1.0000,1
random_proj,200,20008,120,0.0001,1.0000,1
random_proj,200,20008,121,0.0001,1.0000,1
random_proj,200,20008,122,0.0001,1.0000,1
random_proj,200,20008,123,0.0001,1.0000,1
random_proj,200,20008,124,0.0001,1.0000,1
random_proj,200,20008,125,0.0001,1.0000,1
random_proj,200,20008,126,0.0001,1.0000,1
random_proj,200,20008,127,0.0001,0.8240,0
random_proj,200,20008,128,0.0001,1.0000,1
random_proj,200,20008,129,0.0001,1.0000,1
random_proj,200,20008,130,0.0001,1.0000,1
random_proj,200,20008,131,0.0001,1.0000,1
random_proj,200,20008,132,0.0001,1.0000,1
random_proj,200,20008,133,0.0001,1.0000,1
random_proj,200,20008,134,0.0001,1.0000,1
random_proj,200,20008,135,0.0001,1.0000,1
random_proj,200,20008,136,0.0001,1.0000,1
random_proj,200,20008,137,0.0001,1.0000,1
random_proj,200,20008,138,0.0001,1.0000,1
random_proj,200,20008,139,0.0001,1.0000,1
random_proj,200,20008,140,0.0001,1.0000,1
random_proj,200,20008,141,0.0001,0.8801,0
random_proj,200,20008,142,0.0001,1.0000,1
random_proj,200,20008,143,0.0001,1.0000,1
random_proj,200,20008,144,0.0001,1.0000,1
random_proj,200,20008,145,0.0001,1.0000,1
random_proj,200,20008,146,0.0001,1.0000,1
random_proj,200,20008,147,0.0001,1.0000,1
random_proj,200,20008,148,0.0001,1.0000,1
random_proj,200,20008,149,0.0001,1.0000,1
random_proj,200,20008,150,0.0001,1.0000,1
random_proj,200,20008,151,0.0001,1.0000,1
random_proj,200,20008,152,0.0001,1.0000,1
random_proj,200,20008,153,0.0001,1.0000,1
random_proj,200,20008,154,0.0001,1.0000,1
random_proj,200,20008,155,0.0001,1.0000,1
random_proj,200,20008,156,0.0001,1.0000,1
random_proj,200,20008,157,0.0001,1.0000,1
random_proj,200,20008,158,0.0001,1.0000,1
random_proj,200,20008,159,0.0001,1.0000,1
random_proj,200,20008,160,0.0001,1.0000,1
random_proj,200,20008,161,0.0001,1.0000,1
random_proj,200,20008,162,0.0001,1.0000,1
random_proj,200,20008,163,0.0001,1.0000,1
random_proj,200,20008,164,0.0001,1.0000,1
random_proj,200,20008,165,0.0001,1.0000,1
random_proj,200,20008,166,0.0001,1.0000,1
random_proj,200,20008,167,0.0001,0.8469,0
random_proj,200,20008,168,0.0001,1.0000,1
random_proj,200,20008,169,0.0001,1.0000,1
random_proj,200,20008,170,0.0001,0.8648,0
random_proj,200,20008,171,0.0001,1.0000,1
random_proj,200,20008,172,0.0001,1.0000,1
random_proj,200,20008,173,0.0001,1.0000,1
random_proj,200,20008,174,0.0001,1.0000,1
random_proj,200,20008,175,0.0001,1.0000,1
random_proj,200,20008,176,0.0001,1.0000,1
random_proj,200,20008,177,0.0001,1.0000,1
random_proj,200,20008,178,0.0001,1.0000,1
random_proj,200,20008,179,0.0001,1.0000,1
random_proj,200,20008,180,0.0001,1.0000,1
random_proj,200,20008,181,0.0001,0.8418,0
random_proj,200,20008,182,0.0001,1.0000,1
random_proj,200,20008,183,0.0001,1.0000,1
random_proj,200,20008,184,0.0001,1.0000,1
random_proj,200,20008,185,0.0001,1.0000,1
random_proj,200,20008,186,0.0001,1.0000,1
random_proj,200,20008,187,0.0001,1.0000,1
random_proj,200,20008,188,0.0001,1.0000,1
random_proj,200,20008,189,0.0001,1.0000,1
random_proj,200,20008,190,0.0001,1.0000,1
random_proj,200,20008,191,0.0001,1.0000,1
random_proj,200,20008,192,0.0001,1.0000,1
random_proj,200,20008,193,0.0001,1.0000,1
random_proj,200,20008,194,0.0001,1.0000,1
random_proj,200,20008,195,0.0001,1.0000,1
random_proj,200,20008,196,0.0001,1.0000,1
random_proj,200,20008,197,0.0001,1.0000,1
random_proj,200,20008,198,0.0001,1.0000,1
random_proj,200,20008,199,0.0001,1.0000,1
mnist_proj,200,20009,0,0.6676,0.7883,0
mnist_proj,200,20009,1,0.6676,0.7730,0
mnist_proj,200,20009,2,0.6676,0.7934,0
mnist_proj,200,20009,3,0.6676,0.7908,0
mnist_proj,200,20009,4,0.6676,0.7781,0
mnist_proj,200,20009,5,0.6676,0.7526,0
mnist_proj,200,20009,6,0.6676,0.7959,0
mnist_proj,200,20009,7,0.6676,0.7526,0
mnist_proj,200,20009,8,0.6676,0.7755,0
mnist_proj,200,20009,9,0.6676,0.8010,0
mnist_proj,200,20009,10,0.6676,0.7934,0
mnist_proj,200,20009,11,0.6676,0.8393,0
mnist_proj,200,20009,12,0.6676,0.8316,0
mnist_proj,200,20009,13,0.6676,0.7883,0
mnist_proj,200,20009,14,0.6676,0.8163,0
mnist_proj,200,20009,15,0.6676,0.8342,0
mnist_proj,200,20009,16,0.6676,0.7755,0
mnist_proj,200,20009,17,0.6676,0.7806,0
mnist_proj,200,20009,18,0.6676,0.7934,0
mnist_proj,200,20009,19,0.6676,0.8087,0
mnist_proj,200,20009,20,0.6676,0.7551,0
mnist_proj,200,20009,21,0.6676,0.8163,0
mnist_proj,200,20009,22,0.6676,0.8087,0
mnist_proj,200,20009,23,0.6676,0.8061,0
mnist_proj,200,20009,24,0.6676,0.7602,0
mnist_proj,200,20009,25,0.6676,0.7908,0
mnist_proj,200,20009,26,0.6676,0.7372,0
mnist_proj,200,20009,27,0.6676,0.7321,0
mnist_proj,200,20009,28,0.6676,0.8010,0
mnist_proj,200,20009,29,0.6676,0.8087,0
mnist_proj,200,20009,30,0.6676,0.7908,0
mnist_proj,200,20009,31,0.6676,0.7908,0
mnist_proj,200,20009,32,0.6676,0.8138,0
mnist_proj,200,20009,33,0.6676,0.7959,0
mnist_proj,200,20009,34,0.6676,0.7832,0
mnist_proj,200,20009,35,0.6676,0.7755,0
mnist_proj,200,20009,36,0.6676,0.8036,0
mnist_proj,200,20009,37,0.6676,0.8087,0
mnist_proj,200,20009,38,0.6676,0.8214,0
mnist_proj,200,20009,39,0.6676,0.8163,0
mnist_proj,200,20009,40,0.6676,0.7653,0
mnist_proj,200,20009,41,0.6676,0.8316,0
mnist_proj,200,20009,42,0.6676,0.7653,0
mnist_proj,200,20009,43,0.6676,0.7959,0
mnist_proj,200,20009,44,0.6676,0.7832,0
mnist_proj,200,20009,45,0.6676,0.8265,0
mnist_proj,200,20009,46,0.6676,0.7628,0
mnist_proj,200,20009,47,0.6676,0.7704,0
mnist_proj,200,20009,48,0.6676,0.7806,0
mnist_proj,200,20009,49,0.6676,0.7781,0
mnist_proj,200,20009,50,0.6676,0.8189,0
mnist_proj,200,20009,51,0.6676,0.7449,0
mnist_proj,200,20009,52,0.6676,0.7219,0
mnist_proj,200,20009,53,0.6676,0.8010,0
mnist_proj,200,20009,54,0.6676,0.7628,0
mnist_proj,200,20009,55,0.6676,0.7832,0
mnist_proj,200,20009,56,0.6676,0.8112,0
mnist_proj,200,20009,57,0.6676,0.7602,0
mnist_proj,200,20009,58,0.6676,0.7679,0
mnist_proj,200,20009,59,0.6676,0.8112,0
mnist_proj,200,20009,60,0.6676,0.8138,0
mnist_proj,200,20009,61,0.6676,0.8597,0
mnist_proj,200,20009,62,0.6676,0.8214,0
mnist_proj,200,20009,63,0.6676,0.7832,0
mnist_proj,200,20009,64,0.6676,0.8367,0
mnist_proj,200,20009,65,0.6676,0.8010,0
mnist_proj,200,20009,66,0.6676,0.8214,0
mnist_proj,200,20009,67,0.6676,0.8061,0
mnist_proj,200,20009,68,0.6676,0.7934,0
mnist_proj,200,20009,69,0.6676,0.8163,0
mnist_proj,200,20009,70,0.6676,0.7704,0
mnist_proj,200,20009,71,0.6676,0.7832,0
mnist_proj,200,20009,72,0.6676,0.8342,0
mnist_proj,200,20009,73,0.6676,0.8138,0
mnist_proj,200,20009,74,0.6676,0.7806,0
mnist_proj,200,20009,75,0.6676,0.8112,0
mnist_proj,200,20009,76,0.6676,0.7423,0
mnist_proj,200,20009,77,0.6676,0.7908,0
mnist_proj,200,20009,78,0.6676,0.7857,0
mnist_proj,200,20009,79,0.6676,0.7653,0
mnist_proj,200,20009,80,0.6676,0.7908,0
mnist_proj,200,20009,81,0.6676,0.7449,0
mnist_proj,200,20009,82,0.6676,0.7832,0
mnist_proj,200,20009,83,0.6676,0.7577,0
mnist_proj,200,20009,84,0.6676,0.7806,0
mnist_proj,200,20009,85,0.6676,0.7781,0
mnist_proj,200,20009,86,0.6676,0.7781,0
mnist_proj,200,20009,87,0.6676,0.7730,0
mnist_proj,200,20009,88,0.6676,0.7449,0
mnist_proj,200,20009,89,0.6676,0.7781,0
mnist_proj,200,20009,90,0.6676,0.8163,0
mnist_proj,200,20009,91,0.6676,0.7857,0
mnist_proj,200,20009,92,0.6676,0.7806,0
mnist_proj,200,20009,93,0.6676,0.8112,0
mnist_proj,200,20009,94,0.6676,0.7704,0
mnist_proj,200,20009,95,0.6676,0.8571,0
mnist_proj,200,20009,96,0.6676,0.7730,0
mnist_proj,200,20009,97,0.6676,0.7602,0
mnist_proj,200,20009,98,0.6676,0.7985,0
mnist_proj,200,20009,99,0.6676,0.7781,0
mnist_proj,200,20009,100,0.6676,0.7908,0
mnist_proj,200,20009,101,0.6676,0.7755,0
mnist_proj,200,20009,102,0.6676,0.8265,0
mnist_proj,200,20009,103,0.6676,0.7781,0
mnist_proj,200,20009,104,0.6676,0.8163,0
mnist_proj,200,20009,105,0.6676,0.7985,0
mnist_proj,200,20009,106,0.6676,0.7474,0
mnist_proj,200,20009,107,0.6676,0.7832,0
mnist_proj,200,20009,108,0.6676,0.7398,0
mnist_proj,200,20009,109,0.6676,0.7704,0
mnist_proj,200,20009,110,0.6676,0.8087,0
mnist_proj,200,20009,111,0.6676,0.8163,0
mnist_proj,200,20009,112,0.6676,0.7653,0
mnist_proj,200,20009,113,0.6676,0.8291,0
mnist_proj,200,20009,114,0.6676,0.7959,0
mnist_proj,200,20009,115,0.6676,0.7755,0
mnist_proj,200,20009,116,0.6676,0.8010,0
mnist_proj,200,20009,117,0.6676,0.8316,0
mnist_proj,200,20009,118,0.6676,0.7679,0
mnist_proj,200,20009,119,0.6676,0.7959,0
mnist_proj,200,20009,120,0.6676,0.7704,0
mnist_proj,200,20009,121,0.6676,0.8214,0
mnist_proj,200,20009,122,0.6676,0.8316,0
mnist_proj,200,20009,123,0.6676,0.8087,0
mnist_proj,200,20009,124,0.6676,0.8112,0
mnist_proj,200,20009,125,0.6676,0.7755,0
mnist_proj,200,20009,126,0.6676,0.8087,0
mnist_proj,200,20009,127,0.6676,0.8189,0
mnist_proj,200,20009,128,0.6676,0.7959,0
mnist_proj,200,20009,129,0.6676,0.7985,0
mnist_proj,200,20009,130,0.6676,0.8036,0
mnist_proj,200,20009,131,0.6676,0.7781,0
mnist_proj,200,20009,132,0.6676,0.7781,0
mnist_proj,200,20009,133,0.6676,0.7602,0
mnist_proj,200,20009,134,0.6676,0.8010,0
mnist_proj,200,20009,135,0.6676,0.7781,0
mnist_proj,200,20009,136,0.6676,0.7704,0
mnist_proj,200,20009,137,0.6676,0.7704,0
mnist_proj,200,20009,138,0.6676,0.8316,0
mnist_proj,200,20009,139,0.6676,0.7730,0
mnist_proj,200,20009,140,0.6676,0.8265,0
mnist_proj,200,20009,141,0.6676,0.7832,0
mnist_proj,200,20009,142,0.6676,0.7985,0
mnist_proj,200,20009,143,0.6676,0.7857,0
mnist_proj,200,20009,144,0.6676,0.8138,0
mnist_proj,200,20009,145,0.6676,0.8342,0
mnist_proj,200,20009,146,0.6676,0.8189,0
mnist_proj,200,20009,147,0.6676,0.8214,0
mnist_proj,200,20009,148,0.6676,0.7959,0
mnist_proj,200,20009,149,0.6676,0.7934,0
mnist_proj,200,20009,150,0.6676,0.8087,0
mnist_proj,200,20009,151,0.6676,0.7959,0
mnist_proj,200,20009,152,0.6676,0.8036,0
mnist_proj,200,20009,153,0.6676,0.8163,0
mnist_proj,200,20009,154,0.6676,0.8189,0
mnist_proj,200,20009,155,0.6676,0.8393,0
mnist_proj,200,20009,156,0.6676,0.7985,0
mnist_proj,200,20009,157,0.6676,0.7704,0
mnist_proj,200,20009,158,0.6676,0.8061,0
mnist_proj,200,20009,159,0.6676,0.7806,0
mnist_proj,200,20009,160,0.6676,0.8291,0
mnist_proj,200,20009,161,0.6676,0.8214,0
mnist_proj,200,20009,162,0.6676,0.8571,0
mnist_proj,200,20009,163,0.6676,0.7551,0
mnist_proj,200,20009,164,0.6676,0.7526,0
mnist_proj,200,20009,165,0.6676,0.7653,0
mnist_proj,200,20009,166,0.6676,0.8189,0
mnist_proj,200,20009,167,0.6676,0.7857,0
mnist_proj,200,20009,168,0.6676,0.7704,0
mnist_proj,200,20009,169,0.6676,0.8367,0
mnist_proj,200,20009,170,0.6676,0.8112,0
mnist_proj,200,20009,171,0.6676,0.8163,0
mnist_proj,200,20009,172,0.6676,0.7908,0
mnist_proj,200,20009,173,0.6676,0.7934,0
mnist_proj,200,20009,174,0.6676,0.8495,0
mnist_proj,200,20009,175,0.6676,0.7551,0
mnist_proj,200,20009,176,0.6676,0.7908,0
mnist_proj,200,20009,177,0.6676,0.8112,0
mnist_proj,200,20009,178,0.6676,0.7628,0
mnist_proj,200,20009,179,0.6676,0.7474,0
mnist_proj,200,20009,180,0.6676,0.7679,0
mnist_proj,200,20009,181,0.6676,0.8138,0
mnist_proj,200,20009,182,0.6676,0.8342,0
mnist_proj,200,20009,183,0.6676,0.7551,0
mnist_proj,200,20009,184,0.6676,0.8189,0
mnist_proj,200,20009,185,0.6676,0.7806,0
mnist_proj,200,20009,186,0.6676,0.8087,0
mnist_proj,200,20009,187,0.6676,0.7551,0
mnist_proj,200,20009,188,0.6676,0.7628,0
mnist_proj,200,20009,189,0.6676,0.8163,0
mnist_proj,200,20009,190,0.6676,0.8087,0
mnist_proj,200,20009,191,0.6676,0.7908,0
mnist_proj,200,20009,192,0.6676,0.8087,0
mnist_proj,200,20009,193,0.6676,0.8138,0
mnist_proj,200,20009,194,0.6676,0.7806,0
mnist_proj,200,20009,195,0.6676,0.8265,0
mnist_proj,200,20009,196,0.6676,0.7934,0
mnist_proj,200,20009,197,0.6676,0.7730,0
mnist_proj,200,20009,198,0.6676,0.8265,0
mnist_proj,200,20009,199,0.6676,0.7347,0
random_proj,200,20009,0,-0.0002,1.0000,1
random_proj,200,20009,1,-0.0002,1.0000,1
random_proj,200,20009,2,-0.0002,1.0000,1
random_proj,200,20009,3,-0.0002,1.0000,1
random_proj,200,20009,4,-0.0002,1.0000,1
random_proj,200,20009,5,-0.0002,1.0000,1
random_proj,200,20009,6,-0.0002,0.8597,0
random_proj,200,20009,7,-0.0002,1.0000,1
random_proj,200,20009,8,-0.0002,1.0000,1
random_proj,200,20009,9,-0.0002,1.0000,1
random_proj,200,20009,10,-0.0002,1.0000,1
random_proj,200,20009,11,-0.0002,1.0000,1
random_proj,200,20009,12,-0.0002,1.0000,1
random_proj,200,20009,13,-0.0002,1.0000,1
random_proj,200,20009,14,-0.0002,1.0000,1
random_proj,200,20009,15,-0.0002,1.0000,1
random_proj,200,20009,16,-0.0002,1.0000,1
random_proj,200,20009,17,-0.0002,1.0000,1
random_proj,200,20009,18,-0.0002,1.0000,1
random_proj,200,20009,19,-0.0002,1.0000,1
random_proj,200,20009,20,-0.0002,1.0000,1
random_proj,200,20009,21,-0.0002,1.0000,1
random_proj,200,20009,22,-0.0002,1.0000,1
random_proj,200,20009,23,-0.0002,1.0000,1
random_proj,200,20009,24,-0.0002,1.0000,1
random_proj,200,20009,25,-0.0002,1.0000,1
random_proj,200,20009,26,-0.0002,1.0000,1
random_proj,200,20009,27,-0.0002,1.0000,1
random_proj,200,20009,28,-0.0002,1.0000,1
random_proj,200,20009,29,-0.0002,1.0000,1
random_proj,200,20009,30,-0.0002,1.0000,1
random_proj,200,20009,31,-0.0002,1.0000,1
random_proj,200,20009,32,-0.0002,1.0000,1
random_proj,200,20009,33,-0.0002,1.0000,1
random_proj,200,20009,34,-0.0002,1.0000,1
random_proj,200,20009,35,-0.0002,1.0000,1
random_proj,200,20009,36,-0.0002,1.0000,1
random_proj,200,20009,37,-0.0002,1.0000,1
random_proj,200,20009,38,-0.0002,1.0000,1
random_proj,200,20009,39,-0.0002,1.0000,1
random_proj,200,20009,40,-0.0002,1.0000,1
random_proj,200,20009,41,-0.0002,1.0000,1
random_proj,200,20009,42,-0.0002,1.0000,1
random_proj,200,20009,43,-0.0002,1.0000,1
random_proj,200,20009,44,-0.0002,1.0000,1
random_proj,200,20009,45,-0.0002,1.0000,1
random_proj,200,20009,46,-0.0002,1.0000,1
random_proj,200,20009,47,-0.0002,1.0000,1
random_proj,200,20009,48,-0.0002,1.0000,1
random_proj,200,20009,49,-0.0002,1.0000,1
random_proj,200,20009,50,-0.0002,1.0000,1
random_proj,200,20009,51,-0.0002,1.0000,1
random_proj,200,20009,52,-0.0002,1.0000,1
random_proj,200,20009,53,-0.0002,1.0000,1
random_proj,200,20009,54,-0.0002,1.0000,1
random_proj,200,20009,55,-0.0002,1.0000,1
random_proj,200,20009,56,-0.0002,1.0000,1
random_proj,200,20009,57,-0.0002,1.0000,1
random_proj,200,20009,58,-0.0002,1.0000,1
random_proj,200,20009,59,-0.0002,1.0000,1
random_proj,200,20009,60,-0.0002,1.0000,1
random_proj,200,20009,61,-0.0002,1.0000,1
random_proj,200,20009,62,-0.0002,1.0000,1
random_proj,200,20009,63,-0.0002,1.0000,1
random_proj,200,20009,64,-0.0002,1.0000,1
random_proj,200,20009,65,-0.0002,1.0000,1
random_proj,200,20009,66,-0.0002,1.0000,1
random_proj,200,20009,67,-0.0002,1.0000,1
random_proj,200,20009,68,-0.0002,1.0000,1
random_proj,200,20009,69,-0.0002,1.0000,1
random_proj,200,20009,70,-0.0002,1.0000,1
random_proj,200,20009,71,-0.0002,1.0000,1
random_proj,200,20009,72,-0.0002,1.0000,1
random_proj,200,20009,73,-0.0002,1.0000,1
random_proj,200,20009,74,-0.0002,1.0000,1
random_proj,200,20009,75,-0.0002,1.0000,1
random_proj,200,20009,76,-0.0002,1.0000,1
random_proj,200,20009,77,-0.0002,1.0000,1
random_proj,200,20009,78,-0.0002,1.0000,1
random_proj,200,20009,79,-0.0002,1.0000,1
random_proj,200,20009,80,-0.0002,1.0000,1
random_proj,200,20009,81,-0.0002,1.0000,1
random_proj,200,20009,82,-0.0002,1.0000,1
random_proj,200,20009,83,-0.0002,1.0000,1
random_proj,200,20009,84,-0.0002,1.0000,1
random_proj,200,20009,85,-0.0002,1.0000,1
random_proj,200,20009,86,-0.0002,1.0000,1
random_proj,200,20009,87,-0.0002,1.0000,1
random_proj,200,20009,88,-0.0002,1.0000,1
random_proj,200,20009,89,-0.0002,1.0000,1
random_proj,200,20009,90,-0.0002,1.0000,1
random_proj,200,20009,91,-0.0002,1.0000,1
random_proj,200,20009,92,-0.0002,1.0000,1
random_proj,200,20009,93,-0.0002,1.0000,1
random_proj,200,20009,94,-0.0002,1.0000,1
random_proj,200,20009,95,-0.0002,1.0000,1
random_proj,200,20009,96,-0.0002,1.0000,1
random_proj,200,20009,97,-0.0002,0.8316,0
random_proj,200,20009,98,-0.0002,1.0000,1
random_proj,200,20009,99,-0.0002,1.0000,1
random_proj,200,20009,100,-0.0002,1.0000,1
random_proj,200,20009,101,-0.0002,1.0000,1
random_proj,200,20009,102,-0.0002,1.0000,1
random_proj,200,20009,103,-0.0002,1.0000,1
random_proj,200,20009,104,-0.0002,1.0000,1
random_proj,200,20009,105,-0.0002,1.0000,1
random_proj,200,20009,106,-0.0002,1.0000,1
random_proj,200,20009,107,-0.0002,1.0000,1
random_proj,200,20009,108,-0.0002,1.0000,1
random_proj,200,20009,109,-0.0002,1.0000,1
random_proj,200,20009,110,-0.0002,1.0000,1
random_proj,200,20009,111,-0.0002,1.0000,1
random_proj,200,20009,112,-0.0002,1.0000,1
random_proj,200,20009,113,-0.0002,1.0000,1
random_proj,200,20009,114,-0.0002,1.0000,1
random_proj,200,20009,115,-0.0002,1.0000,1
random_proj,200,20009,116,-0.0002,1.0000,1
random_proj,200,20009,117,-0.0002,1.0000,1
random_proj,200,20009,118,-0.0002,1.0000,1
random_proj,200,20009,119,-0.0002,1.0000,1
random_proj,200,20009,120,-0.0002,1.0000,1
random_proj,200,20009,121,-0.0002,1.0000,1
random_proj,200,20009,122,-0.0002,1.0000,1
random_proj,200,20009,123,-0.0002,1.0000,1
random_proj,200,20009,124,-0.0002,1.0000,1
random_proj,200,20009,125,-0.0002,1.0000,1
random_proj,200,20009,126,-0.0002,1.0000,1
random_proj,200,20009,127,-0.0002,1.0000,1
random_proj,200,20009,128,-0.0002,1.0000,1
random_proj,200,20009,129,-0.0002,1.0000,1
random_proj,200,20009,130,-0.0002,1.0000,1
random_proj,200,20009,131,-0.0002,1.0000,1
random_proj,200,20009,132,-0.0002,1.0000,1
random_proj,200,20009,133,-0.0002,1.0000,1
random_proj,200,20009,134,-0.0002,1.0000,1
random_proj,200,20009,135,-0.0002,1.0000,1
random_proj,200,20009,136,-0.0002,1.0000,1
random_proj,200,20009,137,-0.0002,1.0000,1
random_proj,200,20009,138,-0.0002,1.0000,1
random_proj,200,20009,139,-0.0002,1.0000,1
random_proj,200,20009,140,-0.0002,1.0000,1
random_proj,200,20009,141,-0.0002,1.0000,1
random_proj,200,20009,142,-0.0002,1.0000,1
random_proj,200,20009,143,-0.0002,1.0000,1
random_proj,200,20009,144,-0.0002,1.0000,1
random_proj,200,20009,145,-0.0002,1.0000,1
random_proj,200,20009,146,-0.0002,1.0000,1
random_proj,200,20009,147,-0.0002,1.0000,1
random_proj,200,20009,148,-0.0002,1.0000,1
random_proj,200,20009,149,-0.0002,1.0000,1
random_proj,200,20009,150,-0.0002,1.0000,1
random_proj,200,20009,151,-0.0002,1.0000,1
random_proj,200,20009,152,-0.0002,0.8597,0
random_proj,200,20009,153,-0.0002,1.0000,1
random_proj,200,20009,154,-0.0002,1.0000,1
random_proj,200,20009,155,-0.0002,1.0000,1
random_proj,200,20009,156,-0.0002,1.0000,1
random_proj,200,20009,157,-0.0002,1.0000,1
random_proj,200,20009,158,-0.0002,1.0000,1
random_proj,200,20009,159,-0.0002,1.0000,1
random_proj,200,20009,160,-0.0002,1.0000,1
random_proj,200,20009,161,-0.0002,1.0000,1
random_proj,200,20009,162,-0.0002,1.0000,1
random_proj,200,20009,163,-0.0002,1.0000,1
random_proj,200,20009,164,-0.0002,1.0000,1
random_proj,200,20009,165,-0.0002,1.0000,1
random_proj,200,20009,166,-0.0002,1.0000,1
random_proj,200,20009,167,-0.0002,1.0000,1
random_proj,200,20009,168,-0.0002,1.0000,1
random_proj,200,20009,169,-0.0002,1.0000,1
random_proj,200,20009,170,-0.0002,1.0000,1
random_proj,200,20009,171,-0.0002,1.0000,1
random_proj,200,20009,172,-0.0002,1.0000,1
random_proj,200,20009,173,-0.0002,1.0000,1
random_proj,200,20009,174,-0.0002,1.0000,1
random_proj,200,20009,175,-0.0002,1.0000,1
random_proj,200,20009,176,-0.0002,1.0000,1
random_proj,200,20009,177,-0.0002,1.0000,1
random_proj,200,20009,178,-0.0002,1.0000,1
random_proj,200,20009,179,-0.0002,1.0000,1
random_proj,200,20009,180,-0.0002,1.0000,1
random_proj,200,20009,181,-0.0002,1.0000,1
random_proj,200,20009,182,-0.0002,1.0000,1
random_proj,200,20009,183,-0.0002,1.0000,1
random_proj,200,20009,184,-0.0002,0.8750,0
random_proj,200,20009,185,-0.0002,1.0000,1
random_proj,200,20009,186,-0.0002,1.0000,1
random_proj,200,20009,187,-0.0002,1.0000,1
random_proj,200,20009,188,-0.0002,1.0000,1
random_proj,200,20009,189,-0.0002,1.0000,1
random_proj,200,20009,190,-0.0002,1.0000,1
random_proj,200,20009,191,-0.0002,1.0000,1
random_proj,200,20009,192,-0.0002,1.0000,1
random_proj,200,20009,193,-0.0002,1.0000,1
random_proj,200,20009,194,-0.0002,1.0000,1
random_proj,200,20009,195,-0.0002,1.0000,1
random_proj,200,20009,196,-0.0002,1.0000,1
random_proj,200,20009,197,-0.0002,1.0000,1
random_proj,200,20009,198,-0.0002,1.0000,1
random_proj,200,20009,199,-0.0002,1.0000,1
